job_id,horizon,period,demand_period,status,gap,solver_seconds,model_wall_seconds,variables,binary_variables,constraints
h4_day01,4,0,True,optimal,0.0,0.15999984741210938,0.30714350001653656,4389,2139,12379
h4_day01,4,1,True,optimal,0.0,0.11400032043457031,0.26516179999453016,4570,2320,14792
h4_day01,4,2,True,optimal,0.0,0.2310009002685547,0.36288790000253357,4557,2307,12581
h4_day01,4,3,True,optimal,0.0,0.029001235961914062,0.17425559999537654,4463,2213,14666
h4_day01,4,4,True,optimal,0.0,0.12600135803222656,0.2601896999985911,4471,2221,12474
h4_day01,4,5,True,optimal,0.0,0.024000167846679688,0.16470470000058413,4477,2227,14679
h4_day01,4,6,True,optimal,0.0,0.12100028991699219,0.2550943000242114,4492,2242,12498
h4_day01,4,7,True,optimal,0.0,0.03700065612792969,0.18079240000224672,4576,2326,14799
h4_day01,4,8,True,optimal,0.0,0.11700057983398438,0.24636990000726655,4524,2274,12535
h4_day01,4,9,True,optimal,0.0,0.029001235961914062,0.16674159999820404,4477,2227,14668
h4_day01,4,10,True,optimal,0.0,0.17300033569335938,0.3059839000052307,4450,2200,12427
h4_day01,4,11,True,optimal,0.0,0.020999908447265625,0.16134759999113157,4449,2199,14626
h4_day01,4,12,True,optimal,0.0,0.0989990234375,0.23131289999582805,4429,2179,12373
h4_day01,4,13,True,optimal,0.0,0.023000717163085938,0.16273770001134835,4471,2221,14613
h4_day01,4,14,True,optimal,0.0,0.11400032043457031,0.24484209998627193,4514,2264,12476
h4_day01,4,15,True,optimal,0.0,0.029001235961914062,0.16609210000024177,4476,2226,14584
h4_day01,4,16,True,optimal,0.0,0.12400054931640625,0.26628029998391867,4483,2233,12413
h4_day01,4,17,True,optimal,0.0,0.03099822998046875,0.17291339999064803,4493,2243,14559
h4_day01,4,18,True,optimal,0.0,0.12299919128417969,0.25673269998515025,4467,2217,12325
h4_day01,4,19,True,optimal,0.0,0.035999298095703125,0.21613539999816567,4535,2285,14561
h4_day01,4,20,True,optimal,0.0,0.1359996795654297,0.2663899000035599,4553,2303,12427
h4_day01,4,21,True,optimal,0.0,0.07600021362304688,0.21448369999416173,4516,2266,14453
h4_day01,4,22,True,optimal,0.0,0.10699844360351562,0.23453689998132177,4405,2155,12180
h4_day01,4,23,True,optimal,0.0,0.024000167846679688,0.15828779997536913,4419,2169,14286
h4_day01,4,24,True,optimal,0.0,0.10799980163574219,0.250987699982943,4420,2170,12161
h4_day01,4,25,True,optimal,0.0,0.020000457763671875,0.15928160000476055,4332,2082,14133
h4_day01,4,26,True,optimal,0.0,0.09400177001953125,0.21870689999195747,4333,2083,12021
h4_day01,4,27,True,optimal,0.0,0.02899932861328125,0.1870039000059478,4409,2159,14221
h4_day01,4,28,True,optimal,0.0,0.12399864196777344,0.24606520001543686,4480,2230,12195
h4_day01,4,29,True,optimal,0.0,0.035999298095703125,0.196131200005766,4526,2276,14355
h4_day01,4,30,True,optimal,0.0,0.1490001678466797,0.2985538000066299,4561,2311,12278
h4_day01,4,31,True,optimal,0.0,0.05299949645996094,0.21727330001886003,4585,2335,14380
h4_day01,4,32,True,optimal,0.0,0.12000083923339844,0.24593189998995513,4437,2187,12111
h4_day01,4,33,True,optimal,0.0,0.034000396728515625,0.19315010000718758,4492,2242,14280
h4_day01,4,34,True,optimal,0.0,0.1359996795654297,0.26742590000503697,4628,2378,12350
h4_day01,4,35,True,optimal,0.0,0.11199951171875,0.30322469997918233,4825,2575,14684
h4_day01,4,36,True,optimal,0.0,0.18600082397460938,0.3284319000085816,4916,2666,12675
h4_day01,4,37,True,optimal,0.0,0.069000244140625,0.2579896000097506,4714,2464,14482
h4_day01,4,38,True,optimal,0.0,0.1569995880126953,0.30117190000601113,4797,2547,12493
h4_day01,4,39,True,optimal,0.0,0.08099937438964844,0.253810499998508,4882,2632,14607
h4_day01,4,40,True,optimal,0.0,0.1849994659423828,0.32271229999605566,5199,2949,12922
h4_day01,4,41,True,optimal,0.0,0.12900161743164062,0.3058360999857541,5392,3142,15168
h4_day01,4,42,True,optimal,0.0,0.2180004119873047,0.35871709999628365,5318,3068,12872
h4_day01,4,43,True,optimal,0.0,0.17399978637695312,0.3472730000212323,5365,3115,14918
h4_day01,4,44,True,optimal,0.0,0.18000030517578125,0.3130463999987114,5133,2883,12534
h4_day01,4,45,True,optimal,0.0,0.11600112915039062,0.2600858999940101,5162,2912,14504
h4_day01,4,46,True,optimal,0.0,0.19700050354003906,0.32568979999632575,4927,2677,12181
h4_day01,4,47,True,optimal,0.0,0.1270008087158203,0.2582706999965012,5014,2764,14119
h4_day01,4,48,True,optimal,0.0,0.23699951171875,0.37191519999760203,5408,3158,12681
h4_day01,4,49,True,optimal,0.0,0.18400001525878906,0.3520122000190895,5796,3546,15046
h4_day01,4,50,True,optimal,0.0,0.292999267578125,0.431517699995311,5758,3508,12999
h4_day01,4,51,True,optimal,0.0,0.17600059509277344,0.3206344999780413,5578,3328,14598
h4_day01,4,52,True,optimal,0.0,0.3000011444091797,0.4733946000051219,5537,3287,12497
h4_day01,4,53,True,optimal,0.0,0.16400146484375,0.30166519997874275,5461,3211,14181
h4_day01,4,54,True,optimal,0.0,0.1919994354248047,0.3390961000113748,5131,2881,11757
h4_day01,4,55,True,optimal,0.0,0.167999267578125,0.3064565000240691,5386,3136,13606
h4_day01,4,56,True,optimal,0.0,0.23600006103515625,0.3671260999981314,5489,3239,11982
h4_day01,4,57,True,optimal,0.0,0.13399887084960938,0.27059379999991506,5252,3002,13156
h4_day01,4,58,True,optimal,0.0,0.2049999237060547,0.34033419998013414,4938,2688,11120
h4_day01,4,59,True,optimal,0.0,0.12199974060058594,0.25396750000072643,5273,3023,13022
h4_day01,4,60,True,optimal,0.0,0.2479991912841797,0.41985820000991225,5243,2993,11385
h4_day01,4,61,True,optimal,0.0,0.13500022888183594,0.2650201999931596,5408,3158,13105
h4_day01,4,62,True,optimal,0.0,0.18600082397460938,0.3608210000093095,5370,3120,11459
h4_day01,4,63,True,optimal,0.0,0.12100028991699219,0.24687050000648014,5505,3255,13086
h4_day01,4,64,True,optimal,0.0,0.220001220703125,0.34167229998274706,5480,3230,11459
h4_day01,4,65,True,optimal,0.0,0.13699913024902344,0.2946549999760464,5285,3035,12578
h4_day01,4,66,True,optimal,0.0,0.20800018310546875,0.3421862999966834,5285,3035,11004
h4_day01,4,67,True,optimal,0.0,0.18899917602539062,0.31398609999450855,5302,3052,12396
h4_day01,4,68,True,optimal,0.0,0.2980003356933594,0.42993810001644306,5328,3078,10901
h4_day01,4,69,True,optimal,8.586063471811045e-05,0.1620006561279297,0.2880806000030134,5358,3108,12221
h4_day01,4,70,True,optimal,0.0,0.1660003662109375,0.278554400021676,5050,2800,10321
h4_day01,4,71,True,optimal,0.0,0.082000732421875,0.208221400011098,5366,3116,11954
h4_day01,4,72,True,optimal,0.0,0.14699935913085938,0.26435710000805557,5640,3390,10898
h4_day01,4,73,True,optimal,0.0,0.08800125122070312,0.2039400000066962,5449,3199,11720
h4_day01,4,74,True,optimal,0.0,0.1399993896484375,0.26394870001240633,5192,2942,10066
h4_day01,4,75,True,optimal,0.0,0.10400009155273438,0.22012349998112768,5029,2779,11018
h4_day01,4,76,True,optimal,0.0,0.14500045776367188,0.2496337000047788,5131,2881,9662
h4_day01,4,77,True,optimal,0.0,0.08900070190429688,0.24310540000442415,5125,2875,10623
h4_day01,4,78,True,optimal,0.0,0.12199974060058594,0.23308440000982955,5285,3035,9648
h4_day01,4,79,True,optimal,0.0,0.0540008544921875,0.16784009998082183,4993,2743,10139
h4_day01,4,80,True,optimal,0.0,0.07999992370605469,0.17010330001357943,4548,2298,8371
h4_day01,4,81,True,optimal,0.0,0.04500007629394531,0.13616049999836832,4442,2192,9021
h4_day01,4,82,True,optimal,0.0,0.06699943542480469,0.1505988000135403,4296,2046,7690
h4_day01,4,83,True,optimal,0.0,0.0279998779296875,0.11815160000696778,4590,2340,8750
h4_day01,4,84,True,optimal,0.0,0.06299972534179688,0.2278705000062473,4532,2282,7740
h4_day01,4,85,True,optimal,0.0,0.03800010681152344,0.13068160001421347,4672,2422,8534
h4_day01,4,86,True,optimal,0.0,0.062000274658203125,0.14977620000718161,4481,2231,7458
h4_day01,4,87,True,optimal,0.0,0.0279998779296875,0.11211290000937879,4549,2299,7964
h4_day01,4,88,True,optimal,0.0,0.055999755859375,0.19106599999940954,4431,2181,6994
h4_day01,4,89,True,optimal,0.0,0.025999069213867188,0.08784089999971911,3965,1715,6474
h4_day01,4,90,True,optimal,0.0,0.04500007629394531,0.11606400000164285,4097,1847,6018
h4_day01,4,91,True,optimal,0.0,0.04400062561035156,0.11261609999928623,4037,1787,6328
h4_day01,4,92,True,optimal,0.0,0.03600120544433594,0.0931918999995105,3666,1416,5215
h4_day01,4,93,True,optimal,0.0,0.01399993896484375,0.07361939997645095,3356,1106,4985
h4_day01,4,94,True,optimal,0.0,0.009000778198242188,0.05625369999324903,3115,865,4139
h4_day01,4,95,True,optimal,0.0,0.016000747680664062,0.06682459998410195,3251,1001,4482
h4_day01,4,96,False,optimal,0.0,0.017000198364257812,0.06549740000627935,3170,920,4078
h4_day01,4,97,False,optimal,0.0,0.015001296997070312,0.06587140000192448,2947,697,3944
h4_day01,4,98,False,optimal,0.0,0.0410003662109375,0.0804354999854695,2753,503,3370
h4_day01,4,99,False,optimal,0.0,0.0410003662109375,0.07808119998662733,2584,334,3165
h4_day01,4,100,False,optimal,0.0,0.0149993896484375,0.050507100007962435,2599,349,3000
h4_day01,4,101,False,optimal,0.0,0.01300048828125,0.0506320999993477,2626,376,3119
h4_day01,4,102,False,optimal,0.0,0.0030002593994140625,0.039014300011331216,2523,273,2855
h4_day01,4,103,False,optimal,0.0,0.006000518798828125,0.03468609999981709,2466,216,2808
h4_day01,4,104,False,optimal,0.0,0.006000518798828125,0.038202299998374656,2387,137,2662
h4_day01,4,105,False,optimal,0.0,0.0030002593994140625,0.030409500002861023,2279,29,2405
h4_day01,4,106,False,optimal,0.0,0.0039997100830078125,0.03207119999569841,2300,50,2408
h4_day01,4,107,False,optimal,0.0,0.0019989013671875,0.032336899981601164,2300,50,2430
h4_day01,4,108,False,optimal,0.0,0.007999420166015625,0.032104099984280765,2299,49,2407
h4_day01,4,109,False,optimal,0.0,0.0,0.03308389999438077,2278,28,2404
h4_day01,4,110,False,optimal,0.0,0.0030002593994140625,0.03483349998714402,2275,25,2351
h4_day01,4,111,False,optimal,0.0,0.0020008087158203125,0.03707900000154041,2296,46,2387
h4_day01,4,112,False,optimal,0.0,0.0030002593994140625,0.03374919999623671,2296,46,2376
h4_day01,4,113,False,optimal,0.0,0.0030002593994140625,0.031044600007589906,2295,45,2386
h4_day01,4,114,False,optimal,0.0,0.0030002593994140625,0.028691799991065636,2274,24,2350
h4_day37,4,0,True,optimal,0.0,0.1510009765625,0.28853869999875315,4364,2114,12284
h4_day37,4,1,True,optimal,0.0,0.033000946044921875,0.18934659997466952,4491,2241,14633
h4_day37,4,2,True,optimal,0.0,0.16699981689453125,0.3000262000132352,4480,2230,12415
h4_day37,4,3,True,optimal,0.0,0.047000885009765625,0.18870420000166632,4526,2276,14670
h4_day37,4,4,True,optimal,0.0,0.09199905395507812,0.21693160000722855,4341,2091,12255
h4_day37,4,5,True,optimal,0.0,0.030000686645507812,0.16319090002798475,4427,2177,14557
h4_day37,4,6,True,optimal,0.0,0.1400012969970703,0.2712081999925431,4425,2175,12356
h4_day37,4,7,True,optimal,0.0,0.062000274658203125,0.1921654000179842,4482,2232,14621
h4_day37,4,8,True,optimal,0.0,0.09299850463867188,0.21104520000517368,4436,2186,12366
h4_day37,4,9,True,optimal,0.0,0.018999099731445312,0.14491940001607873,4437,2187,14560
h4_day37,4,10,True,optimal,0.0,0.09600067138671875,0.21408410000731237,4420,2170,12338
h4_day37,4,11,True,optimal,0.0,0.060001373291015625,0.1966756999900099,4484,2234,14615
h4_day37,4,12,True,optimal,0.0,0.10000038146972656,0.22145710000768304,4440,2190,12354
h4_day37,4,13,True,optimal,0.0,0.024000167846679688,0.15001119999215007,4426,2176,14497
h4_day37,4,14,True,optimal,0.0,0.14100074768066406,0.25939009999274276,4493,2243,12388
h4_day37,4,15,True,optimal,0.0,0.024999618530273438,0.15432760000112467,4441,2191,14478
h4_day37,4,16,True,optimal,0.0,0.09799957275390625,0.21502000000327826,4363,2113,12208
h4_day37,4,17,True,optimal,0.0,0.048999786376953125,0.17727449999074452,4333,2083,14309
h4_day37,4,18,True,optimal,0.0,0.11899948120117188,0.2348385999794118,4353,2103,12164
h4_day37,4,19,True,optimal,0.0,0.023000717163085938,0.14782309997826815,4389,2139,14367
h4_day37,4,20,True,optimal,0.0,0.11299896240234375,0.23932940000668168,4465,2215,12289
h4_day37,4,21,True,optimal,0.0,0.03899955749511719,0.17021049998584203,4511,2261,14510
h4_day37,4,22,True,optimal,0.0,0.10700035095214844,0.22649939998518676,4475,2225,12302
h4_day37,4,23,True,optimal,0.0,0.0260009765625,0.16601290000835434,4423,2173,14364
h4_day37,4,24,True,optimal,0.0,0.09399986267089844,0.21342489999369718,4353,2103,12127
h4_day37,4,25,True,optimal,0.0,0.033000946044921875,0.18588889998500235,4411,2161,14315
h4_day37,4,26,True,optimal,0.0,0.10600090026855469,0.22456310002598912,4412,2162,12169
h4_day37,4,27,True,optimal,0.0,0.03600120544433594,0.17314699999406002,4479,2229,14393
h4_day37,4,28,True,optimal,0.0,0.11300086975097656,0.2545663000200875,4473,2223,12239
h4_day37,4,29,True,optimal,0.0,0.03700065612792969,0.17081270000198856,4541,2291,14468
h4_day37,4,30,True,optimal,0.0,0.10399818420410156,0.23725860001286492,4418,2168,12139
h4_day37,4,31,True,optimal,0.0,0.03800010681152344,0.17174840002553537,4556,2306,14437
h4_day37,4,32,True,optimal,0.0,0.1700000762939453,0.29480299999704584,4685,2435,12457
h4_day37,4,33,True,optimal,0.0,0.05299949645996094,0.18761860000086017,4658,2408,14553
h4_day37,4,34,True,optimal,0.0,0.1399993896484375,0.26942110000527464,4741,2491,12489
h4_day37,4,35,True,optimal,0.0,0.07500076293945312,0.20919310001772828,4832,2582,14724
h4_day37,4,36,True,optimal,0.0,0.167999267578125,0.2970537999935914,4882,2632,12653
h4_day37,4,37,True,optimal,0.0,0.11499977111816406,0.28580139999394305,4897,2647,14780
h4_day37,4,38,True,optimal,0.0,0.17099952697753906,0.3004238000139594,5046,2796,12784
h4_day37,4,39,True,optimal,0.0,0.08300018310546875,0.24338700002408586,4974,2724,14754
h4_day37,4,40,True,optimal,0.0,0.14899826049804688,0.27858710000873543,5044,2794,12722
h4_day37,4,41,True,optimal,0.0,0.08800125122070312,0.24898050000774674,5091,2841,14857
h4_day37,4,42,True,optimal,0.0,0.16900062561035156,0.2971747999836225,5138,2888,12762
h4_day37,4,43,True,optimal,0.0,0.11400032043457031,0.2576247999968473,5214,2964,14912
h4_day37,4,44,True,optimal,0.0,0.18599891662597656,0.3212432999862358,5256,3006,12841
h4_day37,4,45,True,optimal,0.0,0.10700035095214844,0.25038599999970756,5293,3043,14917
h4_day37,4,46,True,optimal,5.076921448298763e-09,0.29400062561035156,0.4459980999818072,5483,3233,13099
h4_day37,4,47,True,optimal,0.0,0.7740001678466797,0.9304952000093181,5642,3392,15235
h4_day37,4,48,True,optimal,0.0,0.27499961853027344,0.4113535999786109,5288,3038,12644
h4_day37,4,49,True,optimal,0.0,0.15599822998046875,0.2920390000217594,5299,3049,14561
h4_day37,4,50,True,optimal,0.0,0.21500015258789062,0.3452953000087291,5302,3052,12510
h4_day37,4,51,True,optimal,0.0,0.1360015869140625,0.27943940000841394,5609,3359,14772
h4_day37,4,52,True,optimal,0.0,0.18700027465820312,0.3597234000044409,5578,3328,12801
h4_day37,4,53,True,optimal,0.0,0.10899925231933594,0.24652260000584647,5535,3285,14649
h4_day37,4,54,True,optimal,0.0,0.18899917602539062,0.3191750999831129,5411,3161,12516
h4_day37,4,55,True,optimal,0.0,0.11899948120117188,0.25253639998845756,5403,3153,14182
h4_day37,4,56,True,optimal,0.0,0.20600128173828125,0.3359063999960199,5631,3381,12600
h4_day37,4,57,True,optimal,0.0,0.1770000457763672,0.3526620000193361,5875,3625,14627
h4_day37,4,58,True,optimal,0.0,0.25,0.3933357000059914,5524,3274,12137
h4_day37,4,59,True,optimal,0.0,0.12399864196777344,0.25694429999566637,5371,3121,13667
h4_day37,4,60,True,optimal,0.0,0.2160015106201172,0.34143670002231374,5476,3226,11948
h4_day37,4,61,True,optimal,0.0,0.141998291015625,0.2703564999974333,4976,2726,12839
h4_day37,4,62,True,optimal,8.452480017348363e-10,0.21399879455566406,0.33024579999619164,5034,2784,11162
h4_day37,4,63,True,optimal,0.0,0.15900039672851562,0.28662359999725595,5227,2977,12952
h4_day37,4,64,True,optimal,0.0,0.23000144958496094,0.351907400006894,5370,3120,11411
h4_day37,4,65,True,optimal,0.0,0.18400001525878906,0.3247150999959558,5498,3248,13032
h4_day37,4,66,True,optimal,0.0,0.21300125122070312,0.3339470000064466,5127,2877,10930
h4_day37,4,67,True,optimal,9.654764881403524e-11,0.1639995574951172,0.2814723000046797,5218,2968,12363
h4_day37,4,68,True,optimal,0.0,0.2350006103515625,0.3491156999953091,5280,3030,10868
h4_day37,4,69,True,optimal,0.0,0.10599899291992188,0.22806550000677817,5210,2960,12069
h4_day37,4,70,True,optimal,0.0,0.21199989318847656,0.3392913999850862,5200,2950,10429
h4_day37,4,71,True,optimal,0.0,0.1509990692138672,0.2837052999821026,5611,3361,12276
h4_day37,4,72,True,optimal,0.0,0.19299888610839844,0.31088579999050125,5235,2985,10311
h4_day37,4,73,True,optimal,0.0,0.09499931335449219,0.21252739999908954,5494,3244,11668
h4_day37,4,74,True,optimal,0.0,0.11100006103515625,0.21817529998952523,5341,3091,10153
h4_day37,4,75,True,optimal,0.0,0.05999946594238281,0.16589260002365336,4997,2747,10585
h4_day37,4,76,True,optimal,0.0,0.10000038146972656,0.18954049999592826,4757,2507,8927
h4_day37,4,77,True,optimal,0.0,0.04300117492675781,0.14218970001093112,4584,2334,9539
h4_day37,4,78,True,optimal,0.0,0.11199951171875,0.20229299998027273,4834,2584,8621
h4_day37,4,79,True,optimal,0.0,0.06199836730957031,0.15310130000580102,4600,2350,9192
h4_day37,4,80,True,optimal,0.0,0.09600067138671875,0.1878963999915868,4756,2506,8357
h4_day37,4,81,True,optimal,0.0,0.033000946044921875,0.12572549999458715,4904,2654,9342
h4_day37,4,82,True,optimal,0.0,0.0670013427734375,0.15601479998440482,4877,2627,8152
h4_day37,4,83,True,optimal,0.0,0.03299903869628906,0.11652780001168139,4479,2229,8262
h4_day37,4,84,True,optimal,0.0,0.0839996337890625,0.162021799973445,4330,2080,7159
h4_day37,4,85,True,optimal,0.0,0.055999755859375,0.18385010000201873,4354,2104,7642
h4_day37,4,86,True,optimal,0.0,0.10499954223632812,0.18284359999233857,4362,2112,6894
h4_day37,4,87,True,optimal,0.0,0.04500007629394531,0.1203213999979198,3952,1702,6635
h4_day37,4,88,True,optimal,0.0,0.04500007629394531,0.1041696000029333,3561,1311,5455
h4_day37,4,89,True,optimal,0.0,0.016000747680664062,0.07203879998996854,3357,1107,5537
h4_day37,4,90,True,optimal,0.0,0.0279998779296875,0.08182180000585504,3378,1128,4977
h4_day37,4,91,True,optimal,0.0,0.018999099731445312,0.0764437000034377,3559,1309,5402
h4_day37,4,92,True,optimal,0.0,0.03199958801269531,0.09011019999161363,3661,1411,5136
h4_day37,4,93,True,optimal,0.0,0.01399993896484375,0.07453879999229684,3688,1438,5395
h4_day37,4,94,True,optimal,0.0,0.023000717163085938,0.08099759998731315,3733,1483,5114
h4_day37,4,95,True,optimal,0.0,0.0049991607666015625,0.05480869999155402,3210,960,4470
h4_day37,4,96,False,optimal,0.0,0.018999099731445312,0.05931890002102591,2883,633,3723
h4_day37,4,97,False,optimal,0.0,0.0,0.0424316999851726,2693,443,3411
h4_day37,4,98,False,optimal,0.0,0.017000198364257812,0.054943099996307865,2618,368,3132
h4_day37,4,99,False,optimal,0.0,0.0039997100830078125,0.036987700004829094,2556,306,3035
h4_day37,4,100,False,optimal,0.0,0.0039997100830078125,0.040088499983539805,2492,242,2788
h4_day37,4,101,False,optimal,0.0,0.0030002593994140625,0.03290809999452904,2343,93,2568
h4_day37,4,102,False,optimal,0.0,0.0039997100830078125,0.031376900005852804,2347,97,2491
h4_day37,4,103,False,optimal,0.0,0.0030002593994140625,0.033119200001237914,2370,120,2551
h4_day37,4,104,False,optimal,0.0,0.0020008087158203125,0.03277409999282099,2346,96,2462
h4_day37,4,105,False,optimal,0.0,0.006999969482421875,0.030874199990648776,2344,94,2482
h4_day37,4,106,False,optimal,0.0,0.0019989013671875,0.029798700008541346,2300,50,2408
h4_day03,4,0,True,optimal,0.0,0.1770000457763672,0.3203586000017822,4387,2137,12349
h4_day03,4,1,True,optimal,0.0,0.04199981689453125,0.18604159998358227,4526,2276,14709
h4_day03,4,2,True,optimal,0.0,0.2240009307861328,0.3490740999986883,4596,2346,12590
h4_day03,4,3,True,optimal,0.0,0.05900001525878906,0.19615659999544732,4631,2381,14833
h4_day03,4,4,True,optimal,0.0,0.12399864196777344,0.24675029999343678,4502,2252,12480
h4_day03,4,5,True,optimal,0.0,0.031000137329101562,0.16693300000042655,4517,2267,14697
h4_day03,4,6,True,optimal,0.0,0.13500022888183594,0.27915410001878627,4621,2371,12619
h4_day03,4,7,True,optimal,0.0,0.04200172424316406,0.17544320001616143,4604,2354,14795
h4_day03,4,8,True,optimal,0.0,0.11199951171875,0.23623420001240447,4540,2290,12514
h4_day03,4,9,True,optimal,0.0,0.03500175476074219,0.1626756000041496,4464,2214,14626
h4_day03,4,10,True,optimal,0.0,0.08799934387207031,0.20520009999745525,4364,2114,12210
h4_day03,4,11,True,optimal,0.0,0.017000198364257812,0.14583110000239685,4416,2166,14437
h4_day03,4,12,True,optimal,0.0,0.10700035095214844,0.22818439998081885,4439,2189,12297
h4_day03,4,13,True,optimal,0.0,0.05900001525878906,0.188265999982832,4479,2229,14513
h4_day03,4,14,True,optimal,0.0,0.10400009155273438,0.22108309998293407,4433,2183,12269
h4_day03,4,15,True,optimal,0.0,0.035999298095703125,0.16102929998305626,4455,2205,14453
h4_day03,4,16,True,optimal,0.0,0.1270008087158203,0.25031760000274517,4475,2225,12318
h4_day03,4,17,True,optimal,0.0,0.031000137329101562,0.1593373000214342,4412,2162,14392
h4_day03,4,18,True,optimal,0.0,0.09299850463867188,0.23188300000037998,4366,2116,12174
h4_day03,4,19,True,optimal,0.0,0.007999420166015625,0.1362514999927953,4320,2070,14237
h4_day03,4,20,True,optimal,0.0,0.09300041198730469,0.2125944999861531,4290,2040,12026
h4_day03,4,21,True,optimal,0.0,0.009998321533203125,0.13070400001015514,4290,2040,14160
h4_day03,4,22,True,optimal,0.0,0.11400032043457031,0.2459792000008747,4311,2061,12051
h4_day03,4,23,True,optimal,0.0,0.05800056457519531,0.20083730001351796,4372,2122,14258
h4_day03,4,24,True,optimal,0.0,0.15600013732910156,0.2786537999927532,4460,2210,12230
h4_day03,4,25,True,optimal,0.0,0.07300186157226562,0.2004906999936793,4527,2277,14446
h4_day03,4,26,True,optimal,0.0,0.13100051879882812,0.2708064000180457,4524,2274,12268
h4_day03,4,27,True,optimal,0.0,0.04000091552734375,0.1731382999860216,4485,2235,14296
h4_day03,4,28,True,optimal,0.0,0.11499977111816406,0.23500719998264685,4486,2236,12181
h4_day03,4,29,True,optimal,0.0,0.034999847412109375,0.1633068000082858,4437,2187,14193
h4_day03,4,30,True,optimal,0.0,0.1309986114501953,0.25578730000415817,4494,2244,12162
h4_day03,4,31,True,optimal,0.0,0.048999786376953125,0.19895190000534058,4585,2335,14372
h4_day03,4,32,True,optimal,0.0,0.14999961853027344,0.26913620001869276,4491,2241,12153
h4_day03,4,33,True,optimal,0.0,0.03900146484375,0.18588800000725314,4519,2269,14287
h4_day03,4,34,True,optimal,0.0,0.1340007781982422,0.25884409999707714,4626,2376,12314
h4_day03,4,35,True,optimal,0.0,0.06599998474121094,0.1973678999929689,4752,2502,14560
h4_day03,4,36,True,optimal,0.0,0.15900039672851562,0.28321630001300946,4834,2584,12514
h4_day03,4,37,True,optimal,0.0,0.082000732421875,0.2185270999907516,4811,2561,14588
h4_day03,4,38,True,optimal,0.0,0.16499900817871094,0.2941813000070397,4987,2737,12698
h4_day03,4,39,True,optimal,0.0,0.11300086975097656,0.24437300002318807,5129,2879,14953
h4_day03,4,40,True,optimal,0.0,0.20800018310546875,0.3348143999755848,5099,2849,12791
h4_day03,4,41,True,optimal,0.0,0.09300041198730469,0.22708039998542517,4932,2682,14660
h4_day03,4,42,True,optimal,0.0,0.22100067138671875,0.3512492000008933,5070,2820,12680
h4_day03,4,43,True,optimal,0.0,0.17599868774414062,0.32223269998212345,5087,2837,14719
h4_day03,4,44,True,optimal,0.0,0.1960010528564453,0.32023310000658967,5117,2867,12656
h4_day03,4,45,True,optimal,0.0,0.10999870300292969,0.2439328999898862,5102,2852,14599
h4_day03,4,46,True,optimal,0.0,0.19099998474121094,0.3241489000211004,5163,2913,12595
h4_day03,4,47,True,optimal,0.0,0.11999893188476562,0.26454180001746863,5304,3054,14749
h4_day03,4,48,True,optimal,0.0,0.18999862670898438,0.320104899990838,5340,3090,12741
h4_day03,4,49,True,optimal,0.0,0.12199974060058594,0.2631076999823563,5361,3111,14583
h4_day03,4,50,True,optimal,0.0,1.4979991912841797,1.6459462999773677,5482,3232,12726
h4_day03,4,51,True,optimal,0.0,0.27700042724609375,0.45541579998098314,5619,3369,14778
h4_day03,4,52,True,optimal,0.0,0.26199913024902344,0.3998107999796048,5357,3107,12398
h4_day03,4,53,True,optimal,0.0,0.14800071716308594,0.28963220000150613,5495,3245,14277
h4_day03,4,54,True,optimal,0.0,0.2719993591308594,0.41708770001423545,5525,3275,12472
h4_day03,4,55,True,optimal,0.0,0.20800018310546875,0.3477011999930255,5495,3245,14183
h4_day03,4,56,True,optimal,0.0,0.2310009002685547,0.4054216000076849,5307,3057,12149
h4_day03,4,57,True,optimal,0.0,0.1139984130859375,0.2436394999967888,5048,2798,13424
h4_day03,4,58,True,optimal,0.0,0.23099899291992188,0.36220869998214766,5306,3056,11959
h4_day03,4,59,True,optimal,0.0,0.15199851989746094,0.3033250999869779,5430,3180,13745
h4_day03,4,60,True,optimal,0.0,0.2989997863769531,0.43704910000087693,5917,3667,12603
h4_day03,4,61,True,optimal,0.0,0.1639995574951172,0.3413501000031829,5509,3259,13644
h4_day03,4,62,True,optimal,0.0,0.1979999542236328,0.31991359998937696,5287,3037,11538
h4_day03,4,63,True,optimal,0.0,0.09900093078613281,0.23986219998914748,5375,3125,13266
h4_day03,4,64,True,optimal,0.0,0.1830005645751953,0.31277759998920374,5705,3455,12006
h4_day03,4,65,True,optimal,0.0,0.12999916076660156,0.27075200001127087,5806,3556,13667
h4_day03,4,66,True,optimal,0.0,0.2779998779296875,0.40637969999806955,5882,3632,11907
h4_day03,4,67,True,optimal,0.0,0.15999984741210938,0.308664799988037,5758,3508,13168
h4_day03,4,68,True,optimal,0.0,0.2129993438720703,0.3300222000107169,5532,3282,11208
h4_day03,4,69,True,optimal,0.0,0.12400054931640625,0.24960929999360815,5215,2965,12095
h4_day03,4,70,True,optimal,0.0,0.19099998474121094,0.3103754000039771,5618,3368,10998
h4_day03,4,71,True,optimal,6.103440211294309e-05,0.1750011444091797,0.30127699999138713,6009,3759,12776
h4_day03,4,72,True,optimal,0.0,0.23799896240234375,0.4070693999819923,6046,3796,11255
h4_day03,4,73,True,optimal,0.0,0.11200141906738281,0.227805200003786,5569,3319,11690
h4_day03,4,74,True,optimal,0.0,0.1359996795654297,0.2376440999796614,5325,3075,10012
h4_day03,4,75,True,optimal,0.0,0.05700111389160156,0.1579053000023123,4928,2678,10425
h4_day03,4,76,True,optimal,0.0,0.11300086975097656,0.2116360999934841,4742,2492,8805
h4_day03,4,77,True,optimal,0.0,0.024000167846679688,0.11373539999476634,4348,2098,9073
h4_day03,4,78,True,optimal,0.0,0.07499885559082031,0.15700289999949746,4306,2056,7885
h4_day03,4,79,True,optimal,0.0,0.020999908447265625,0.15688049999880604,4455,2205,8970
h4_day03,4,80,True,optimal,0.0,0.07199859619140625,0.16104549998999573,4775,2525,8355
h4_day03,4,81,True,optimal,0.0,0.01399993896484375,0.10204979998525232,4785,2535,9106
h4_day03,4,82,True,optimal,0.0,0.06500053405761719,0.15174880000995472,4726,2476,8052
h4_day03,4,83,True,optimal,0.0,0.018999099731445312,0.15351569998892955,4549,2299,8334
h4_day03,4,84,True,optimal,0.0,0.06300163269042969,0.1360156000009738,4391,2141,7092
h4_day03,4,85,True,optimal,0.0,0.020999908447265625,0.09631459999945946,4262,2012,7272
h4_day03,4,86,True,optimal,6.973997774471586e-05,0.06599998474121094,0.13969909999286756,4049,1799,6272
h4_day03,4,87,True,optimal,0.0,0.03700065612792969,0.1579679999849759,3846,1596,6304
h4_day03,4,88,True,optimal,0.0,0.048999786376953125,0.10796439999830909,3730,1480,5538
h4_day03,4,89,True,optimal,0.0,0.015001296997070312,0.0679142999870237,3410,1160,5293
h4_day03,4,90,True,optimal,0.0,0.019998550415039062,0.07152679999126121,3402,1152,4871
h4_day03,4,91,True,optimal,0.0,0.010000228881835938,0.06209449999732897,3375,1125,5060
h4_day03,4,92,True,optimal,0.0,0.03900146484375,0.09397919999901205,3281,1031,4466
h4_day03,4,93,True,optimal,0.0,0.01399993896484375,0.06602149998070672,3311,1061,4742
h4_day03,4,94,True,optimal,0.0,0.023000717163085938,0.07140000001527369,3286,1036,4325
h4_day03,4,95,True,optimal,0.0,0.0030002593994140625,0.05092089998652227,3068,818,4136
h4_day03,4,96,False,optimal,0.0,0.01200103759765625,0.05543159999069758,2958,708,3746
h4_day03,4,97,False,optimal,0.0,0.005001068115234375,0.05011240000021644,2756,506,3517
h4_day03,4,98,False,optimal,0.0,0.005001068115234375,0.04026090001570992,2615,365,3056
h4_day03,4,99,False,optimal,0.0,0.008001327514648438,0.03960380001808517,2647,397,3217
h4_day03,4,100,False,optimal,0.0,0.0049991607666015625,0.0417736999806948,2584,334,2965
h4_day03,4,101,False,optimal,0.0,0.0039997100830078125,0.03423399999155663,2469,219,2808
h4_day03,4,102,False,optimal,0.0,0.004001617431640625,0.03440979999140836,2449,199,2690
h4_day03,4,103,False,optimal,0.0,0.0039997100830078125,0.034169399994425476,2400,150,2606
h4_day03,4,104,False,optimal,0.0,0.0049991607666015625,0.03515949999564327,2371,121,2504
h4_day03,4,105,False,optimal,0.0,0.0,0.031321899994509295,2341,91,2492
h4_day03,4,106,False,optimal,0.0,0.0039997100830078125,0.03262589999940246,2286,36,2379
h4_day04,4,0,True,optimal,0.0,0.13299942016601562,0.2772460999840405,4222,1972,11873
h4_day04,4,1,True,optimal,0.0,0.032001495361328125,0.17175780000980012,4349,2099,14223
h4_day04,4,2,True,optimal,0.0,0.14500045776367188,0.25905699998838827,4363,2113,12037
h4_day04,4,3,True,optimal,0.0,0.07299995422363281,0.19998750000377186,4594,2344,14512
h4_day04,4,4,True,optimal,0.0,0.10099983215332031,0.23881889999029227,4291,2041,11957
h4_day04,4,5,True,optimal,0.0,0.023000717163085938,0.14553549999254756,4220,1970,14070
h4_day04,4,6,True,optimal,0.0,0.09399986267089844,0.217804799991427,4312,2062,11982
h4_day04,4,7,True,optimal,0.0,0.022998809814453125,0.15261329998611473,4240,1990,14093
h4_day04,4,8,True,optimal,0.0,0.07900047302246094,0.19159319999744184,4238,1988,11859
h4_day04,4,9,True,optimal,0.0,0.020999908447265625,0.13880019998759963,4267,2017,14081
h4_day04,4,10,True,optimal,0.0,0.07900047302246094,0.19506949998321943,4294,2044,11922
h4_day04,4,11,True,optimal,0.0,0.05499839782714844,0.17960560001665726,4269,2019,14082
h4_day04,4,12,True,optimal,0.0,0.08300018310546875,0.19863179998355918,4289,2039,11917
h4_day04,4,13,True,optimal,0.0,0.023998260498046875,0.15924040001118556,4245,1995,14015
h4_day04,4,14,True,optimal,0.0,0.07800102233886719,0.1901330999971833,4200,1950,11756
h4_day04,4,15,True,optimal,0.0,0.005001068115234375,0.13565700000617653,4158,1908,13872
h4_day04,4,16,True,optimal,0.0,0.08100128173828125,0.18945700000040233,4158,1908,11705
h4_day04,4,17,True,optimal,0.0,0.004001617431640625,0.13638500001979992,4158,1908,13872
h4_day04,4,18,True,optimal,0.0,0.05999946594238281,0.17310459999134764,4158,1908,11705
h4_day04,4,19,True,optimal,0.0,0.00099945068359375,0.12087129999417812,4187,1937,13905
h4_day04,4,20,True,optimal,0.0,0.07999992370605469,0.19248490000609308,4216,1966,11771
h4_day04,4,21,True,optimal,0.0,0.05500030517578125,0.17589090002002195,4262,2012,13993
h4_day04,4,22,True,optimal,0.0,0.0839996337890625,0.19722750000073574,4284,2034,11855
h4_day04,4,23,True,optimal,0.0,0.017000198364257812,0.13490710000041872,4197,1947,13878
h4_day04,4,24,True,optimal,0.0,0.07299995422363281,0.19780510000418872,4197,1947,11721
h4_day04,4,25,True,optimal,0.0,0.017000198364257812,0.13529480001307093,4243,1993,13933
h4_day04,4,26,True,optimal,0.0,0.07000160217285156,0.17773009999655187,4151,1901,11667
h4_day04,4,27,True,optimal,0.0,0.007999420166015625,0.1471179999934975,4193,1943,13875
h4_day04,4,28,True,optimal,0.0,0.09199905395507812,0.20267620001686737,4356,2106,11912
h4_day04,4,29,True,optimal,0.0,0.04000091552734375,0.18046719999983907,4427,2177,14155
h4_day04,4,30,True,optimal,0.0,0.1490001678466797,0.2700636000081431,4464,2214,12046
h4_day04,4,31,True,optimal,0.0,0.05000114440917969,0.18976099998690188,4464,2214,14165
h4_day04,4,32,True,optimal,0.0,0.11900138854980469,0.23557960000471212,4487,2237,12010
h4_day04,4,33,True,optimal,0.0,0.049999237060546875,0.17600590002257377,4517,2267,14132
h4_day04,4,34,True,optimal,0.0,0.11800003051757812,0.2358716999879107,4533,2283,12030
h4_day04,4,35,True,optimal,0.0,0.07500076293945312,0.20123299999977462,4717,2467,14357
h4_day04,4,36,True,optimal,0.0,0.1550006866455078,0.27634779998334125,4897,2647,12423
h4_day04,4,37,True,optimal,0.0,0.07299995422363281,0.199968099972466,4754,2504,14329
h4_day04,4,38,True,optimal,0.0,0.13800048828125,0.261584199994104,4763,2513,12124
h4_day04,4,39,True,optimal,0.0,0.09499931335449219,0.21765350000350736,4906,2656,14346
h4_day04,4,40,True,optimal,0.0,0.2089996337890625,0.3365936999907717,5036,2786,12443
h4_day04,4,41,True,optimal,0.0,0.082000732421875,0.2173565000121016,4876,2626,14274
h4_day04,4,42,True,optimal,0.0,0.16699981689453125,0.30077390000224113,4907,2657,12157
h4_day04,4,43,True,optimal,0.0,0.13299942016601562,0.2897436000057496,4956,2706,14188
h4_day04,4,44,True,optimal,0.0,0.1680011749267578,0.2923296999942977,5145,2895,12372
h4_day04,4,45,True,optimal,0.0,0.12199974060058594,0.2817073999904096,5286,3036,14441
h4_day04,4,46,True,optimal,0.0,0.20800018310546875,0.3437334999907762,5334,3084,12471
h4_day04,4,47,True,optimal,0.0,0.14599990844726562,0.27923200000077486,5475,3225,14533
h4_day04,4,48,True,optimal,0.0,0.19499969482421875,0.32697369999368675,5444,3194,12408
h4_day04,4,49,True,optimal,0.0,0.14800071716308594,0.27424369999789633,5279,3029,13987
h4_day04,4,50,True,optimal,0.0,0.21000099182128906,0.36075769999297336,5131,2881,11851
h4_day04,4,51,True,optimal,0.0,0.10799980163574219,0.22761390000232495,4714,2464,12875
h4_day04,4,52,True,optimal,0.0,0.19899940490722656,0.3169005000090692,4944,2694,11331
h4_day04,4,53,True,optimal,0.0,0.10400009155273438,0.2348448999982793,4960,2710,12985
h4_day04,4,54,True,optimal,0.0,0.20600128173828125,0.3341577000101097,5061,2811,11357
h4_day04,4,55,True,optimal,0.0,0.11999893188476562,0.2371729000005871,4620,2370,12462
h4_day04,4,56,True,optimal,0.0,0.20000076293945312,0.3358541000052355,4781,2531,10971
h4_day04,4,57,True,optimal,0.0,0.1269989013671875,0.24605690001044422,4910,2660,12772
h4_day04,4,58,True,optimal,0.0,0.16899871826171875,0.3186870999925304,5052,2802,11234
h4_day04,4,59,True,optimal,0.0,0.12299919128417969,0.24939359998097643,5324,3074,13222
h4_day04,4,60,True,optimal,0.0,0.18899917602539062,0.3078594999969937,5225,2975,11382
h4_day04,4,61,True,optimal,0.0,0.11300086975097656,0.24202509998576716,4975,2725,12552
h4_day04,4,62,True,optimal,0.0,0.15700149536132812,0.2880841000005603,5502,3252,11502
h4_day04,4,63,True,optimal,0.0,0.13199996948242188,0.256294999999227,5451,3201,12892
h4_day04,4,64,True,optimal,0.0,0.20199966430664062,0.31373349999194033,5532,3282,11379
h4_day04,4,65,True,optimal,0.0,0.12999916076660156,0.25115990001359023,5199,2949,12306
h4_day04,4,66,True,optimal,0.0,0.16500091552734375,0.2763183999923058,5339,3089,10881
h4_day04,4,67,True,optimal,0.0,0.11199951171875,0.22618060000240803,5370,3120,12004
h4_day04,4,68,True,optimal,0.0,0.1680011749267578,0.29551399999763817,5467,3217,10717
h4_day04,4,69,True,optimal,0.0,0.08300018310546875,0.19938309999997728,5156,2906,11492
h4_day04,4,70,True,optimal,0.0,0.1340007781982422,0.23917240000446327,5256,3006,10195
h4_day04,4,71,True,optimal,0.0,0.07500076293945312,0.18588869998347946,4891,2641,10835
h4_day04,4,72,True,optimal,0.0,0.12799835205078125,0.22428740002214909,4506,2256,8977
h4_day04,4,73,True,optimal,0.0,0.08300018310546875,0.19120219998876564,4750,2500,10362
h4_day04,4,74,True,optimal,0.0,0.1639995574951172,0.25783380001666956,4745,2495,9095
h4_day04,4,75,True,optimal,0.0,0.06099891662597656,0.17394189999322407,5100,2850,10504
h4_day04,4,76,True,optimal,0.0,0.10299873352050781,0.2561697000055574,5123,2873,9438
h4_day04,4,77,True,optimal,0.0,0.042999267578125,0.13737620000028983,4796,2546,9773
h4_day04,4,78,True,optimal,0.0,0.1100006103515625,0.21484509998117574,4845,2595,8710
h4_day04,4,79,True,optimal,0.0,0.05700111389160156,0.15572840001550503,4724,2474,9312
h4_day04,4,80,True,optimal,0.0,0.12100028991699219,0.21333210001466796,4797,2547,8287
h4_day04,4,81,True,optimal,0.0,0.08899879455566406,0.1775039000203833,4492,2242,8586
h4_day04,4,82,True,optimal,0.0,0.10199928283691406,0.18560029999935068,4577,2327,7644
h4_day04,4,83,True,optimal,0.0,0.08699989318847656,0.17136670000036247,4658,2408,8253
h4_day04,4,84,True,optimal,0.0,0.08500099182128906,0.1693432999891229,4618,2368,7380
h4_day04,4,85,True,optimal,0.0,0.0410003662109375,0.1172149000049103,4218,1968,7111
h4_day04,4,86,True,optimal,0.0,0.07199859619140625,0.13754170000902377,3901,1651,6069
h4_day04,4,87,True,optimal,0.0,0.035999298095703125,0.10259570000926033,3982,1732,6526
h4_day04,4,88,True,optimal,0.0,0.05700111389160156,0.12354080000659451,4092,1842,6102
h4_day04,4,89,True,optimal,0.0,0.010000228881835938,0.07072709998465143,3863,1613,5992
h4_day04,4,90,True,optimal,0.0,0.024999618530273438,0.08767200002330355,3602,1352,5216
h4_day04,4,91,True,optimal,0.0,0.04599952697753906,0.10790699999779463,3627,1377,5523
h4_day04,4,92,True,optimal,0.0,0.03800010681152344,0.09622639999724925,3581,1331,5077
h4_day04,4,93,True,optimal,0.0,0.020999908447265625,0.07580669998424128,3462,1212,5006
h4_day04,4,94,True,optimal,0.0,0.0260009765625,0.07874389999778941,3323,1073,4405
h4_day04,4,95,True,optimal,0.0,0.011999130249023438,0.06782190001104027,3254,1004,4416
h4_day04,4,96,False,optimal,0.0,0.017000198364257812,0.06207019998691976,3065,815,3940
h4_day04,4,97,False,optimal,0.0,0.0049991607666015625,0.04403910000110045,2817,567,3667
h4_day04,4,98,False,optimal,0.0,0.01599884033203125,0.05150830000638962,2643,393,3169
h4_day04,4,99,False,optimal,0.0,0.0039997100830078125,0.03705510002328083,2538,288,3022
h4_day04,4,100,False,optimal,0.0,0.011999130249023438,0.047317300020949915,2519,269,2868
h4_day04,4,101,False,optimal,0.0,0.004001617431640625,0.03378939998219721,2469,219,2847
h4_day04,4,102,False,optimal,0.0,0.01300048828125,0.04270130000077188,2380,130,2574
h4_day04,4,103,False,optimal,0.0,0.0030002593994140625,0.03949650001595728,2399,149,2630
h4_day04,4,104,False,optimal,0.0,0.010999679565429688,0.04067139999824576,2376,126,2570
h4_day04,4,105,False,optimal,0.0,0.0030002593994140625,0.03291540002101101,2308,58,2420
h4_day04,4,106,False,optimal,0.0,0.0039997100830078125,0.03723859999445267,2307,57,2408
h4_day04,4,107,False,optimal,0.0,0.00299835205078125,0.03139519999967888,2286,36,2394
h4_day19,4,0,True,optimal,0.0,0.14699935913085938,0.2904591000115033,4361,2111,12262
h4_day19,4,1,True,optimal,0.0,0.050998687744140625,0.19062439998378977,4534,2284,14670
h4_day19,4,2,True,optimal,0.0,0.14500045776367188,0.2709839000017382,4459,2209,12379
h4_day19,4,3,True,optimal,0.0,0.0279998779296875,0.16366069999639876,4384,2134,14489
h4_day19,4,4,True,optimal,0.0,0.08900070190429688,0.2096740000124555,4315,2065,12208
h4_day19,4,5,True,optimal,0.0,0.007999420166015625,0.13610119998338632,4365,2115,14466
h4_day19,4,6,True,optimal,0.0,0.10600090026855469,0.2376399000058882,4415,2165,12324
h4_day19,4,7,True,optimal,0.0,0.033000946044921875,0.16149550001136959,4473,2223,14592
h4_day19,4,8,True,optimal,0.0,0.09399986267089844,0.21614609999232925,4388,2138,12293
h4_day19,4,9,True,optimal,0.0,0.05699920654296875,0.18058430001838133,4426,2176,14538
h4_day19,4,10,True,optimal,0.0,0.09600067138671875,0.2181185000226833,4478,2228,12398
h4_day19,4,11,True,optimal,0.0,0.034999847412109375,0.16722940001636744,4505,2255,14629
h4_day19,4,12,True,optimal,0.0,0.09499931335449219,0.2148503000207711,4391,2141,12289
h4_day19,4,13,True,optimal,0.0,0.017999649047851562,0.144672399997944,4387,2137,14446
h4_day19,4,14,True,optimal,0.0,0.09199905395507812,0.21119659999385476,4379,2129,12249
h4_day19,4,15,True,optimal,0.0,0.016000747680664062,0.14322540001012385,4349,2099,14398
h4_day19,4,16,True,optimal,0.0,0.08800125122070312,0.2121525999973528,4400,2150,12268
h4_day19,4,17,True,optimal,0.0,0.0579986572265625,0.18367399999988265,4431,2181,14492
h4_day19,4,18,True,optimal,0.0,0.10499954223632812,0.23605539998970926,4459,2209,12308
h4_day19,4,19,True,optimal,0.0,0.035999298095703125,0.16242390000843443,4559,2309,14599
h4_day19,4,20,True,optimal,0.0,0.12299919128417969,0.24703229998704046,4535,2285,12387
h4_day19,4,21,True,optimal,0.0,0.0410003662109375,0.17235899998922832,4559,2309,14586
h4_day19,4,22,True,optimal,0.0,0.095001220703125,0.2129045000183396,4377,2127,12162
h4_day19,4,23,True,optimal,0.0,0.007999420166015625,0.14822649999405257,4379,2129,14331
h4_day19,4,24,True,optimal,0.0,0.10199928283691406,0.21816470002522692,4409,2159,12194
h4_day19,4,25,True,optimal,0.0,0.031000137329101562,0.15948740000021644,4534,2284,14507
h4_day19,4,26,True,optimal,0.0,0.11999893188476562,0.25380990002304316,4624,2374,12442
h4_day19,4,27,True,optimal,0.0,0.049999237060546875,0.18345000001136214,4596,2346,14562
h4_day19,4,28,True,optimal,0.0,0.11199951171875,0.25198649999219924,4559,2309,12321
h4_day19,4,29,True,optimal,0.0,0.062000274658203125,0.19974660000298172,4613,2363,14494
h4_day19,4,30,True,optimal,0.0,0.15199851989746094,0.29353709999122657,4673,2423,12423
h4_day19,4,31,True,optimal,0.0,0.048999786376953125,0.18353660000138916,4671,2421,14560
h4_day19,4,32,True,optimal,0.0,0.1550006866455078,0.2817329000099562,4852,2602,12606
h4_day19,4,33,True,optimal,0.0,0.0970001220703125,0.234823700011475,5016,2766,14890
h4_day19,4,34,True,optimal,0.0,0.1620006561279297,0.286647599976277,4997,2747,12744
h4_day19,4,35,True,optimal,0.0,0.13399887084960938,0.2724400000006426,5027,2777,14816
h4_day19,4,36,True,optimal,0.0,0.15800094604492188,0.2850515999889467,4937,2687,12563
h4_day19,4,37,True,optimal,0.0,0.07700157165527344,0.2090903000207618,4789,2539,14381
h4_day19,4,38,True,optimal,0.0,0.14099884033203125,0.26417290000244975,4725,2475,12194
h4_day19,4,39,True,optimal,0.0,0.06300163269042969,0.19148010000935756,4663,2413,14172
h4_day19,4,40,True,optimal,0.0,0.1439990997314453,0.26347289999830537,4793,2543,12278
h4_day19,4,41,True,optimal,0.0,0.09600067138671875,0.22797039998113178,5088,2838,14687
h4_day19,4,42,True,optimal,0.0,0.1830005645751953,0.32875119999516755,5219,2969,12780
h4_day19,4,43,True,optimal,0.0,0.125,0.2655411999730859,5354,3104,14928
h4_day19,4,44,True,optimal,0.0,0.17299842834472656,0.30188470002030954,5032,2782,12335
h4_day19,4,45,True,optimal,0.0,0.13899993896484375,0.27521079999860376,5318,3068,14579
h4_day19,4,46,True,optimal,0.0,0.1750011444091797,0.30768900000839494,4966,2716,12047
h4_day19,4,47,True,optimal,0.0,0.09100151062011719,0.2173839000170119,5010,2760,13944
h4_day19,4,48,True,optimal,9.104755226505434e-05,0.26599884033203125,0.4004694999894127,5418,3168,12518
h4_day19,4,49,True,optimal,0.0,0.2999992370605469,0.43761009999434464,5458,3208,14321
h4_day19,4,50,True,optimal,0.0,0.292999267578125,0.4537629999977071,5516,3266,12443
h4_day19,4,51,True,optimal,0.0,0.19300079345703125,0.32446529998560436,5430,3180,13951
h4_day19,4,52,True,optimal,0.0,0.23600006103515625,0.3588834999827668,5321,3071,11981
h4_day19,4,53,True,optimal,0.0,0.10499954223632812,0.22469099998124875,4959,2709,13051
h4_day19,4,54,True,optimal,0.0,0.19299888610839844,0.3269862000015564,4891,2641,11135
h4_day19,4,55,True,optimal,0.0,0.18599891662597656,0.3415642000036314,4988,2738,12864
h4_day19,4,56,True,optimal,0.0,0.2849998474121094,0.4159925999992993,5079,2829,11319
h4_day19,4,57,True,optimal,0.0,0.11800003051757812,0.2433620000083465,4997,2747,12772
h4_day19,4,58,True,optimal,0.0,0.23099899291992188,0.3484214000054635,5161,2911,11322
h4_day19,4,59,True,optimal,0.0,0.125,0.24473920001764782,5035,2785,12730
h4_day19,4,60,True,optimal,0.0,0.18400001525878906,0.304902600008063,5163,2913,11235
h4_day19,4,61,True,optimal,0.0,0.13000106811523438,0.25146839997614734,5041,2791,12454
h4_day19,4,62,True,optimal,0.0,0.18700027465820312,0.3049362000019755,5217,2967,11062
h4_day19,4,63,True,optimal,0.0,0.09900093078613281,0.21369020000565797,5075,2825,12325
h4_day19,4,64,True,optimal,0.0,0.13299942016601562,0.25367420000839047,4760,2510,10329
h4_day19,4,65,True,optimal,0.0,0.10700035095214844,0.22284650002256967,5068,2818,12117
h4_day19,4,66,True,optimal,0.0,0.15199851989746094,0.3011832000047434,5160,2910,10652
h4_day19,4,67,True,optimal,0.0,0.15000152587890625,0.2694185999862384,5336,3086,12265
h4_day19,4,68,True,optimal,0.0,0.18400001525878906,0.2996069000218995,5515,3265,10953
h4_day19,4,69,True,optimal,0.0,0.12999916076660156,0.2824747999839019,5548,3298,12295
h4_day19,4,70,True,optimal,0.0,0.15600013732910156,0.2643720999767538,5159,2909,10192
h4_day19,4,71,True,optimal,0.0,0.1490001678466797,0.2630092000181321,5089,2839,11185
h4_day19,4,72,True,optimal,0.0,0.18000030517578125,0.28294949998962693,5052,2802,9774
h4_day19,4,73,True,optimal,1.832099522357006e-05,0.1289997100830078,0.24140190001344308,4916,2666,10595
h4_day19,4,74,True,optimal,0.0,0.14599990844726562,0.24659049999900162,4786,2536,9104
h4_day19,4,75,True,optimal,0.0,0.10400009155273438,0.20607990000280552,4702,2452,9954
h4_day19,4,76,True,optimal,0.0,0.08699989318847656,0.17899270000634715,4752,2502,8799
h4_day19,4,77,True,optimal,0.0,0.06299972534179688,0.15420749998884276,4700,2450,9612
h4_day19,4,78,True,optimal,0.0,0.07899856567382812,0.1693035000062082,4664,2414,8391
h4_day19,4,79,True,optimal,0.0,0.049999237060546875,0.14392159998533316,4768,2518,9303
h4_day19,4,80,True,optimal,0.0,0.05100059509277344,0.13284119998570532,4584,2334,7993
h4_day19,4,81,True,optimal,0.0,0.03999900817871094,0.12781629999517463,4628,2378,8845
h4_day19,4,82,True,optimal,0.0,0.03800010681152344,0.11818130000028759,4655,2405,7965
h4_day19,4,83,True,optimal,0.0,0.014001846313476562,0.1495615000021644,4566,2316,8344
h4_day19,4,84,True,optimal,0.0,0.03800010681152344,0.1077283000049647,4425,2175,7268
h4_day19,4,85,True,optimal,0.0,0.01399993896484375,0.08755689999088645,4135,1885,7399
h4_day19,4,86,True,optimal,0.0,0.02899932861328125,0.10016319999704137,4016,1766,6362
h4_day19,4,87,True,optimal,0.0,0.0030002593994140625,0.07381100000930019,3958,1708,6629
h4_day19,4,88,True,optimal,0.0,0.02700042724609375,0.09241059998748824,4039,1789,6072
h4_day19,4,89,True,optimal,0.0,0.01399993896484375,0.07497519999742508,3863,1613,6114
h4_day19,4,90,True,optimal,0.0,0.018999099731445312,0.07578840001951903,3608,1358,5198
h4_day19,4,91,True,optimal,0.0,0.005001068115234375,0.05923789998632856,3423,1173,5248
h4_day19,4,92,True,optimal,0.0,0.018999099731445312,0.07841389998793602,3289,1039,4517
h4_day19,4,93,True,optimal,0.0,0.025999069213867188,0.07737910002470016,3238,988,4539
h4_day19,4,94,True,optimal,0.0,0.020999908447265625,0.0655941000150051,3045,795,3954
h4_day19,4,95,True,optimal,0.0,0.01399993896484375,0.06436580000445247,3078,828,4120
h4_day19,4,96,False,optimal,0.0,0.016000747680664062,0.05838699999731034,3003,753,3801
h4_day19,4,97,False,optimal,0.0,0.0039997100830078125,0.044645899994065985,2695,445,3423
h4_day19,4,98,False,optimal,0.0,0.007999420166015625,0.04410910001024604,2641,391,3168
h4_day19,4,99,False,optimal,0.0,0.006999969482421875,0.039279600023292005,2637,387,3257
h4_day19,4,100,False,optimal,0.0,0.010000228881835938,0.0462456000095699,2569,319,3023
h4_day19,4,101,False,optimal,0.0,0.0020008087158203125,0.033412599994335324,2420,170,2794
h4_day19,4,102,False,optimal,0.0,0.0059986114501953125,0.03839709999738261,2432,182,2692
h4_day19,4,103,False,optimal,0.0,0.0030002593994140625,0.03611070002079941,2470,220,2765
h4_day19,4,104,False,optimal,0.0,0.0049991607666015625,0.03761460000532679,2470,220,2710
h4_day19,4,105,False,optimal,0.0,0.0019989013671875,0.034481899987440556,2464,214,2720
h4_day19,4,106,False,optimal,0.0,0.0049991607666015625,0.0345136999967508,2401,151,2601
h4_day13,4,0,True,optimal,0.0,0.13500022888183594,0.27165800001239404,4277,2027,12009
h4_day13,4,1,True,optimal,0.0,0.026998519897460938,0.16499600000679493,4277,2027,14210
h4_day13,4,2,True,optimal,0.0,0.12099838256835938,0.24098599998978898,4300,2050,12038
h4_day13,4,3,True,optimal,0.0,0.0279998779296875,0.15218479998293333,4329,2079,14272
h4_day13,4,4,True,optimal,0.0,0.12999916076660156,0.246942300000228,4494,2244,12273
h4_day13,4,5,True,optimal,0.0,0.036998748779296875,0.16374489999725483,4398,2148,14355
h4_day13,4,6,True,optimal,0.0,0.09099960327148438,0.21547500000451691,4315,2065,12056
h4_day13,4,7,True,optimal,0.0,0.048000335693359375,0.17328730001463555,4273,2023,14204
h4_day13,4,8,True,optimal,0.0,0.1100006103515625,0.2272573999944143,4272,2022,12004
h4_day13,4,9,True,optimal,0.0,0.009000778198242188,0.1618878000008408,4274,2024,14206
h4_day13,4,10,True,optimal,0.0,0.08299827575683594,0.2064840999955777,4270,2020,11970
h4_day13,4,11,True,optimal,0.0,0.019001007080078125,0.15261499999905936,4270,2020,14159
h4_day13,4,12,True,optimal,0.0,0.06799888610839844,0.18389559999923222,4224,1974,11915
h4_day13,4,13,True,optimal,0.0,0.0039997100830078125,0.12316509999800473,4224,1974,14104
h4_day13,4,14,True,optimal,0.0,0.069000244140625,0.1828850999881979,4224,1974,11915
h4_day13,4,15,True,optimal,0.0,0.0059986114501953125,0.13136240001767874,4253,2003,14137
h4_day13,4,16,True,optimal,0.0,0.1139984130859375,0.22612229999504052,4303,2053,12006
h4_day13,4,17,True,optimal,0.0,0.0839996337890625,0.2025032000092324,4324,2074,14220
h4_day13,4,18,True,optimal,0.0,0.11700057983398438,0.23025620001135394,4321,2071,12026
h4_day13,4,19,True,optimal,0.0,0.023000717163085938,0.14626940002199262,4290,2040,14174
h4_day13,4,20,True,optimal,0.0,0.08800125122070312,0.20336580000002868,4298,2048,11993
h4_day13,4,21,True,optimal,0.0,0.024999618530273438,0.1571334000036586,4271,2021,14108
h4_day13,4,22,True,optimal,0.0,0.06699943542480469,0.19393149999086745,4242,1992,11896
h4_day13,4,23,True,optimal,0.0,0.01599884033203125,0.13817189997644164,4271,2021,14107
h4_day13,4,24,True,optimal,0.0,0.0839996337890625,0.1981231999816373,4271,2021,11929
h4_day13,4,25,True,optimal,0.0,0.020000457763671875,0.14125139999669045,4297,2047,14134
h4_day13,4,26,True,optimal,0.0,0.08499908447265625,0.1976196999894455,4297,2047,11959
h4_day13,4,27,True,optimal,0.0,0.022998809814453125,0.1601766000094358,4340,2090,14183
h4_day13,4,28,True,optimal,0.0,0.09900093078613281,0.2132700000074692,4433,2183,12112
h4_day13,4,29,True,optimal,0.0,0.03299903869628906,0.17363730000215583,4415,2165,14230
h4_day13,4,30,True,optimal,0.0,0.08800125122070312,0.20311360000050627,4332,2082,11966
h4_day13,4,31,True,optimal,0.0,0.034000396728515625,0.1787033999862615,4425,2175,14243
h4_day13,4,32,True,optimal,0.0,0.13800048828125,0.2520176999969408,4430,2180,12082
h4_day13,4,33,True,optimal,0.0,0.049999237060546875,0.17740330001106486,4566,2316,14405
h4_day13,4,34,True,optimal,0.0,0.1340007781982422,0.2596590000030119,4730,2480,12409
h4_day13,4,35,True,optimal,0.0,0.11400032043457031,0.2638260999810882,4737,2487,14532
h4_day13,4,36,True,optimal,0.0,0.13300132751464844,0.24830949999159202,4686,2436,12326
h4_day13,4,37,True,optimal,0.0,0.09199905395507812,0.22430010000243783,4698,2448,14437
h4_day13,4,38,True,optimal,0.0,0.14400100708007812,0.2630326999933459,4733,2483,12320
h4_day13,4,39,True,optimal,0.0,0.061000823974609375,0.18997740000486374,4660,2410,14315
h4_day13,4,40,True,optimal,0.0,0.14799880981445312,0.2811689999944065,4802,2552,12369
h4_day13,4,41,True,optimal,0.0,0.11400032043457031,0.25073369999881834,5015,2765,14738
h4_day13,4,42,True,optimal,0.0,0.15900039672851562,0.28353330001118593,4963,2713,12560
h4_day13,4,43,True,optimal,0.0,0.10899925231933594,0.24759879999328405,5177,2927,14892
h4_day13,4,44,True,optimal,0.0,0.1790008544921875,0.32196380000095814,5203,2953,12698
h4_day13,4,45,True,optimal,0.0,0.10700035095214844,0.23653890000423416,5159,2909,14587
h4_day13,4,46,True,optimal,0.0,0.18599891662597656,0.3140597000019625,5141,2891,12505
h4_day13,4,47,True,optimal,0.0,0.10899925231933594,0.24613010001485236,5229,2979,14579
h4_day13,4,48,True,optimal,0.0,0.15200042724609375,0.272013199981302,4996,2746,12158
h4_day13,4,49,True,optimal,0.0,0.10700035095214844,0.24124199998914264,5212,2962,14334
h4_day13,4,50,True,optimal,0.0,0.2350006103515625,0.3942111000069417,5301,3051,12446
h4_day13,4,51,True,optimal,0.0,0.095001220703125,0.22299360000761226,5056,2806,14003
h4_day13,4,52,True,optimal,0.0,0.1569995880126953,0.2798977000056766,5015,2765,11986
h4_day13,4,53,True,optimal,0.0,0.11800003051757812,0.25033919999259524,5259,3009,14192
h4_day13,4,54,True,optimal,0.0,0.16900062561035156,0.2924057000200264,5211,2961,12174
h4_day13,4,55,True,optimal,0.0,0.20100021362304688,0.3710711000021547,5338,3088,14132
h4_day13,4,56,True,optimal,0.0,0.27300071716308594,0.40750599998864345,5580,3330,12556
h4_day13,4,57,True,optimal,0.0,0.12100028991699219,0.2554902999836486,5196,2946,13740
h4_day13,4,58,True,optimal,0.0,0.22099876403808594,0.39206410001497716,5494,3244,12241
h4_day13,4,59,True,optimal,0.0,0.09600067138671875,0.22905249998439103,5194,2944,13449
h4_day13,4,60,True,optimal,0.0,0.167999267578125,0.29619649998494424,5276,3026,11759
h4_day13,4,61,True,optimal,0.0,0.10400009155273438,0.23414769998635165,5387,3137,13591
h4_day13,4,62,True,optimal,0.0,0.18000030517578125,0.30364289999124594,5512,3262,11933
h4_day13,4,63,True,optimal,0.0,0.13699913024902344,0.2722725000057835,5804,3554,13890
h4_day13,4,64,True,optimal,0.0,0.18700027465820312,0.3119756000232883,5974,3724,12343
h4_day13,4,65,True,optimal,0.0,0.11100006103515625,0.2386242000211496,5531,3281,13214
h4_day13,4,66,True,optimal,0.0,0.18199920654296875,0.341078400000697,5341,3091,11222
h4_day13,4,67,True,optimal,0.0,0.10700035095214844,0.22286799998255447,5167,2917,12304
h4_day13,4,68,True,optimal,0.0,0.16300010681152344,0.29476690001320094,5285,3035,10890
h4_day13,4,69,True,optimal,0.0,0.1309986114501953,0.3054178000020329,5493,3243,12497
h4_day13,4,70,True,optimal,6.683513245897497e-05,0.2520008087158203,0.365300399978878,5255,3005,10550
h4_day13,4,71,True,optimal,0.0,0.14100074768066406,0.26568280000356026,5437,3187,12055
h4_day13,4,72,True,optimal,0.0,0.20199966430664062,0.3575423000147566,5331,3081,10516
h4_day13,4,73,True,optimal,0.0,0.10600090026855469,0.21427339999354444,5119,2869,11049
h4_day13,4,74,True,optimal,0.0,0.10799980163574219,0.2155921999947168,5069,2819,9640
h4_day13,4,75,True,optimal,0.0,0.09499931335449219,0.20274830001289956,5059,2809,10701
h4_day13,4,76,True,optimal,0.0,0.1379985809326172,0.23498169999220408,4989,2739,9337
h4_day13,4,77,True,optimal,0.0,0.04599952697753906,0.1474160999932792,5182,2932,10484
h4_day13,4,78,True,optimal,0.0,0.08600044250488281,0.19346109998878092,5357,3107,9477
h4_day13,4,79,True,optimal,0.0,0.06299972534179688,0.163261900015641,5072,2822,10009
h4_day13,4,80,True,optimal,0.0,0.07500076293945312,0.17029109998838976,4894,2644,8584
h4_day13,4,81,True,optimal,0.0,0.04399871826171875,0.1405660999880638,4661,2411,9092
h4_day13,4,82,True,optimal,0.0,0.05900001525878906,0.1423472999886144,4671,2421,7867
h4_day13,4,83,True,optimal,0.0,0.02899932861328125,0.11020639998605475,4578,2328,8285
h4_day13,4,84,True,optimal,0.0,0.03800010681152344,0.11491919998661615,4562,2312,7313
h4_day13,4,85,True,optimal,0.0,0.017000198364257812,0.08868149999761954,4243,1993,7372
h4_day13,4,86,True,optimal,0.0,0.035999298095703125,0.10337169998092577,4149,1899,6410
h4_day13,4,87,True,optimal,0.0,0.030000686645507812,0.09302129998104647,3927,1677,6503
h4_day13,4,88,True,optimal,0.0,0.03999900817871094,0.0996791000070516,3887,1637,5699
h4_day13,4,89,True,optimal,0.0,0.024000167846679688,0.08401140000205487,3618,1368,5714
h4_day13,4,90,True,optimal,0.0,0.033000946044921875,0.09389819999341853,3843,1593,5516
h4_day13,4,91,True,optimal,0.0,0.016000747680664062,0.07615110001643188,3889,1639,5808
h4_day13,4,92,True,optimal,0.0,0.034000396728515625,0.09124169999267906,3840,1590,5323
h4_day13,4,93,True,optimal,0.0,0.020000457763671875,0.07743379997555166,3688,1438,5173
h4_day13,4,94,True,optimal,0.0,0.020999908447265625,0.07525970001006499,3411,1161,4480
h4_day13,4,95,True,optimal,0.0,0.0039997100830078125,0.056049700011499226,2963,713,3978
h4_day13,4,96,False,optimal,0.0,0.010999679565429688,0.05327209999086335,2891,641,3626
h4_day13,4,97,False,optimal,0.0,0.00299835205078125,0.04240539998863824,2713,463,3432
h4_day13,4,98,False,optimal,0.0,0.006000518798828125,0.04408069999772124,2615,365,3144
h4_day13,4,99,False,optimal,0.0,0.006000518798828125,0.037494100019102916,2504,254,2980
h4_day13,4,100,False,optimal,0.0,0.0039997100830078125,0.036968300002627075,2485,235,2817
h4_day13,4,101,False,optimal,0.0,0.0030002593994140625,0.03297259999089874,2411,161,2690
h4_day13,4,102,False,optimal,0.0,0.0039997100830078125,0.03496160000213422,2453,203,2686
h4_day13,4,103,False,optimal,0.0,0.0030002593994140625,0.03427669999655336,2468,218,2721
h4_day13,4,104,False,optimal,0.0,0.009000778198242188,0.0356651000038255,2438,188,2643
h4_day13,4,105,False,optimal,0.0,0.0030002593994140625,0.03450410001096316,2378,128,2576
h4_day13,4,106,False,optimal,0.0,0.0030002593994140625,0.030871299997670576,2304,54,2420
h4_day14,4,0,True,optimal,0.0,0.20299911499023438,0.3567347000062,4633,2383,13097
h4_day14,4,1,True,optimal,0.0,0.034999847412109375,0.17703500000061467,4654,2404,15323
h4_day14,4,2,True,optimal,0.0,0.18700027465820312,0.31993970001349226,4695,2445,13169
h4_day14,4,3,True,optimal,0.0,0.07499885559082031,0.22360110000590794,4697,2447,15370
h4_day14,4,4,True,optimal,0.0,0.14100074768066406,0.27562900001066737,4758,2508,13243
h4_day14,4,5,True,optimal,0.0,0.034000396728515625,0.18001929999445565,4677,2427,15349
h4_day14,4,6,True,optimal,0.0,0.1270008087158203,0.2614554000028875,4686,2436,13157
h4_day14,4,7,True,optimal,0.0,0.04400062561035156,0.1831168999779038,4744,2494,15425
h4_day14,4,8,True,optimal,0.0,0.14599990844726562,0.2836832000175491,4766,2516,13244
h4_day14,4,9,True,optimal,0.0,0.07999992370605469,0.22565239999676123,4807,2557,15495
h4_day14,4,10,True,optimal,0.0,0.13199996948242188,0.26967789998161606,4753,2503,13193
h4_day14,4,11,True,optimal,0.0,0.07200050354003906,0.21537990000797436,4823,2573,15422
h4_day14,4,12,True,optimal,0.0,0.1420001983642578,0.2773295000079088,4803,2553,13220
h4_day14,4,13,True,optimal,0.0,0.03899955749511719,0.18173809998552315,4697,2447,15235
h4_day14,4,14,True,optimal,0.0,0.11599922180175781,0.2521433000219986,4627,2377,12953
h4_day14,4,15,True,optimal,0.0,0.006999969482421875,0.14392480000969954,4573,2323,15040
h4_day14,4,16,True,optimal,0.0,0.12299919128417969,0.2538281999877654,4587,2337,12902
h4_day14,4,17,True,optimal,0.0,0.024999618530273438,0.17532619999838062,4606,2356,15081
h4_day14,4,18,True,optimal,0.0,0.11499977111816406,0.24389670000527985,4605,2355,12924
h4_day14,4,19,True,optimal,0.0,0.018999099731445312,0.1539440999913495,4582,2332,15011
h4_day14,4,20,True,optimal,0.0,0.11300086975097656,0.24217509999289177,4582,2332,12834
h4_day14,4,21,True,optimal,0.0,0.022998809814453125,0.17041209997842088,4626,2376,15021
h4_day14,4,22,True,optimal,0.0,0.1700000762939453,0.29952839997713454,4714,2464,12994
h4_day14,4,23,True,optimal,0.0,0.05800056457519531,0.19447190000209957,4600,2350,14954
h4_day14,4,24,True,optimal,0.0,0.1289997100830078,0.2631134999974165,4649,2399,12888
h4_day14,4,25,True,optimal,0.0,0.034000396728515625,0.18706379999639466,4632,2382,14990
h4_day14,4,26,True,optimal,0.0,0.12299919128417969,0.25121379998745397,4624,2374,12828
h4_day14,4,27,True,optimal,0.0,0.019001007080078125,0.158329900004901,4572,2322,14880
h4_day14,4,28,True,optimal,0.0,0.1340007781982422,0.2691704999888316,4699,2449,12917
h4_day14,4,29,True,optimal,0.0,0.08699989318847656,0.22611190000316128,4887,2637,15255
h4_day14,4,30,True,optimal,0.0,0.19899940490722656,0.34418310000910424,4881,2631,13139
h4_day14,4,31,True,optimal,0.0,0.04599952697753906,0.18923519999952987,4839,2589,15192
h4_day14,4,32,True,optimal,0.0,0.14799880981445312,0.30461530000320636,4759,2509,12985
h4_day14,4,33,True,optimal,0.0,0.030000686645507812,0.16839269999763928,4663,2413,14978
h4_day14,4,34,True,optimal,0.0,0.13699913024902344,0.26968620001571253,4826,2576,13024
h4_day14,4,35,True,optimal,0.0,0.07399940490722656,0.22826129998429678,5112,2862,15463
h4_day14,4,36,True,optimal,0.0,0.17799949645996094,0.31824520000373013,5162,2912,13422
h4_day14,4,37,True,optimal,0.0,0.07299995422363281,0.2444236000010278,5144,2894,15453
h4_day14,4,38,True,optimal,0.0,0.1900005340576172,0.32994130000588484,5184,2934,13382
h4_day14,4,39,True,optimal,0.0,0.07999992370605469,0.2459746999957133,5055,2805,15220
h4_day14,4,40,True,optimal,0.0,0.18900108337402344,0.3328093999880366,5334,3084,13470
h4_day14,4,41,True,optimal,0.0,0.10200119018554688,0.2762079999956768,5351,3101,15534
h4_day14,4,42,True,optimal,0.0,0.20199966430664062,0.34642089999397285,5419,3169,13527
h4_day14,4,43,True,optimal,0.0,0.11800003051757812,0.2968644999782555,5610,3360,15804
h4_day14,4,44,True,optimal,0.0,0.23099899291992188,0.3784089000255335,5680,3430,13789
h4_day14,4,45,True,optimal,0.0,0.17600059509277344,0.3325213000061922,5780,3530,15785
h4_day14,4,46,True,optimal,0.0,0.22999954223632812,0.37225389998639,5547,3297,13420
h4_day14,4,47,True,optimal,0.0,0.1750011444091797,0.32332929997937754,5494,3244,15267
h4_day14,4,48,True,optimal,0.0,0.21699905395507812,0.35421729998779483,5320,3070,13033
h4_day14,4,49,True,optimal,0.0,0.1100006103515625,0.26033630000893027,5473,3223,15107
h4_day14,4,50,True,optimal,0.0,0.22100067138671875,0.3605993000091985,5559,3309,13292
h4_day14,4,51,True,optimal,0.0,0.10000038146972656,0.244972400018014,5502,3252,15069
h4_day14,4,52,True,optimal,0.0,0.2049999237060547,0.3432352000090759,5267,3017,12812
h4_day14,4,53,True,optimal,0.0,0.12199974060058594,0.2726925000024494,5600,3350,15008
h4_day14,4,54,True,optimal,0.0,0.24200057983398438,0.38987830001860857,5932,3682,13519
h4_day14,4,55,True,optimal,0.0,0.1979999542236328,0.349257599998964,5876,3626,15184
h4_day14,4,56,True,optimal,0.0,0.2830009460449219,0.48236199998063967,5887,3637,13386
h4_day14,4,57,True,optimal,0.0,0.1399993896484375,0.2852644999802578,5611,3361,14490
h4_day14,4,58,True,optimal,0.0,0.2550010681152344,0.3913312000222504,5810,3560,12922
h4_day14,4,59,True,optimal,0.0,0.14699935913085938,0.2963832000095863,5810,3560,14515
h4_day14,4,60,True,optimal,0.0,0.22900009155273438,0.3671113000018522,5884,3634,12831
h4_day14,4,61,True,optimal,0.0,0.13500022888183594,0.31953389997943304,5824,3574,14070
h4_day14,4,62,True,optimal,0.0,0.18900108337402344,0.31656209999346174,5448,3198,11919
h4_day14,4,63,True,optimal,0.0,0.09000015258789062,0.2205919999978505,5412,3162,13370
h4_day14,4,64,True,optimal,0.0,0.18799972534179688,0.3091500000155065,5440,3190,11682
h4_day14,4,65,True,optimal,0.0,0.08700180053710938,0.21386369998799637,5134,2884,12478
h4_day14,4,66,True,optimal,0.0,0.2049999237060547,0.3215003999939654,5443,3193,11434
h4_day14,4,67,True,optimal,0.0,0.13699913024902344,0.2619145000062417,5374,3124,12713
h4_day14,4,68,True,optimal,0.0,0.29599952697753906,0.4178883999993559,5386,3136,11158
h4_day14,4,69,True,optimal,0.0,0.2370014190673828,0.410383099981118,5376,3126,12300
h4_day14,4,70,True,optimal,0.0,0.2650012969970703,0.3894833000085782,5474,3224,10998
h4_day14,4,71,True,optimal,0.0,0.1509990692138672,0.2801861999905668,5717,3467,12454
h4_day14,4,72,True,optimal,0.0,0.19700050354003906,0.3857678000058513,5453,3203,10833
h4_day14,4,73,True,optimal,0.0,0.13800048828125,0.2598091999825556,5443,3193,11838
h4_day14,4,74,True,optimal,0.0,0.18600082397460938,0.30205679999198765,5426,3176,10530
h4_day14,4,75,True,optimal,0.0,0.10699844360351562,0.22461820000899024,5253,3003,11159
h4_day14,4,76,True,optimal,0.0,0.14699935913085938,0.2578442000085488,5343,3093,10014
h4_day14,4,77,True,optimal,0.0,0.07800102233886719,0.18522549999761395,5086,2836,10432
h4_day14,4,78,True,optimal,0.0,0.12400054931640625,0.22752430001855828,4597,2347,8588
h4_day14,4,79,True,optimal,0.0,0.06799888610839844,0.16701819997979328,4545,2295,9339
h4_day14,4,80,True,optimal,0.0,0.10099983215332031,0.19224139998550527,4594,2344,8367
h4_day14,4,81,True,optimal,0.0,0.03999900817871094,0.1291514000040479,4561,2311,9034
h4_day14,4,82,True,optimal,0.0,0.07800102233886719,0.16778840002370998,4540,2290,7915
h4_day14,4,83,True,optimal,0.0,0.036998748779296875,0.1269421000033617,4319,2069,8305
h4_day14,4,84,True,optimal,0.0,0.08599853515625,0.17176209998433478,4496,2246,7687
h4_day14,4,85,True,optimal,0.0,0.06800079345703125,0.14965370000572875,4529,2279,8183
h4_day14,4,86,True,optimal,0.0,0.06999969482421875,0.14516409998759627,4317,2067,6906
h4_day14,4,87,True,optimal,0.0,0.035999298095703125,0.10819650001940317,4135,1885,7016
h4_day14,4,88,True,optimal,0.0,0.08800125122070312,0.15900889999466017,4004,1754,6173
h4_day14,4,89,True,optimal,0.0,0.018999099731445312,0.08492799999658018,3812,1562,6277
h4_day14,4,90,True,optimal,0.0,0.05299949645996094,0.11803640000289306,3739,1489,5445
h4_day14,4,91,True,optimal,0.0,0.03299903869628906,0.15642049998859875,4028,1778,6056
h4_day14,4,92,True,optimal,0.0,0.0449981689453125,0.10229260000050999,3750,1500,5164
h4_day14,4,93,True,optimal,0.0,0.006000518798828125,0.05768600001465529,3362,1112,4773
h4_day14,4,94,True,optimal,0.0,0.018999099731445312,0.06675699999323115,3045,795,4047
h4_day14,4,95,True,optimal,0.0,0.0039997100830078125,0.049166099983267486,3080,830,4178
h4_day14,4,96,False,optimal,0.0,0.016000747680664062,0.1193656999967061,3023,773,3789
h4_day14,4,97,False,optimal,0.0,0.0039997100830078125,0.04586489999201149,2896,646,3704
h4_day14,4,98,False,optimal,0.0,0.010999679565429688,0.05439089998253621,2721,471,3284
h4_day14,4,99,False,optimal,0.0,0.0030002593994140625,0.03890590000082739,2583,333,3155
h4_day14,4,100,False,optimal,0.0,0.006999969482421875,0.04111409999313764,2517,267,2888
h4_day14,4,101,False,optimal,0.0,0.004001617431640625,0.035774199990555644,2464,214,2796
h4_day14,4,102,False,optimal,0.0,0.005001068115234375,0.03678059999947436,2441,191,2674
h4_day14,4,103,False,optimal,0.0,0.0030002593994140625,0.03273320000153035,2363,113,2557
h4_day14,4,104,False,optimal,0.0,0.010000228881835938,0.03350660001160577,2359,109,2492
h4_day14,4,105,False,optimal,0.0,0.004001617431640625,0.03135250002378598,2336,86,2487
h4_day14,4,106,False,optimal,0.0,0.0039997100830078125,0.03440239999326877,2309,59,2406
h4_day14,4,107,False,optimal,0.0,0.0020008087158203125,0.029902799986302853,2286,36,2390
h5_day01,5,0,True,optimal,0.0,0.17600059509277344,0.32869289998780005,4912,2162,12918
h5_day01,5,1,True,optimal,0.0,0.11200141906738281,0.2663097999757156,5093,2343,15331
h5_day01,5,2,True,optimal,0.0,0.18199920654296875,0.34489980002399534,5109,2359,13152
h5_day01,5,3,True,optimal,0.0,0.03800010681152344,0.18688750002183951,4992,2242,15211
h5_day01,5,4,True,optimal,0.0,0.11900138854980469,0.2583096000016667,5023,2273,13045
h5_day01,5,5,True,optimal,0.0,0.034999847412109375,0.18530710000777617,5050,2300,15276
h5_day01,5,6,True,optimal,0.0,0.11599922180175781,0.25252359997830354,5034,2284,13059
h5_day01,5,7,True,optimal,0.0,0.04599952697753906,0.1898347999958787,5116,2366,15358
h5_day01,5,8,True,optimal,0.0,0.1490001678466797,0.2823855000024196,5043,2293,13069
h5_day01,5,9,True,optimal,0.0,0.02899932861328125,0.16918570001143962,4977,2227,15179
h5_day01,5,10,True,optimal,0.0,0.1719989776611328,0.30687420000322163,4979,2229,12971
h5_day01,5,11,True,optimal,0.0,0.02899932861328125,0.17279499999131076,4999,2249,15195
h5_day01,5,12,True,optimal,0.0,0.10799980163574219,0.2389846000005491,4971,2221,12935
h5_day01,5,13,True,optimal,0.0,0.025999069213867188,0.16338260000338778,5016,2266,15177
h5_day01,5,14,True,optimal,0.0,0.11999893188476562,0.2446302000025753,5038,2288,13015
h5_day01,5,15,True,optimal,0.0,0.04599952697753906,0.1841671000001952,5005,2255,15128
h5_day01,5,16,True,optimal,0.0,0.12400054931640625,0.25263489998178557,5041,2291,12991
h5_day01,5,17,True,optimal,0.0,0.032001495361328125,0.18371189999743365,5043,2293,15129
h5_day01,5,18,True,optimal,0.0,0.11900138854980469,0.25090159999672323,5036,2286,12917
h5_day01,5,19,True,optimal,0.0,0.050998687744140625,0.18550190000678413,5083,2333,15128
h5_day01,5,20,True,optimal,0.0,0.14299964904785156,0.2718965000240132,5082,2332,12971
h5_day01,5,21,True,optimal,0.0,0.07599830627441406,0.21019760001217946,5045,2295,14998
h5_day01,5,22,True,optimal,0.0,0.10700035095214844,0.2355366999981925,4928,2178,12718
h5_day01,5,23,True,optimal,0.0,0.02700042724609375,0.16207250001025386,4942,2192,14824
h5_day01,5,24,True,optimal,0.0,0.10700035095214844,0.23493090001284145,4920,2170,12673
h5_day01,5,25,True,optimal,0.0,0.018999099731445312,0.1732684999878984,4879,2129,14699
h5_day01,5,26,True,optimal,0.0,0.11700057983398438,0.24239339999621734,4909,2159,12620
h5_day01,5,27,True,optimal,0.0,0.03199958801269531,0.16727130001527257,4938,2188,14767
h5_day01,5,28,True,optimal,0.0,0.12600135803222656,0.25789499998791143,5038,2288,12773
h5_day01,5,29,True,optimal,0.0,0.05499839782714844,0.19318240002030507,5103,2353,14956
h5_day01,5,30,True,optimal,0.0,0.1399993896484375,0.2834462999890093,5103,2353,12839
h5_day01,5,31,True,optimal,0.0,0.04599952697753906,0.18810170001233928,5103,2353,14913
h5_day01,5,32,True,optimal,0.0,0.15799903869628906,0.3015468999801669,5001,2251,12704
h5_day01,5,33,True,optimal,0.0,0.06299972534179688,0.20044089999282733,5201,2451,15045
h5_day01,5,34,True,optimal,0.0,0.16099929809570312,0.29720000000088476,5355,2605,13129
h5_day01,5,35,True,optimal,0.0,0.13000106811523438,0.27563040002132766,5453,2703,15345
h5_day01,5,36,True,optimal,0.0,0.20199966430664062,0.33444239999516867,5559,2809,13357
h5_day01,5,37,True,optimal,0.0,0.07200050354003906,0.22333929999149404,5471,2721,15304
h5_day01,5,38,True,optimal,0.0,0.18600082397460938,0.32524790000752546,5539,2789,13268
h5_day01,5,39,True,optimal,0.0,0.12800025939941406,0.31069600000046194,5717,2967,15520
h5_day01,5,40,True,optimal,0.0,0.26199913024902344,0.40622200001962483,6059,3309,13863
h5_day01,5,41,True,optimal,0.0,0.1680011749267578,0.34598080001887865,6199,3449,16049
h5_day01,5,42,True,optimal,0.0,0.26199913024902344,0.4098953999928199,6112,3362,13739
h5_day01,5,43,True,optimal,0.0,0.18200111389160156,0.36448550000204705,6123,3373,15728
h5_day01,5,44,True,optimal,0.0,0.21699905395507812,0.3526113000116311,5781,3031,13221
h5_day01,5,45,True,optimal,0.0,0.26600074768066406,0.43139589999918826,5977,3227,15364
h5_day01,5,46,True,optimal,0.0,0.4920005798339844,0.6397408000193536,5946,3196,13300
h5_day01,5,47,True,optimal,0.0,0.2590007781982422,0.4100255999946967,5971,3221,15155
h5_day01,5,48,True,optimal,0.0,0.39299964904785156,0.5457458999881055,6338,3588,13689
h5_day01,5,49,True,optimal,0.0,0.22999954223632812,0.3888655999908224,6677,3927,15972
h5_day01,5,50,True,optimal,0.0,0.5199985504150391,0.6700334000051953,6622,3872,13837
h5_day01,5,51,True,optimal,0.0,0.3449993133544922,0.4972717000055127,6413,3663,15328
h5_day01,5,52,True,optimal,0.0,0.5359992980957031,0.6865629999956582,6395,3645,13404
h5_day01,5,53,True,optimal,0.0,0.2049999237060547,0.34769779999624006,6076,3326,14693
h5_day01,5,54,True,optimal,0.0,0.30299949645996094,0.43838209999375977,5943,3193,12580
h5_day01,5,55,True,optimal,0.0,0.2460002899169922,0.39029070001561195,6189,3439,14470
h5_day01,5,56,True,optimal,0.0,0.3269996643066406,0.5051716000016313,6188,3438,12696
h5_day01,5,57,True,optimal,0.0,0.22099876403808594,0.3610562999965623,6150,3400,14145
h5_day01,5,58,True,optimal,0.0,0.3920001983642578,0.5270721999986563,5838,3088,12139
h5_day01,5,59,True,optimal,0.0,0.29399871826171875,0.45780240002204664,6197,3447,14053
h5_day01,5,60,True,optimal,0.0,0.36499977111816406,0.5043237000063527,6188,3438,12439
h5_day01,5,61,True,optimal,1.4825927420632903e-10,0.2460002899169922,0.4280908999789972,6432,3682,14256
h5_day01,5,62,True,optimal,0.0,0.3430004119873047,0.48334890001569875,6327,3577,12466
h5_day01,5,63,True,optimal,4.079194509725606e-10,0.2539997100830078,0.39848479998181574,6371,3621,14018
h5_day01,5,64,True,optimal,0.0,0.3099994659423828,0.44696159998420626,6249,3499,12272
h5_day01,5,65,True,optimal,0.0,0.23799896240234375,0.3764958999818191,6150,3400,13492
h5_day01,5,66,True,optimal,8.763529400047296e-05,0.417999267578125,0.6036842000030447,6399,3649,12246
h5_day01,5,67,True,optimal,0.0,0.305999755859375,0.4530922000121791,6301,3551,13466
h5_day01,5,68,True,optimal,0.0,0.34599876403808594,0.4810476999846287,6013,3263,11572
h5_day01,5,69,True,optimal,0.0,0.220001220703125,0.4145724000118207,6307,3557,13257
h5_day01,5,70,True,optimal,0.0,0.29599952697753906,0.42852610000409186,6204,3454,11637
h5_day01,5,71,True,optimal,0.0,0.1509990692138672,0.2862260000256356,6401,3651,13076
h5_day01,5,72,True,optimal,0.0,0.21399879455566406,0.38604519999353215,6527,3777,11837
h5_day01,5,73,True,optimal,0.0,0.1700000762939453,0.3048121000174433,6376,3626,12806
h5_day01,5,74,True,optimal,0.0,0.2239990234375,0.3472092999727465,6190,3440,11229
h5_day01,5,75,True,optimal,0.0,0.13500022888183594,0.2594449000025634,6050,3300,12192
h5_day01,5,76,True,optimal,0.0,0.3680000305175781,0.49705370000447147,6255,3505,10979
h5_day01,5,77,True,optimal,8.405965856170757e-05,0.16699981689453125,0.28772700001718476,5920,3170,11492
h5_day01,5,78,True,optimal,0.0,0.17600059509277344,0.28974720000405796,6042,3292,10481
h5_day01,5,79,True,optimal,0.0,0.08300018310546875,0.20515090000117198,5933,3183,11266
h5_day01,5,80,True,optimal,0.0,0.19300079345703125,0.29901089999475516,5603,2853,9655
h5_day01,5,81,True,optimal,0.0,0.14999961853027344,0.26605340000241995,5450,2700,10276
h5_day01,5,82,True,optimal,0.0,0.1790008544921875,0.27947019998100586,5267,2517,8810
h5_day01,5,83,True,optimal,6.367702204635977e-05,0.14599990844726562,0.26046049999422394,5602,2852,9951
h5_day01,5,84,True,optimal,0.0,0.2740001678466797,0.37540659998194315,5506,2756,8886
h5_day01,5,85,True,optimal,0.0,0.11199951171875,0.21814059998723678,5512,2762,9540
h5_day01,5,86,True,optimal,0.0,0.1359996795654297,0.23836950000259094,5398,2648,8586
h5_day01,5,87,True,optimal,0.0,0.09199905395507812,0.19976400001905859,5354,2604,9039
h5_day01,5,88,True,optimal,0.0,0.1420001983642578,0.2364530999911949,5345,2595,8157
h5_day01,5,89,True,optimal,4.926243255037195e-05,0.09000015258789062,0.17927220001001842,4976,2226,7906
h5_day01,5,90,True,optimal,0.0,0.1230010986328125,0.21299669999280013,5009,2259,7258
h5_day01,5,91,True,optimal,0.0,0.10700035095214844,0.19344890001229942,4930,2180,7570
h5_day01,5,92,True,optimal,0.0,0.08799934387207031,0.15985969998291694,4535,1785,6409
h5_day01,5,93,True,optimal,0.0,0.048999786376953125,0.11890570001560263,4359,1609,6398
h5_day01,5,94,True,optimal,0.0,0.042999267578125,0.10445819998858497,4041,1291,5436
h5_day01,5,95,True,optimal,0.0,0.03199958801269531,0.09372069998062216,4032,1282,5673
h5_day01,5,96,False,optimal,0.0,0.031000137329101562,0.08783509998465888,3836,1086,5036
h5_day01,5,97,False,optimal,0.0,0.017000198364257812,0.07019919998128898,3587,837,4913
h5_day01,5,98,False,optimal,0.0,0.01599884033203125,0.12601499998709187,3433,683,4297
h5_day01,5,99,False,optimal,0.0,0.0049991607666015625,0.060098899994045496,3405,655,4347
h5_day01,5,100,False,optimal,0.0,0.006000518798828125,0.056086700002197176,3442,692,4142
h5_day01,5,101,False,optimal,0.0,0.0049991607666015625,0.050893800013000146,3269,519,4030
h5_day01,5,102,False,optimal,0.0,0.006999969482421875,0.051907500019297004,3196,446,3767
h5_day01,5,103,False,optimal,0.0,0.005001068115234375,0.047817899991059676,3189,439,3848
h5_day01,5,104,False,optimal,0.0,0.006000518798828125,0.046365899994270876,3099,349,3570
h5_day01,5,105,False,optimal,0.0,0.0049991607666015625,0.0425902999995742,3019,269,3377
h5_day01,5,106,False,optimal,0.0,0.005001068115234375,0.049237200000789016,2989,239,3270
h5_day01,5,107,False,optimal,0.0,0.0,0.042859199980739504,3011,261,3362
h5_day01,5,108,False,optimal,0.0,0.004001617431640625,0.04287189999013208,3008,258,3293
h5_day01,5,109,False,optimal,0.0,0.0039997100830078125,0.040578900021500885,2936,186,3233
h5_day01,5,110,False,optimal,0.0,0.0039997100830078125,0.04078720000688918,2851,101,2986
h5_day01,5,111,False,optimal,0.0,0.0059986114501953125,0.037488200003281236,2828,78,2981
h5_day01,5,112,False,optimal,0.0,0.0039997100830078125,0.03649600001517683,2795,45,2886
h5_day01,5,113,False,optimal,0.0,0.007999420166015625,0.0349452999944333,2774,24,2872
h5_day37,5,0,True,optimal,0.0,0.15800094604492188,0.3080007999960799,4945,2195,12888
h5_day37,5,1,True,optimal,0.0,0.06500053405761719,0.20541189998039044,5072,2322,15237
h5_day37,5,2,True,optimal,0.0,0.1680011749267578,0.30789179998100735,4980,2230,12926
h5_day37,5,3,True,optimal,0.0,0.048000335693359375,0.19148129998939112,5026,2276,15182
h5_day37,5,4,True,optimal,0.0,0.09900093078613281,0.2317901000205893,4883,2133,12816
h5_day37,5,5,True,optimal,0.0,0.03999900817871094,0.17271379998419434,4948,2198,15094
h5_day37,5,6,True,optimal,0.0,0.13800048828125,0.2668208999966737,4948,2198,12894
h5_day37,5,7,True,optimal,0.0,0.07299995422363281,0.21002269999007694,5005,2255,15159
h5_day37,5,8,True,optimal,0.0,0.10499954223632812,0.24105510002118535,4988,2238,12937
h5_day37,5,9,True,optimal,0.0,0.029998779296875,0.16664650000166148,4966,2216,15104
h5_day37,5,10,True,optimal,0.0,0.10400009155273438,0.2354613000061363,4943,2193,12876
h5_day37,5,11,True,optimal,0.0,0.06500053405761719,0.1984742000058759,5031,2281,15182
h5_day37,5,12,True,optimal,0.0,0.11100006103515625,0.23927410002215765,4990,2240,12923
h5_day37,5,13,True,optimal,0.0,0.030000686645507812,0.16345789999468252,4952,2202,15038
h5_day37,5,14,True,optimal,0.0,0.1420001983642578,0.2824465000012424,5012,2262,12922
h5_day37,5,15,True,optimal,0.0,0.03899955749511719,0.1699376000033226,4960,2210,15012
h5_day37,5,16,True,optimal,0.0,0.09599876403808594,0.22987859998829663,4863,2113,12719
h5_day37,5,17,True,optimal,0.0,0.048000335693359375,0.17982499999925494,4856,2106,14848
h5_day37,5,18,True,optimal,0.0,0.14100074768066406,0.2685440999921411,4928,2178,12763
h5_day37,5,19,True,optimal,0.0,0.03899955749511719,0.17717260000063106,4965,2215,14967
h5_day37,5,20,True,optimal,0.0,0.12400054931640625,0.24997770000481978,5012,2262,12855
h5_day37,5,21,True,optimal,0.0,0.04599952697753906,0.1947062000108417,5057,2307,15075
h5_day37,5,22,True,optimal,0.0,0.1289997100830078,0.2480840000207536,4998,2248,12840
h5_day37,5,23,True,optimal,0.0,0.03600120544433594,0.17469739998341538,4923,2173,14877
h5_day37,5,24,True,optimal,0.0,0.10400009155273438,0.22748410000349395,4901,2151,12694
h5_day37,5,25,True,optimal,0.0,0.036998748779296875,0.16842649999307469,4978,2228,14909
h5_day37,5,26,True,optimal,0.0,0.11499977111816406,0.26144050000584684,4971,2221,12721
h5_day37,5,27,True,optimal,0.0,0.049999237060546875,0.18630440000561066,5061,2311,14961
h5_day37,5,28,True,optimal,0.0,0.11599922180175781,0.24326319998363033,4988,2238,12741
h5_day37,5,29,True,optimal,0.0,0.049999237060546875,0.20367310001165606,5114,2364,15026
h5_day37,5,30,True,optimal,0.0,0.11499977111816406,0.24429390000295825,5010,2260,12729
h5_day37,5,31,True,optimal,0.0,0.06599998474121094,0.19925440000952221,5148,2398,15016
h5_day37,5,32,True,optimal,0.0,0.19099998474121094,0.32287589999032207,5287,2537,13060
h5_day37,5,33,True,optimal,0.0,0.06299972534179688,0.19972770000458695,5273,2523,15162
h5_day37,5,34,True,optimal,0.0,0.1790008544921875,0.3331484000082128,5412,2662,13177
h5_day37,5,35,True,optimal,0.0,0.08699989318847656,0.2264277000213042,5444,2694,15326
h5_day37,5,36,True,optimal,0.0,0.2030010223388672,0.363880999997491,5551,2801,13332
h5_day37,5,37,True,optimal,0.0,0.11100006103515625,0.2532299000013154,5542,2792,15425
h5_day37,5,38,True,optimal,0.0,0.19300079345703125,0.3533762999868486,5746,2996,13531
h5_day37,5,39,True,optimal,0.0,0.12199974060058594,0.26760169997578487,5734,2984,15615
h5_day37,5,40,True,optimal,0.0,0.23200035095214844,0.3965328999911435,5782,3032,13521
h5_day37,5,41,True,optimal,0.0,0.1620006561279297,0.31866759998956695,5782,3032,15515
h5_day37,5,42,True,optimal,0.0,0.2310009002685547,0.3995671000157017,5930,3180,13620
h5_day37,5,43,True,optimal,0.0,0.16099929809570312,0.31230419999337755,6043,3293,15822
h5_day37,5,44,True,optimal,0.0,0.2329998016357422,0.40426619999925606,6117,3367,13788
h5_day37,5,45,True,optimal,0.0,0.15900039672851562,0.3131400999845937,6183,3433,15900
h5_day37,5,46,True,optimal,5.722206871629315e-06,0.8409996032714844,1.0082400999963284,6438,3688,14155
h5_day37,5,47,True,optimal,0.0,0.9379997253417969,1.118893200007733,6426,3676,16083
h5_day37,5,48,True,optimal,0.0,0.44299888610839844,0.5818507999938447,6124,3374,13558
h5_day37,5,49,True,optimal,0.0,0.2460002899169922,0.39756489999126643,6341,3591,15666
h5_day37,5,50,True,optimal,0.0,0.5279998779296875,0.6911931000067852,6360,3610,13675
h5_day37,5,51,True,optimal,0.0,0.23399925231933594,0.3910383000038564,6512,3762,15715
h5_day37,5,52,True,optimal,0.0,0.3540000915527344,0.49492510000709444,6322,3572,13544
h5_day37,5,53,True,optimal,0.0,0.3360004425048828,0.49641849999898113,6369,3619,15473
h5_day37,5,54,True,optimal,0.0,0.2740001678466797,0.4170383999880869,5977,3227,12949
h5_day37,5,55,True,optimal,0.0,0.3120002746582031,0.5018350000027567,6317,3567,15144
h5_day37,5,56,True,optimal,0.0,0.4589996337890625,0.610229200014146,6721,3971,13800
h5_day37,5,57,True,optimal,0.0,0.2709999084472656,0.4333304000028875,6768,4018,15612
h5_day37,5,58,True,optimal,0.0,0.4679985046386719,0.6065149999922141,6330,3580,13038
h5_day37,5,59,True,optimal,0.0,0.19099998474121094,0.3767068999877665,6174,3424,14534
h5_day37,5,60,True,optimal,0.0,0.34200096130371094,0.5143783999956213,6216,3466,12762
h5_day37,5,61,True,optimal,0.0,0.21000099182128906,0.3501602000033017,5892,3142,13928
h5_day37,5,62,True,optimal,0.0,0.3130016326904297,0.4431660000118427,6183,3433,12559
h5_day37,5,63,True,optimal,0.0,0.28800010681152344,0.44882820002385415,6362,3612,14403
h5_day37,5,64,True,optimal,0.0,0.444000244140625,0.5867909000080545,6586,3836,12934
h5_day37,5,65,True,optimal,0.0,0.345001220703125,0.5539641999930609,6730,3980,14558
h5_day37,5,66,True,optimal,2.7766429311930443e-10,0.32200050354003906,0.47008200001437217,6280,3530,12379
h5_day37,5,67,True,optimal,0.0,0.2560005187988281,0.39715350000187755,6304,3554,13599
h5_day37,5,68,True,optimal,1.1073874452945043e-06,0.5009994506835938,0.6682567000098061,6268,3518,12034
h5_day37,5,69,True,optimal,0.0,0.20599937438964844,0.35628320000250824,6066,3316,12995
h5_day37,5,70,True,optimal,0.0,0.27700042724609375,0.4107730000105221,6192,3442,11568
h5_day37,5,71,True,optimal,0.0,0.3119983673095703,0.4582065000140574,6571,3821,13353
h5_day37,5,72,True,optimal,8.89548902942919e-05,0.3020000457763672,0.4349291000107769,6299,3549,11552
h5_day37,5,73,True,optimal,0.0,0.2239990234375,0.3548058000160381,6442,3692,12788
h5_day37,5,74,True,optimal,0.0,0.18700027465820312,0.30807120000827126,6106,3356,11042
h5_day37,5,75,True,optimal,0.0,0.08600044250488281,0.20264390000374988,5940,3190,11852
h5_day37,5,76,True,optimal,0.0,0.13800048828125,0.2500607999972999,5865,3115,10327
h5_day37,5,77,True,optimal,8.126044930986665e-05,0.10200119018554688,0.21484299999428913,5842,3092,11218
h5_day37,5,78,True,optimal,0.0,0.15600013732910156,0.2789640999981202,6015,3265,10152
h5_day37,5,79,True,optimal,0.0,0.082000732421875,0.19875140002113767,5671,2921,10562
h5_day37,5,80,True,optimal,0.0,0.08800125122070312,0.1962502999813296,5876,3126,9789
h5_day37,5,81,True,optimal,0.0,0.04500007629394531,0.15297470000223257,5937,3187,10690
h5_day37,5,82,True,optimal,0.0,0.13700103759765625,0.2379755000001751,5855,3105,9377
h5_day37,5,83,True,optimal,0.0,0.11299896240234375,0.26973570001428016,5510,2760,9596
h5_day37,5,84,True,optimal,0.0,0.14800071716308594,0.24233080001431517,5490,2740,8598
h5_day37,5,85,True,optimal,9.012865333163157e-05,0.11800003051757812,0.22806809999747202,5507,2757,9179
h5_day37,5,86,True,optimal,0.0,0.13700103759765625,0.23690099999657832,5301,2551,8114
h5_day37,5,87,True,optimal,0.0,0.05299949645996094,0.18836659999215044,4711,1961,7620
h5_day37,5,88,True,optimal,0.0,0.05100059509277344,0.1305114999995567,4316,1566,6419
h5_day37,5,89,True,optimal,0.0,0.019001007080078125,0.08726599998772144,4200,1450,6645
h5_day37,5,90,True,optimal,0.0,0.035999298095703125,0.10661930000060238,4316,1566,6167
h5_day37,5,91,True,optimal,0.0,0.024000167846679688,0.09469209998496808,4370,1620,6437
h5_day37,5,92,True,optimal,0.0,0.049999237060546875,0.11877670002286322,4454,1704,6124
h5_day37,5,93,True,optimal,0.0,0.05500030517578125,0.12375669999164529,4366,1616,6305
h5_day37,5,94,True,optimal,0.0,0.034999847412109375,0.10080399998696521,4403,1653,5972
h5_day37,5,95,True,optimal,0.0,0.0149993896484375,0.07559399999445304,3966,1216,5506
h5_day37,5,96,False,optimal,0.0,0.03199958801269531,0.08190399999148212,3625,875,4674
h5_day37,5,97,False,optimal,0.0,0.006000518798828125,0.05499550001695752,3348,598,4352
h5_day37,5,98,False,optimal,0.0,0.017999649047851562,0.06452960000024177,3289,539,4026
h5_day37,5,99,False,optimal,0.0,0.006000518798828125,0.05109640001319349,3246,496,3978
h5_day37,5,100,False,optimal,0.0,0.0049991607666015625,0.04689449997385964,3160,410,3649
h5_day37,5,101,False,optimal,0.0,0.0039997100830078125,0.04330160000245087,3046,296,3480
h5_day37,5,102,False,optimal,0.0,0.006000518798828125,0.04444169998168945,3068,318,3381
h5_day37,5,103,False,optimal,0.0,0.0039997100830078125,0.049381100019672886,3042,292,3428
h5_day37,5,104,False,optimal,0.0,0.005001068115234375,0.0427854000008665,2968,218,3208
h5_day37,5,105,False,optimal,0.0,0.0039997100830078125,0.04004069999791682,2917,167,3164
h5_day37,5,106,False,optimal,0.0,0.0030002593994140625,0.03648920002160594,2804,54,2951
h5_day37,5,107,False,optimal,0.0,0.0030002593994140625,0.0346844999876339,2754,4,2848
h5_day37,5,108,False,optimal,0.0,0.00299835205078125,0.038876700011314824,2754,4,2837
h5_day37,5,109,False,optimal,0.0,0.0039997100830078125,0.03752310000709258,2777,27,2875
h5_day37,5,110,False,optimal,0.0,0.0030002593994140625,0.03964779997477308,2800,50,2891
h5_day37,5,111,False,optimal,0.0,0.0,0.03635890001896769,2800,50,2902
h5_day37,5,112,False,optimal,0.0,0.0039997100830078125,0.03785519997472875,2800,50,2891
h5_day37,5,113,False,optimal,0.0,0.0,0.03768639999907464,2799,49,2901
h5_day37,5,114,False,optimal,0.0,0.0030002593994140625,0.036094000010052696,2776,26,2863
h5_day03,5,0,True,optimal,0.0,0.17300033569335938,0.3253022000135388,4968,2218,12953
h5_day03,5,1,True,optimal,0.0,0.062000274658203125,0.2044469999964349,5107,2357,15313
h5_day03,5,2,True,optimal,0.0,0.22500038146972656,0.3635528000013437,5096,2346,13102
h5_day03,5,3,True,optimal,0.0,0.05699920654296875,0.2045860999787692,5181,2431,15402
h5_day03,5,4,True,optimal,0.0,0.13299942016601562,0.27548250000108965,5127,2377,13138
h5_day03,5,5,True,optimal,0.0,0.051998138427734375,0.2014694999961648,5150,2400,15364
h5_day03,5,6,True,optimal,0.0,0.12600135803222656,0.2627636000106577,5150,2400,13163
h5_day03,5,7,True,optimal,0.0,0.04400062561035156,0.18679380000685342,5104,2354,15306
h5_day03,5,8,True,optimal,0.0,0.11200141906738281,0.2397544999839738,5040,2290,13026
h5_day03,5,9,True,optimal,0.0,0.02899932861328125,0.1696704000059981,4981,2231,15114
h5_day03,5,10,True,optimal,0.0,0.10200119018554688,0.22680340000079013,4916,2166,12781
h5_day03,5,11,True,optimal,0.0,0.0260009765625,0.1639398999977857,4939,2189,14975
h5_day03,5,12,True,optimal,0.0,0.11100006103515625,0.24139149999246,4981,2231,12858
h5_day03,5,13,True,optimal,0.0,0.06999969482421875,0.20626390000688843,5017,2267,15071
h5_day03,5,14,True,optimal,0.0,0.10999870300292969,0.23569960001623258,4976,2226,12831
h5_day03,5,15,True,optimal,0.0,0.047000885009765625,0.1910206000029575,4979,2229,14992
h5_day03,5,16,True,optimal,0.0,0.12299919128417969,0.2501592999906279,4975,2225,12829
h5_day03,5,17,True,optimal,0.0,0.02700042724609375,0.15763940001488663,4912,2162,14903
h5_day03,5,18,True,optimal,0.0,0.09600067138671875,0.21899729999131523,4866,2116,12685
h5_day03,5,19,True,optimal,0.0,0.009000778198242188,0.15550990001065657,4820,2070,14748
h5_day03,5,20,True,optimal,0.0,0.09099960327148438,0.21292020002147183,4790,2040,12537
h5_day03,5,21,True,optimal,0.0,0.007999420166015625,0.14138839999213815,4811,2061,14696
h5_day03,5,22,True,optimal,0.0,0.14100074768066406,0.26725139998598024,4872,2122,12635
h5_day03,5,23,True,optimal,0.0,0.06599998474121094,0.19711029998143204,4912,2162,14818
h5_day03,5,24,True,optimal,0.0,0.14599990844726562,0.2712458999885712,5006,2256,12797
h5_day03,5,25,True,optimal,0.0,0.08499908447265625,0.22083140001632273,5125,2375,15071
h5_day03,5,26,True,optimal,0.0,0.13899993896484375,0.26594379998277873,5053,2303,12811
h5_day03,5,27,True,optimal,0.0,0.034999847412109375,0.1753702000132762,5009,2259,14837
h5_day03,5,28,True,optimal,0.0,0.13800048828125,0.26527860001078807,5058,2308,12777
h5_day03,5,29,True,optimal,0.0,0.05900001525878906,0.19723250000970438,5008,2258,14788
h5_day03,5,30,True,optimal,0.0,0.12400054931640625,0.2733451999956742,5032,2282,12720
h5_day03,5,31,True,optimal,0.0,0.06500053405761719,0.20092239999212325,5205,2455,15023
h5_day03,5,32,True,optimal,0.0,0.18199920654296875,0.34291599999414757,5113,2363,12814
h5_day03,5,33,True,optimal,0.0,0.055999755859375,0.19252779998350888,5115,2365,14914
h5_day03,5,34,True,optimal,0.0,0.18200111389160156,0.3087651999958325,5293,2543,13023
h5_day03,5,35,True,optimal,0.0,0.12199974060058594,0.2585382999968715,5503,2753,15377
h5_day03,5,36,True,optimal,0.0,0.20100021362304688,0.3381156999967061,5503,2753,13264
h5_day03,5,37,True,optimal,0.0,0.11699867248535156,0.28040560000226833,5525,2775,15350
h5_day03,5,38,True,optimal,0.0,0.22499847412109375,0.36688580000190996,5678,2928,13438
h5_day03,5,39,True,optimal,0.0,0.13899993896484375,0.31211999998777173,5742,2992,15598
h5_day03,5,40,True,optimal,0.0,0.25300025939941406,0.39708799999789335,5924,3174,13696
h5_day03,5,41,True,optimal,0.0,0.13899993896484375,0.31074200000148267,5742,2992,15547
h5_day03,5,42,True,optimal,0.0,0.24199867248535156,0.38352089998079464,5859,3109,13566
h5_day03,5,43,True,optimal,0.0,0.180999755859375,0.3417249000049196,5831,3081,15521
h5_day03,5,44,True,optimal,0.0,0.23600006103515625,0.38006620001397096,5884,3134,13487
h5_day03,5,45,True,optimal,0.0,0.13699913024902344,0.29844990000128746,5870,3120,15393
h5_day03,5,46,True,optimal,0.0,0.24300003051757812,0.38402190001215786,5928,3178,13416
h5_day03,5,47,True,optimal,0.0,0.18200111389160156,0.33633769999141805,6188,3438,15722
h5_day03,5,48,True,optimal,0.0,0.3299999237060547,0.4958250999916345,6287,3537,13805
h5_day03,5,49,True,optimal,0.0,2.4190006256103516,2.596231399977114,6306,3556,15636
h5_day03,5,50,True,optimal,8.372191544066669e-05,0.9029998779296875,1.0693769000063185,6364,3614,13694
h5_day03,5,51,True,optimal,0.0,0.5529994964599609,0.7160004999896046,6417,3667,15568
h5_day03,5,52,True,optimal,0.0,0.3690013885498047,0.5110929000074975,6198,3448,13290
h5_day03,5,53,True,optimal,0.0,0.26399993896484375,0.43940579998889007,6306,3556,15131
h5_day03,5,54,True,optimal,0.0,0.37599945068359375,0.5178162999800406,6332,3582,13340
h5_day03,5,55,True,optimal,0.0,0.21899986267089844,0.3735638999787625,6241,3491,14948
h5_day03,5,56,True,optimal,0.0,0.3099994659423828,0.4858786999830045,6093,3343,12982
h5_day03,5,57,True,optimal,0.0,0.1979999542236328,0.33819840001524426,6001,3251,14440
h5_day03,5,58,True,optimal,0.0,0.3640003204345703,0.5090004999947269,6283,3533,13024
h5_day03,5,59,True,optimal,0.0,0.3269996643066406,0.4777835000131745,6460,3710,14874
h5_day03,5,60,True,optimal,0.0,0.5260009765625,0.6803807999822311,7021,4271,13849
h5_day03,5,61,True,optimal,0.0,0.20199966430664062,0.384571499977028,6467,3717,14689
h5_day03,5,62,True,optimal,0.0,0.26600074768066406,0.40478469998924993,6221,3471,12593
h5_day03,5,63,True,optimal,0.0,0.2030010223388672,0.35268780001206324,6411,3661,14409
h5_day03,5,64,True,optimal,0.0,0.36499977111816406,0.5134185000206344,6934,4184,13395
h5_day03,5,65,True,optimal,0.0,0.27300071716308594,0.4334507999883499,6973,4223,15001
h5_day03,5,66,True,optimal,0.0,0.5200004577636719,0.7087253999779932,6783,4033,12912
h5_day03,5,67,True,optimal,0.0,0.39100074768066406,0.5370251999993343,6513,3763,13917
h5_day03,5,68,True,optimal,0.0,0.5200004577636719,0.6684675000142306,6640,3890,12494
h5_day03,5,69,True,optimal,0.0,0.2700004577636719,0.4048783000034746,6398,3648,13467
h5_day03,5,70,True,optimal,0.0,0.2999992370605469,0.4352712999971118,6740,3990,12292
h5_day03,5,71,True,optimal,0.0,0.2579994201660156,0.4092608999926597,7205,4455,14234
h5_day03,5,72,True,optimal,1.6630301670946343e-05,0.4629993438720703,0.6107063999806996,7147,4397,12598
h5_day03,5,73,True,optimal,0.0,0.37399864196777344,0.5167360999912489,6766,4016,13194
h5_day03,5,74,True,optimal,0.0,0.4090003967285156,0.5411882000043988,6527,3777,11487
h5_day03,5,75,True,optimal,0.0,0.180999755859375,0.2978570000268519,5954,3204,11602
h5_day03,5,76,True,optimal,0.0,0.16500091552734375,0.27390119998017326,5637,2887,9807
h5_day03,5,77,True,optimal,0.0,0.13899993896484375,0.2534612000163179,5327,2577,10222
h5_day03,5,78,True,optimal,0.0,0.19300079345703125,0.29450340001494624,5274,2524,8989
h5_day03,5,79,True,optimal,0.0,0.10499954223632812,0.208601299993461,5450,2700,10150
h5_day03,5,80,True,optimal,0.0,0.15600013732910156,0.26113400000031106,5599,2849,9209
h5_day03,5,81,True,optimal,0.0,0.09499931335449219,0.20022150001022965,5613,2863,10005
h5_day03,5,82,True,optimal,0.0,0.1490001678466797,0.24883670001872815,5646,2896,9100
h5_day03,5,83,True,optimal,0.0,0.07900047302246094,0.1789011999790091,5601,2851,9722
h5_day03,5,84,True,optimal,0.0,0.12299919128417969,0.2098841999832075,5295,2545,8255
h5_day03,5,85,True,optimal,0.0,0.08500099182128906,0.182952800008934,5127,2377,8479
h5_day03,5,86,True,optimal,0.0,0.14100074768066406,0.2278428999998141,5087,2337,7700
h5_day03,5,87,True,optimal,5.298497082359816e-05,0.062000274658203125,0.14836059999652207,4784,2034,7643
h5_day03,5,88,True,optimal,0.0,0.07700157165527344,0.15755569998873398,4688,1938,6807
h5_day03,5,89,True,optimal,0.0,0.0279998779296875,0.10008639999432489,4499,1749,6914
h5_day03,5,90,True,optimal,0.0,0.06300163269042969,0.13142220000736415,4417,1667,6309
h5_day03,5,91,True,optimal,0.0,0.05399894714355469,0.12659719999646768,4288,1538,6450
h5_day03,5,92,True,optimal,0.0,0.069000244140625,0.13338880002265796,4226,1476,5691
h5_day03,5,93,True,optimal,0.0,0.021999359130859375,0.09222859999863431,4185,1435,5904
h5_day03,5,94,True,optimal,0.0,0.034000396728515625,0.09696490000351332,4123,1373,5390
h5_day03,5,95,True,optimal,0.0,0.011999130249023438,0.06268699999782257,3924,1174,5308
h5_day03,5,96,False,optimal,0.0,0.019001007080078125,0.07196430000476539,3650,900,4665
h5_day03,5,97,False,optimal,0.0,0.006000518798828125,0.05345179999130778,3408,658,4393
h5_day03,5,98,False,optimal,0.0,0.011999130249023438,0.1215502999839373,3331,581,3966
h5_day03,5,99,False,optimal,0.0,0.006000518798828125,0.051845200010575354,3350,600,4112
h5_day03,5,100,False,optimal,0.0,0.011999130249023438,0.056992199999513105,3268,518,3804
h5_day03,5,101,False,optimal,0.0,0.005001068115234375,0.04731470000115223,3176,426,3707
h5_day03,5,102,False,optimal,0.0,0.010999679565429688,0.052290799998445436,3082,332,3461
h5_day03,5,103,False,optimal,0.0,0.0019989013671875,0.042165799997746944,2966,216,3329
h5_day03,5,104,False,optimal,0.0,0.007999420166015625,0.059999599994625896,2898,148,3074
h5_day03,5,105,False,optimal,0.0,0.0039997100830078125,0.042035600024973974,2891,141,3100
h5_day03,5,106,False,optimal,0.0,0.006000518798828125,0.04051479999907315,2836,86,2976
h5_day03,5,107,False,optimal,0.0,0.0030002593994140625,0.037391899997601286,2800,50,2902
h5_day03,5,108,False,optimal,0.0,0.0030002593994140625,0.03911889999289997,2799,49,2890
h5_day03,5,109,False,optimal,0.0,0.0020008087158203125,0.03762509999796748,2776,26,2874
h5_day04,5,0,True,optimal,0.0,0.12400054931640625,0.26368010000442155,4803,2053,12478
h5_day04,5,1,True,optimal,0.0,0.06599998474121094,0.2203264000127092,4953,2203,14854
h5_day04,5,2,True,optimal,0.0,0.1509990692138672,0.2780299999867566,4886,2136,12575
h5_day04,5,3,True,optimal,0.0,0.06399917602539062,0.22035180000239052,5115,2365,15048
h5_day04,5,4,True,optimal,0.0,0.12199974060058594,0.2578452000161633,4812,2062,12493
h5_day04,5,5,True,optimal,0.0,0.024999618530273438,0.20144549998803996,4720,1970,14581
h5_day04,5,6,True,optimal,0.0,0.09799957275390625,0.24260319999302737,4812,2062,12494
h5_day04,5,7,True,optimal,0.0,0.0279998779296875,0.16697049999493174,4763,2013,14631
h5_day04,5,8,True,optimal,0.0,0.08600044250488281,0.2209529000101611,4790,2040,12430
h5_day04,5,9,True,optimal,0.0,0.03299903869628906,0.1643571000022348,4794,2044,14622
h5_day04,5,10,True,optimal,0.0,0.10000038146972656,0.2364487999875564,4815,2065,12459
h5_day04,5,11,True,optimal,0.0,0.028001785278320312,0.15602580000995658,4790,2040,14618
h5_day04,5,12,True,optimal,0.0,0.08900070190429688,0.21113960002548993,4810,2060,12453
h5_day04,5,13,True,optimal,0.0,0.0260009765625,0.15865550001035444,4745,1995,14526
h5_day04,5,14,True,optimal,0.0,0.07900047302246094,0.20036290001007728,4700,1950,12267
h5_day04,5,15,True,optimal,0.0,0.0049991607666015625,0.1312065999954939,4658,1908,14383
h5_day04,5,16,True,optimal,0.0,0.06800079345703125,0.18439979999675415,4658,1908,12216
h5_day04,5,17,True,optimal,0.0,0.0049991607666015625,0.1277156999858562,4658,1908,14383
h5_day04,5,18,True,optimal,0.0,0.0709991455078125,0.20501810000860132,4687,1937,12249
h5_day04,5,19,True,optimal,0.0,0.017999649047851562,0.14620419999118894,4716,1966,14449
h5_day04,5,20,True,optimal,0.0,0.07800102233886719,0.2072628000169061,4716,1966,12282
h5_day04,5,21,True,optimal,0.0,0.062000274658203125,0.18681369998375885,4762,2012,14505
h5_day04,5,22,True,optimal,0.0,0.10400009155273438,0.23413719999371096,4807,2057,12393
h5_day04,5,23,True,optimal,0.0,0.019998550415039062,0.15981330000795424,4720,1970,14416
h5_day04,5,24,True,optimal,0.0,0.07999992370605469,0.2032644999853801,4697,1947,12232
h5_day04,5,25,True,optimal,0.0,0.023000717163085938,0.17361430000164546,4743,1993,14445
h5_day04,5,26,True,optimal,0.0,0.06999969482421875,0.18920759999309666,4693,1943,12230
h5_day04,5,27,True,optimal,0.0,0.024000167846679688,0.15412999998079613,4810,2060,14524
h5_day04,5,28,True,optimal,0.0,0.11599922180175781,0.2576947000052314,4971,2221,12560
h5_day04,5,29,True,optimal,0.0,0.06099891662597656,0.1931715999962762,5034,2284,14797
h5_day04,5,30,True,optimal,0.0,0.17099952697753906,0.31513130001258105,5075,2325,12690
h5_day04,5,31,True,optimal,0.0,0.07299995422363281,0.20545290000154637,5100,2350,14837
h5_day04,5,32,True,optimal,0.0,0.1360015869140625,0.26169729998218827,5056,2306,12604
h5_day04,5,33,True,optimal,0.0,0.06999969482421875,0.20972430001711473,5173,2423,14828
h5_day04,5,34,True,optimal,0.0,0.14800071716308594,0.2742131999984849,5256,2506,12805
h5_day04,5,35,True,optimal,0.0,0.09200096130371094,0.22731859999476,5378,2628,15058
h5_day04,5,36,True,optimal,0.0,0.15800094604492188,0.29382689998601563,5459,2709,12986
h5_day04,5,37,True,optimal,0.0,0.10799980163574219,0.2716948000015691,5570,2820,15214
h5_day04,5,38,True,optimal,0.0,0.22999954223632812,0.3621614000003319,5604,2854,13044
h5_day04,5,39,True,optimal,0.0,0.11600112915039062,0.2839228000084404,5563,2813,15049
h5_day04,5,40,True,optimal,0.0,0.23999977111816406,0.3742029000131879,5825,3075,13298
h5_day04,5,41,True,optimal,0.0,0.13100051879882812,0.30400649999501184,5646,2896,15109
h5_day04,5,42,True,optimal,0.0,0.20000076293945312,0.3310373999993317,5660,2910,12994
h5_day04,5,43,True,optimal,0.0,0.1359996795654297,0.2858649000118021,5847,3097,15212
h5_day04,5,44,True,optimal,0.0,0.2240009307861328,0.3664961000031326,6037,3287,13387
h5_day04,5,45,True,optimal,0.0,0.17399978637695312,0.33461330001591705,6178,3428,15422
h5_day04,5,46,True,optimal,0.0,0.2670001983642578,0.41929640001035295,6358,3608,13670
h5_day04,5,47,True,optimal,0.0,0.20800018310546875,0.3598840999766253,6419,3669,15615
h5_day04,5,48,True,optimal,0.0,0.2760009765625,0.42118169998866506,6297,3547,13369
h5_day04,5,49,True,optimal,0.0,0.17300033569335938,0.3156959999760147,5998,3248,14758
h5_day04,5,50,True,optimal,0.0,0.3240013122558594,0.4643723999906797,5985,3235,12786
h5_day04,5,51,True,optimal,0.0,0.1999988555908203,0.3364966999797616,5715,2965,14073
h5_day04,5,52,True,optimal,0.0,0.292999267578125,0.4474385999783408,5750,3000,12181
h5_day04,5,53,True,optimal,0.0,0.14499855041503906,0.2776515999867115,5672,2922,13740
h5_day04,5,54,True,optimal,0.0,0.28800010681152344,0.4173786999890581,5801,3051,12151
h5_day04,5,55,True,optimal,0.0,0.21700096130371094,0.3860430000058841,5470,2720,13353
h5_day04,5,56,True,optimal,0.0,0.3690013885498047,0.4952057999907993,5642,2892,11858
h5_day04,5,57,True,optimal,0.0,0.34800148010253906,0.48736319999443367,5753,3003,13614
h5_day04,5,58,True,optimal,0.0,0.5890007019042969,0.7375062000064645,5888,3138,12092
h5_day04,5,59,True,optimal,0.0,0.5790004730224609,0.7241391999996267,6160,3410,14076
h5_day04,5,60,True,optimal,0.0,0.2779998779296875,0.4669599000189919,5938,3188,12069
h5_day04,5,61,True,optimal,0.0,0.21699905395507812,0.3610892000142485,5988,3238,13666
h5_day04,5,62,True,optimal,0.0,0.3399982452392578,0.4916757000028156,6631,3881,12797
h5_day04,5,63,True,optimal,0.0,0.26399993896484375,0.4051817999861669,6263,3513,13774
h5_day04,5,64,True,optimal,0.0,0.44300079345703125,0.5761409999977332,6359,3609,12254
h5_day04,5,65,True,optimal,0.0,0.26999855041503906,0.4486922000069171,6330,3580,13584
h5_day04,5,66,True,optimal,0.0,0.3520011901855469,0.4919674999837298,6508,3758,12213
h5_day04,5,67,True,optimal,0.0,0.19099998474121094,0.31799960002535954,6313,3563,13024
h5_day04,5,68,True,optimal,0.0,0.2590007781982422,0.4449499999755062,6526,3776,11867
h5_day04,5,69,True,optimal,0.0,0.15700149536132812,0.28716269999858923,6084,3334,12534
h5_day04,5,70,True,optimal,0.0,0.18999862670898438,0.3271506000019144,6070,3320,11026
h5_day04,5,71,True,optimal,0.0,0.11300086975097656,0.2785223000100814,5841,3091,11955
h5_day04,5,72,True,optimal,0.0,0.2199993133544922,0.33330189998378046,5462,2712,10045
h5_day04,5,73,True,optimal,0.0,0.125,0.2362149000109639,5719,2969,11429
h5_day04,5,74,True,optimal,0.0,0.1900005340576172,0.30508550000377,5722,2972,10178
h5_day04,5,75,True,optimal,0.0,0.09299850463867188,0.21176940001896583,5966,3216,11491
h5_day04,5,76,True,optimal,0.0,0.1359996795654297,0.24615979997906834,6010,3260,10407
h5_day04,5,77,True,optimal,0.0,0.11299896240234375,0.23267520000808872,5883,3133,11042
h5_day04,5,78,True,optimal,0.0,0.15799903869628906,0.2639834999863524,5721,2971,9704
h5_day04,5,79,True,optimal,0.0,0.11299896240234375,0.22218089998932555,5668,2918,10394
h5_day04,5,80,True,optimal,0.0,0.2110004425048828,0.32503839998389594,5768,3018,9387
h5_day04,5,81,True,optimal,9.528813935041033e-05,0.13300132751464844,0.23278689998551272,5419,2669,9682
h5_day04,5,82,True,optimal,0.0,0.1700000762939453,0.26282450000871904,5621,2871,8920
h5_day04,5,83,True,optimal,0.0,0.13100051879882812,0.23071589999017306,5671,2921,9526
h5_day04,5,84,True,optimal,0.0,0.1340007781982422,0.23974199997610413,5518,2768,8451
h5_day04,5,85,True,optimal,0.0,0.07999992370605469,0.16454190001240931,5044,2294,8129
h5_day04,5,86,True,optimal,0.0,0.11800003051757812,0.19436620001215488,4772,2022,7057
h5_day04,5,87,True,optimal,2.6600397846120502e-05,0.10799980163574219,0.19248729999526404,5019,2269,7748
h5_day04,5,88,True,optimal,0.0,0.11400032043457031,0.1959629000048153,4963,2213,7113
h5_day04,5,89,True,optimal,0.0,0.062000274658203125,0.1380609000043478,4635,1885,6889
h5_day04,5,90,True,optimal,0.0,0.08099937438964844,0.14919840000220574,4347,1597,6075
h5_day04,5,91,True,optimal,0.0,0.04599952697753906,0.11578419999568723,4364,1614,6385
h5_day04,5,92,True,optimal,0.0,0.09000015258789062,0.16371100000105798,4346,1596,5929
h5_day04,5,93,True,optimal,0.0,0.05299949645996094,0.11778259999118745,4085,1335,5743
h5_day04,5,94,True,optimal,0.0,0.049999237060546875,0.10760620000655763,3802,1052,4950
h5_day04,5,95,True,optimal,0.0,0.036998748779296875,0.09933239998645149,3901,1151,5285
h5_day04,5,96,False,optimal,0.0,0.0540008544921875,0.10802939999848604,3817,1067,4897
h5_day04,5,97,False,optimal,0.0,0.04599952697753906,0.10638089998974465,3641,891,4755
h5_day04,5,98,False,optimal,0.0,0.05699920654296875,0.1089382000209298,3432,682,4247
h5_day04,5,99,False,optimal,0.0,0.024000167846679688,0.07334429997717962,3322,572,4142
h5_day04,5,100,False,optimal,0.0,0.022001266479492188,0.06184490001760423,3220,470,3834
h5_day04,5,101,False,optimal,0.0,0.011999130249023438,0.05620799999451265,3147,397,3833
h5_day04,5,102,False,optimal,0.0,0.008001327514648438,0.05747979998704977,3061,311,3500
h5_day04,5,103,False,optimal,0.0,0.008001327514648438,0.050848100014263764,3103,353,3632
h5_day04,5,104,False,optimal,0.0,0.01300048828125,0.049875900003826246,3144,394,3593
h5_day04,5,105,False,optimal,0.0,0.005001068115234375,0.04455680001410656,2993,243,3439
h5_day04,5,106,False,optimal,0.0,0.006999969482421875,0.04541959997732192,2952,202,3277
h5_day04,5,107,False,optimal,0.0,0.0020008087158203125,0.04285659999004565,3000,250,3399
h5_day04,5,108,False,optimal,0.0,0.006000518798828125,0.046139600017340854,3005,255,3332
h5_day04,5,109,False,optimal,0.0,0.007999420166015625,0.044293299986748025,2937,187,3215
h5_day04,5,110,False,optimal,0.0,0.005001068115234375,0.04138969999621622,2937,187,3171
h5_day04,5,111,False,optimal,0.0,0.0039997100830078125,0.04040820000227541,2893,143,3155
h5_day04,5,112,False,optimal,0.0,0.004001617431640625,0.044687399989925325,2841,91,3051
h5_day04,5,113,False,optimal,0.0,0.0039997100830078125,0.0374434000113979,2788,38,2940
h5_day04,5,114,False,optimal,0.0,0.0030002593994140625,0.038592299999436364,2830,80,2968
h5_day04,5,115,False,optimal,0.0,0.0030002593994140625,0.03993120000814088,2853,103,3017
h5_day04,5,116,False,optimal,0.0,0.0039997100830078125,0.03936940000858158,2853,103,2995
h5_day04,5,117,False,optimal,0.0,0.0,0.03910840000025928,2810,60,2959
h5_day04,5,118,False,optimal,0.0,0.0039997100830078125,0.03920500000822358,2809,59,2936
h5_day04,5,119,False,optimal,0.0,0.0049991607666015625,0.050172299990663305,2786,36,2931
h5_day04,5,120,False,optimal,0.0,0.0,0.03789020000840537,2777,27,2864
h5_day04,5,121,False,optimal,0.0,0.0,0.03732750000199303,2800,50,2902
h5_day04,5,122,False,optimal,0.0,0.0020008087158203125,0.0384327000065241,2800,50,2891
h5_day04,5,123,False,optimal,0.0,0.0030002593994140625,0.03848609997658059,2800,50,2902
h5_day04,5,124,False,optimal,0.0,0.0030002593994140625,0.03874869999708608,2799,49,2890
h5_day04,5,125,False,optimal,0.0,0.004001617431640625,0.03587679998599924,2776,26,2874
h5_day19,5,0,True,optimal,0.0,0.14799880981445312,0.29853470000671223,4884,2134,12800
h5_day19,5,1,True,optimal,0.0,0.06500053405761719,0.2241001999936998,5057,2307,15208
h5_day19,5,2,True,optimal,0.0,0.15400123596191406,0.2911636999924667,4936,2186,12861
h5_day19,5,3,True,optimal,0.0,0.030000686645507812,0.17303890001494437,4884,2134,15002
h5_day19,5,4,True,optimal,0.0,0.09099960327148438,0.22183930000755936,4865,2115,12777
h5_day19,5,5,True,optimal,0.0,0.030000686645507812,0.16697920000297017,4915,2165,15035
h5_day19,5,6,True,optimal,0.0,0.10000038146972656,0.2293562999984715,4915,2165,12835
h5_day19,5,7,True,optimal,0.0,0.036998748779296875,0.17543170001590624,4994,2244,15129
h5_day19,5,8,True,optimal,0.0,0.09799957275390625,0.23599620000459254,4955,2205,12883
h5_day19,5,9,True,optimal,0.0,0.05800056457519531,0.19443679999676533,4978,2228,15109
h5_day19,5,10,True,optimal,0.0,0.10700035095214844,0.24682169998413883,5007,2257,12942
h5_day19,5,11,True,optimal,0.0,0.034000396728515625,0.17063480001525022,5005,2255,15140
h5_day19,5,12,True,optimal,0.0,0.12199974060058594,0.24746039998717606,4912,2162,12825
h5_day19,5,13,True,optimal,0.0,0.0260009765625,0.156973500008462,4908,2158,14982
h5_day19,5,14,True,optimal,0.0,0.09200096130371094,0.2323655000072904,4879,2129,12760
h5_day19,5,15,True,optimal,0.0,0.02700042724609375,0.16239429998677224,4901,2151,14969
h5_day19,5,16,True,optimal,0.0,0.10500144958496094,0.24602880000020377,4952,2202,12839
h5_day19,5,17,True,optimal,0.0,0.05900001525878906,0.1956404999946244,4983,2233,15064
h5_day19,5,18,True,optimal,0.0,0.12599945068359375,0.257062999997288,5063,2313,12939
h5_day19,5,19,True,optimal,0.0,0.05200004577636719,0.1929369999852497,5111,2361,15170
h5_day19,5,20,True,optimal,0.0,0.11700057983398438,0.24425649998011068,5035,2285,12898
h5_day19,5,21,True,optimal,0.0,0.036998748779296875,0.1891546999977436,5059,2309,15097
h5_day19,5,22,True,optimal,0.0,0.10700035095214844,0.2332505999947898,4925,2175,12729
h5_day19,5,23,True,optimal,0.0,0.020999908447265625,0.15168640000047162,4956,2206,14933
h5_day19,5,24,True,optimal,0.0,0.10799980163574219,0.25036519998684525,5034,2284,12851
h5_day19,5,25,True,optimal,0.0,0.047000885009765625,0.18702710000798106,5130,2380,15132
h5_day19,5,26,True,optimal,0.0,0.13899993896484375,0.2743510000000242,5197,2447,13038
h5_day19,5,27,True,optimal,0.0,0.069000244140625,0.2105083999922499,5219,2469,15221
h5_day19,5,28,True,optimal,0.0,0.1309986114501953,0.26040180001291446,5174,2424,12967
h5_day19,5,29,True,optimal,0.0,0.07200050354003906,0.22229370000422932,5199,2449,15111
h5_day19,5,30,True,optimal,0.0,0.15900039672851562,0.28765240000211634,5292,2542,13074
h5_day19,5,31,True,optimal,0.0,0.09399986267089844,0.25765169999795035,5410,2660,15363
h5_day19,5,32,True,optimal,0.0,0.1919994354248047,0.3327259999932721,5617,2867,13431
h5_day19,5,33,True,optimal,0.0,0.12400054931640625,0.2680374000046868,5679,2929,15595
h5_day19,5,34,True,optimal,0.0,0.17300033569335938,0.3097911000077147,5564,2814,13302
h5_day19,5,35,True,optimal,0.0,0.167999267578125,0.31296959999599494,5724,2974,15560
h5_day19,5,36,True,optimal,0.0,0.20400047302246094,0.36319139998522587,5627,2877,13297
h5_day19,5,37,True,optimal,0.0,0.14299964904785156,0.2906994999793824,5478,2728,15120
h5_day19,5,38,True,optimal,0.0,0.1639995574951172,0.32073749997653067,5387,2637,12933
h5_day19,5,39,True,optimal,0.0,0.09300041198730469,0.22806619998300448,5400,2650,14972
h5_day19,5,40,True,optimal,0.0,0.20100021362304688,0.33539289998589084,5705,2955,13279
h5_day19,5,41,True,optimal,0.0,0.14699935913085938,0.3005455000093207,5923,3173,15604
h5_day19,5,42,True,optimal,0.0,0.2220001220703125,0.38788059999933466,5985,3235,13612
h5_day19,5,43,True,optimal,0.0,0.18700027465820312,0.3416938000009395,6197,3447,15844
h5_day19,5,44,True,optimal,0.0,0.24300003051757812,0.38287339999806136,5843,3093,13215
h5_day19,5,45,True,optimal,0.0,0.1789989471435547,0.3300166000262834,6047,3297,15362
h5_day19,5,46,True,optimal,0.0,0.2220001220703125,0.35780669999076054,5853,3103,13026
h5_day19,5,47,True,optimal,0.0,0.28299903869628906,0.4372787000029348,5947,3197,14989
h5_day19,5,48,True,optimal,7.025188508388009e-05,1.427999496459961,1.5948006999969948,6349,3599,13556
h5_day19,5,49,True,optimal,0.0,0.8290004730224609,0.9877004000009038,6573,3823,15627
h5_day19,5,50,True,optimal,0.0,0.42800140380859375,0.5775182000070345,6345,3595,13378
h5_day19,5,51,True,optimal,0.0,0.2259998321533203,0.3735296000086237,6117,3367,14679
h5_day19,5,52,True,optimal,0.0,0.2579994201660156,0.40589840000029653,6078,3328,12734
h5_day19,5,53,True,optimal,0.0,0.2240009307861328,0.3936064999725204,5711,2961,13777
h5_day19,5,54,True,optimal,0.0,0.3150005340576172,0.4531552999978885,5789,3039,12149
h5_day19,5,55,True,optimal,0.0,0.3549995422363281,0.48638149999896996,5933,3183,13947
h5_day19,5,56,True,optimal,0.0,0.4329986572265625,0.5794861000031233,6004,3254,12365
h5_day19,5,57,True,optimal,0.0,0.2579994201660156,0.408811200002674,5928,3178,13834
h5_day19,5,58,True,optimal,0.0,0.3020000457763672,0.46634520002407953,6092,3342,12330
h5_day19,5,59,True,optimal,0.0,0.2440013885498047,0.4026359000126831,5920,3170,13645
h5_day19,5,60,True,optimal,0.0,0.3150005340576172,0.4474257999972906,6070,3320,12147
h5_day19,5,61,True,optimal,0.0,0.21599960327148438,0.34777379999286495,5815,3065,13263
h5_day19,5,62,True,optimal,0.0,0.2819995880126953,0.4080031999910716,5877,3127,11747
h5_day19,5,63,True,optimal,0.0,0.1790008544921875,0.35410170000977814,5845,3095,13142
h5_day19,5,64,True,optimal,0.0,0.25,0.3753955999854952,5795,3045,11534
h5_day19,5,65,True,optimal,6.662008278920433e-11,0.25099945068359375,0.375299500010442,6103,3353,13276
h5_day19,5,66,True,optimal,0.0,0.34799957275390625,0.5211867000034545,6152,3402,11808
h5_day19,5,67,True,optimal,0.0,0.5119991302490234,0.6677660999994259,6479,3729,13595
h5_day19,5,68,True,optimal,4.365610579452807e-05,0.6979999542236328,0.8559921999985818,6617,3867,12216
h5_day19,5,69,True,optimal,0.0,0.2960014343261719,0.464327299996512,6465,3715,13273
h5_day19,5,70,True,optimal,0.0,0.3559989929199219,0.4829996999760624,6163,3413,11388
h5_day19,5,71,True,optimal,0.0,0.31400108337402344,0.45042050001211464,6054,3304,12357
h5_day19,5,72,True,optimal,0.0,0.2889995574951172,0.4079418000183068,5856,3106,10692
h5_day19,5,73,True,optimal,0.0,0.17600059509277344,0.29853309999452904,5724,2974,11536
h5_day19,5,74,True,optimal,0.0,0.21599960327148438,0.32961100002285093,5842,3092,10412
h5_day19,5,75,True,optimal,0.0,0.15999984741210938,0.2760483000020031,5803,3053,11386
h5_day19,5,76,True,optimal,0.0,0.1750011444091797,0.288202600000659,5853,3103,10188
h5_day19,5,77,True,optimal,0.0,0.15999984741210938,0.27220189999206923,5868,3118,11131
h5_day19,5,78,True,optimal,0.0,0.20000076293945312,0.38223370001651347,5717,2967,9767
h5_day19,5,79,True,optimal,1.6824227159250327e-05,0.16900062561035156,0.27843489998485893,5791,3041,10653
h5_day19,5,80,True,optimal,0.0,0.13199996948242188,0.233479200018337,5630,2880,9328
h5_day19,5,81,True,optimal,4.352558349539426e-05,0.08500099182128906,0.18938830000115559,5807,3057,10438
h5_day19,5,82,True,optimal,0.0,0.08899879455566406,0.19897450000280514,5661,2911,9211
h5_day19,5,83,True,optimal,0.0,0.05999946594238281,0.1601533999782987,5549,2799,9682
h5_day19,5,84,True,optimal,0.0,0.06899833679199219,0.16496000002371147,5364,2614,8458
h5_day19,5,85,True,optimal,0.0,0.06099891662597656,0.20488820000900887,5120,2370,8770
h5_day19,5,86,True,optimal,0.0,0.06999969482421875,0.14942999999038875,4941,2191,7515
h5_day19,5,87,True,optimal,0.0,0.034000396728515625,0.11785159999271855,4931,2181,7892
h5_day19,5,88,True,optimal,0.0,0.07800102233886719,0.16608259998611175,4838,2088,7074
h5_day19,5,89,True,optimal,4.280065116526619e-05,0.06599998474121094,0.20290730000124313,4702,1952,7271
h5_day19,5,90,True,optimal,0.0,0.069000244140625,0.14029279997339472,4525,1775,6367
h5_day19,5,91,True,optimal,0.0,0.06500053405761719,0.13661629997659475,4375,1625,6548
h5_day19,5,92,True,optimal,0.0,0.05999946594238281,0.12098409997997805,4119,1369,5574
h5_day19,5,93,True,optimal,0.0,0.055999755859375,0.11929780000355095,3926,1176,5430
h5_day19,5,94,True,optimal,0.0,0.03899955749511719,0.09264389998861589,3680,930,4766
h5_day19,5,95,True,optimal,0.0,0.030000686645507812,0.08756779998657294,3714,964,4957
h5_day19,5,96,False,optimal,0.0,0.024000167846679688,0.08541109997895546,3696,946,4640
h5_day19,5,97,False,optimal,0.0,0.01399993896484375,0.06564149999758229,3485,735,4519
h5_day19,5,98,False,optimal,0.0,0.020999908447265625,0.06930790000478737,3465,715,4293
h5_day19,5,99,False,optimal,0.0,0.011999130249023438,0.059891499986406416,3410,660,4385
h5_day19,5,100,False,optimal,0.0,0.011999130249023438,0.05889380001462996,3270,520,3921
h5_day19,5,101,False,optimal,0.0,0.020000457763671875,0.05967029999010265,3102,352,3673
h5_day19,5,102,False,optimal,0.0,0.015001296997070312,0.05765919998520985,3042,292,3411
h5_day19,5,103,False,optimal,0.0,0.01399993896484375,0.056313700013561174,3069,319,3491
h5_day19,5,104,False,optimal,0.0,0.017999649047851562,0.05256539999390952,3068,318,3413
h5_day19,5,105,False,optimal,0.0,0.007999420166015625,0.0422390999738127,2973,223,3306
h5_day19,5,106,False,optimal,0.0,0.007999420166015625,0.042753799993079156,2931,181,3195
h5_day19,5,107,False,optimal,0.0,0.0010013580322265625,0.0400491000036709,2844,94,3047
h5_day19,5,108,False,optimal,0.0,0.0039997100830078125,0.03824429999804124,2815,65,2949
h5_day19,5,109,False,optimal,0.0,0.0030002593994140625,0.03732289999607019,2814,64,2970
h5_day19,5,110,False,optimal,0.0,0.0039997100830078125,0.03899689999525435,2791,41,2921
h5_day19,5,111,False,optimal,0.0,0.0020008087158203125,0.03894709999440238,2778,28,2883
h5_day19,5,112,False,optimal,0.0,0.005001068115234375,0.03871090000029653,2797,47,2895
h5_day19,5,113,False,optimal,0.0,0.0030002593994140625,0.03829100000439212,2797,47,2906
h5_day19,5,114,False,optimal,0.0,0.006000518798828125,0.03783290000865236,2797,47,2895
h5_day19,5,115,False,optimal,0.0,0.0030002593994140625,0.03416619999916293,2754,4,2848
h5_day19,5,116,False,optimal,0.0,0.007999420166015625,0.035403800022322685,2754,4,2837
h5_day19,5,117,False,optimal,0.0,0.00299835205078125,0.037381499976618215,2777,27,2875
h5_day19,5,118,False,optimal,0.0,0.0030002593994140625,0.03731399998650886,2800,50,2891
h5_day19,5,119,False,optimal,0.0,0.00299835205078125,0.03613190000760369,2800,50,2902
h5_day19,5,120,False,optimal,0.0,0.0039997100830078125,0.03793039999436587,2800,50,2891
h5_day19,5,121,False,optimal,0.0,0.0039997100830078125,0.037716399994678795,2799,49,2901
h5_day19,5,122,False,optimal,0.0,0.00299835205078125,0.034815499995602295,2776,26,2863
h5_day13,5,0,True,optimal,0.0,0.12999916076660156,0.2734469999850262,4777,2027,12521
h5_day13,5,1,True,optimal,0.0,0.031000137329101562,0.19061750001856126,4800,2050,14749
h5_day13,5,2,True,optimal,0.0,0.13500022888183594,0.26960840000538155,4852,2102,12610
h5_day13,5,3,True,optimal,0.0,0.036998748779296875,0.17968200001632795,4879,2129,14841
h5_day13,5,4,True,optimal,0.0,0.16199874877929688,0.29790749997482635,5036,2286,12835
h5_day13,5,5,True,optimal,0.0,0.042999267578125,0.18321959997410886,4896,2146,14862
h5_day13,5,6,True,optimal,0.0,0.09399986267089844,0.22877879999578,4815,2065,12567
h5_day13,5,7,True,optimal,0.0,0.047000885009765625,0.18002470000647008,4773,2023,14716
h5_day13,5,8,True,optimal,0.0,0.10599899291992188,0.2426835999940522,4795,2045,12542
h5_day13,5,9,True,optimal,0.0,0.025999069213867188,0.15576190000865608,4797,2047,14744
h5_day13,5,10,True,optimal,0.0,0.0839996337890625,0.2026692999934312,4770,2020,12481
h5_day13,5,11,True,optimal,0.0,0.017000198364257812,0.14760779999778606,4770,2020,14670
h5_day13,5,12,True,optimal,0.0,0.0709991455078125,0.18764160000137053,4724,1974,12426
h5_day13,5,13,True,optimal,0.0,0.0059986114501953125,0.1347961999999825,4724,1974,14615
h5_day13,5,14,True,optimal,0.0,0.069000244140625,0.19609939999645576,4753,2003,12459
h5_day13,5,15,True,optimal,0.0,0.05900001525878906,0.1956171999918297,4803,2053,14706
h5_day13,5,16,True,optimal,0.0,0.1420001983642578,0.27118520002113655,4824,2074,12542
h5_day13,5,17,True,optimal,0.0,0.08499908447265625,0.2126212999864947,4824,2074,14732
h5_day13,5,18,True,optimal,0.0,0.11700057983398438,0.2527389999886509,4850,2100,12570
h5_day13,5,19,True,optimal,0.0,0.025999069213867188,0.1545607000007294,4819,2069,14718
h5_day13,5,20,True,optimal,0.0,0.09100151062011719,0.21972019999520853,4798,2048,12504
h5_day13,5,21,True,optimal,0.0,0.03199958801269531,0.2046031999925617,4800,2050,14652
h5_day13,5,22,True,optimal,0.0,0.08999824523925781,0.21315120000508614,4771,2021,12440
h5_day13,5,23,True,optimal,0.0,0.020000457763671875,0.1878361999988556,4771,2021,14618
h5_day13,5,24,True,optimal,0.0,0.0839996337890625,0.203202099975897,4800,2050,12473
h5_day13,5,25,True,optimal,0.0,0.05300140380859375,0.1853605000069365,4826,2076,14681
h5_day13,5,26,True,optimal,0.0,0.08600044250488281,0.22409989999141544,4840,2090,12516
h5_day13,5,27,True,optimal,0.0,0.04500007629394531,0.17783299999427982,4936,2186,14807
h5_day13,5,28,True,optimal,0.0,0.10700035095214844,0.22886409997590818,5000,2250,12703
h5_day13,5,29,True,optimal,0.0,0.049999237060546875,0.18160829998669215,4999,2249,14842
h5_day13,5,30,True,optimal,0.0,0.10000038146972656,0.2304764000000432,4925,2175,12586
h5_day13,5,31,True,optimal,0.0,0.061000823974609375,0.19055689999368042,4999,2249,14843
h5_day13,5,32,True,optimal,0.0,0.14299964904785156,0.27174500000546686,5023,2273,12702
h5_day13,5,33,True,optimal,0.0,0.06599998474121094,0.19971389998681843,5185,2435,15014
h5_day13,5,34,True,optimal,0.0,0.16400146484375,0.30042060001869686,5398,2648,13120
h5_day13,5,35,True,optimal,0.0,0.13199996948242188,0.2916339999937918,5388,2638,15220
h5_day13,5,36,True,optimal,0.0,0.1359996795654297,0.2647454999969341,5257,2507,12889
h5_day13,5,37,True,optimal,0.0,0.082000732421875,0.24219990000710823,5265,2515,15032
h5_day13,5,38,True,optimal,0.0,0.15399932861328125,0.2843490999948699,5418,2668,13051
h5_day13,5,39,True,optimal,0.0,0.10400009155273438,0.26361049999832176,5366,2616,15072
h5_day13,5,40,True,optimal,0.0,0.1959991455078125,0.33248579999781214,5583,2833,13218
h5_day13,5,41,True,optimal,0.0,0.12399864196777344,0.29336050001438707,5744,2994,15526
h5_day13,5,42,True,optimal,0.0,0.19899940490722656,0.352099800016731,5791,3041,13462
h5_day13,5,43,True,optimal,0.0,0.16900062561035156,0.34496390001731925,6041,3291,15839
h5_day13,5,44,True,optimal,0.0,0.21099853515625,0.34956649999367073,5954,3204,13508
h5_day13,5,45,True,optimal,0.0,0.1529998779296875,0.295314299990423,5880,3130,15406
h5_day13,5,46,True,optimal,0.0,0.207000732421875,0.343639600003371,5915,3165,13342
h5_day13,5,47,True,optimal,0.0,0.15399932861328125,0.3042111999820918,6096,3346,15535
h5_day13,5,48,True,optimal,0.0,0.25499916076660156,0.39972620000480674,5909,3159,13185
h5_day13,5,49,True,optimal,0.0,0.2840003967285156,0.42902939999476075,6079,3329,15288
h5_day13,5,50,True,optimal,0.0,0.3139991760253906,0.45672649997868575,6063,3313,13268
h5_day13,5,51,True,optimal,0.0,0.1960010528564453,0.33129420000477694,5790,3040,14749
h5_day13,5,52,True,optimal,0.0,0.24699974060058594,0.3813722000049893,5784,3034,12799
h5_day13,5,53,True,optimal,0.0,0.24900054931640625,0.3988503000000492,6101,3351,15065
h5_day13,5,54,True,optimal,0.0,0.4069995880126953,0.5899104000127409,6078,3328,13108
h5_day13,5,55,True,optimal,0.0,0.45999908447265625,0.6090039999980945,6142,3392,14991
h5_day13,5,56,True,optimal,0.0,0.7549991607666016,0.9087412999942899,6472,3722,13523
h5_day13,5,57,True,optimal,0.0,0.2670001983642578,0.4119090000167489,6050,3300,14616
h5_day13,5,58,True,optimal,0.0,0.36199951171875,0.5376025000005029,6253,3503,13008
h5_day13,5,59,True,optimal,0.0,0.24000167846679688,0.4189868999819737,6118,3368,14465
h5_day13,5,60,True,optimal,0.0,0.29400062561035156,0.43384310000692494,6302,3552,12931
h5_day13,5,61,True,optimal,0.0,0.2390003204345703,0.3853614999970887,6529,3779,14899
h5_day13,5,62,True,optimal,0.0,0.31799888610839844,0.46612059997278266,6686,3936,13267
h5_day13,5,63,True,optimal,0.0,0.26599884033203125,0.4335311999893747,6800,4050,15053
h5_day13,5,64,True,optimal,0.0,0.3729991912841797,0.5178514999861363,6939,4189,13458
h5_day13,5,65,True,optimal,0.0,0.25,0.4081787000177428,6692,3942,14574
h5_day13,5,66,True,optimal,0.0,0.3390007019042969,0.46954960000584833,6248,3498,12193
h5_day13,5,67,True,optimal,0.0,0.1359996795654297,0.31242119998205453,6127,3377,13314
h5_day13,5,68,True,optimal,0.0,0.2720012664794922,0.4045920000062324,6413,3663,12178
h5_day13,5,69,True,optimal,0.0,0.36299896240234375,0.5069791999994777,6475,3725,13621
h5_day13,5,70,True,optimal,8.307761976600241e-05,0.3680000305175781,0.5399757000268437,6183,3433,11573
h5_day13,5,71,True,optimal,0.0,0.42299842834472656,0.5684024000074714,6538,3788,13342
h5_day13,5,72,True,optimal,0.0,0.3689994812011719,0.5009644000092521,6447,3697,11813
h5_day13,5,73,True,optimal,0.0,0.39499855041503906,0.572531700017862,6137,3387,12232
h5_day13,5,74,True,optimal,0.0,0.305999755859375,0.426172499981476,6014,3264,10622
h5_day13,5,75,True,optimal,0.0,0.20099830627441406,0.3291680999973323,6167,3417,11875
h5_day13,5,76,True,optimal,0.0,0.2870006561279297,0.4048471999994945,6059,3309,10493
h5_day13,5,77,True,optimal,0.0,0.2259998321533203,0.350827099988237,6062,3312,11365
h5_day13,5,78,True,optimal,0.0,0.194000244140625,0.31209070002660155,6116,3366,10254
h5_day13,5,79,True,optimal,0.0,0.14299964904785156,0.25438949998351745,5857,3107,10865
h5_day13,5,80,True,optimal,0.0,0.14699935913085938,0.25858080000034533,5818,3068,9649
h5_day13,5,81,True,optimal,0.0,0.10499954223632812,0.21783189999405295,5742,2992,10409
h5_day13,5,82,True,optimal,0.0,0.11800003051757812,0.2304792000213638,5859,3109,9419
h5_day13,5,83,True,optimal,0.0,0.07299995422363281,0.18605260000913404,5737,2987,9843
h5_day13,5,84,True,optimal,0.0,0.05800056457519531,0.15813149997848086,5616,2866,8706
h5_day13,5,85,True,optimal,0.0,0.04399871826171875,0.13684289998491295,5323,2573,8826
h5_day13,5,86,True,optimal,0.0,0.04799842834472656,0.14240480001899414,5160,2410,7683
h5_day13,5,87,True,optimal,0.0,0.048999786376953125,0.13050650001969188,4898,2148,7789
h5_day13,5,88,True,optimal,0.0,0.06599998474121094,0.14522830001078546,4923,2173,7004
h5_day13,5,89,True,optimal,0.0,0.047000885009765625,0.11756400001468137,4584,1834,6982
h5_day13,5,90,True,optimal,0.0,0.055999755859375,0.12918429999263026,4820,2070,6733
h5_day13,5,91,True,optimal,0.0,0.05200004577636719,0.12950500001898035,4919,2169,7163
h5_day13,5,92,True,optimal,0.0,0.0579986572265625,0.13033200000063516,4734,1984,6454
h5_day13,5,93,True,optimal,0.0,0.03399848937988281,0.10234659997513518,4503,1753,6318
h5_day13,5,94,True,optimal,0.0,0.04000091552734375,0.09901230002287775,4147,1397,5428
h5_day13,5,95,True,optimal,0.0,0.01599884033203125,0.07258500001626089,3742,992,5122
h5_day13,5,96,False,optimal,0.0,0.0260009765625,0.07879020000109449,3662,912,4628
h5_day13,5,97,False,optimal,0.0,0.017000198364257812,0.06409800000255927,3324,574,4264
h5_day13,5,98,False,optimal,0.0,0.0149993896484375,0.05912610000814311,3254,504,3899
h5_day13,5,99,False,optimal,0.0,0.010000228881835938,0.047596000018529594,3236,486,3943
h5_day13,5,100,False,optimal,0.0,0.0039997100830078125,0.04860949999419972,3171,421,3686
h5_day13,5,101,False,optimal,0.0,0.0039997100830078125,0.04452649998711422,3022,272,3469
h5_day13,5,102,False,optimal,0.0,0.0049991607666015625,0.04355070000747219,2999,249,3346
h5_day13,5,103,False,optimal,0.0,0.0049991607666015625,0.042245499993441626,3014,264,3414
h5_day13,5,104,False,optimal,0.0,0.0049991607666015625,0.04349440001533367,3049,299,3381
h5_day13,5,105,False,optimal,0.0,0.004001617431640625,0.04580640001222491,3032,282,3398
h5_day13,5,106,False,optimal,0.0,0.0049991607666015625,0.04199900000821799,2976,226,3231
h5_day13,5,107,False,optimal,0.0,0.0039997100830078125,0.04804870000225492,2927,177,3186
h5_day13,5,108,False,optimal,0.0,0.0039997100830078125,0.0402079000195954,2835,85,2995
h5_day13,5,109,False,optimal,0.0,0.0039997100830078125,0.0376445000001695,2786,36,2931
h5_day13,5,110,False,optimal,0.0,0.0030002593994140625,0.036777100001927465,2777,27,2864
h5_day13,5,111,False,optimal,0.0,0.0030002593994140625,0.03805219999048859,2800,50,2902
h5_day13,5,112,False,optimal,0.0,0.005001068115234375,0.036632100003771484,2800,50,2891
h5_day13,5,113,False,optimal,0.0,0.0039997100830078125,0.03691669998806901,2800,50,2902
h5_day13,5,114,False,optimal,0.0,0.0,0.03707739998935722,2799,49,2890
h5_day13,5,115,False,optimal,0.0,0.0030002593994140625,0.035744399996474385,2776,26,2874
h5_day14,5,0,True,optimal,0.0,0.20199966430664062,0.3615177000174299,5154,2404,13634
h5_day14,5,1,True,optimal,0.0,0.04199981689453125,0.19314059999305755,5183,2433,15868
h5_day14,5,2,True,optimal,0.0,0.1919994354248047,0.3403751000005286,5268,2518,13765
h5_day14,5,3,True,optimal,0.0,0.042999267578125,0.19463010001345538,5212,2462,15899
h5_day14,5,4,True,optimal,0.0,0.13899993896484375,0.2875972999900114,5258,2508,13754
h5_day14,5,5,True,optimal,0.0,0.03999900817871094,0.19975140001042746,5256,2506,15952
h5_day14,5,6,True,optimal,0.0,0.12800025939941406,0.27366259999689646,5265,2515,13761
h5_day14,5,7,True,optimal,0.0,0.04599952697753906,0.1986398999870289,5288,2538,15988
h5_day14,5,8,True,optimal,0.0,0.17399978637695312,0.3144204000127502,5310,2560,13809
h5_day14,5,9,True,optimal,0.0,0.09499931335449219,0.24574320000829175,5389,2639,16100
h5_day14,5,10,True,optimal,0.0,0.1569995880126953,0.2998995000089053,5324,2574,13756
h5_day14,5,11,True,optimal,0.0,0.07999992370605469,0.2388630000059493,5347,2597,15961
h5_day14,5,12,True,optimal,0.0,0.14500045776367188,0.28653399998438545,5303,2553,13731
h5_day14,5,13,True,optimal,0.0,0.03700065612792969,0.1995018000015989,5197,2447,15746
h5_day14,5,14,True,optimal,0.0,0.12400054931640625,0.25609870001790114,5146,2396,13487
h5_day14,5,15,True,optimal,0.0,0.020999908447265625,0.17622189997928217,5111,2361,15598
h5_day14,5,16,True,optimal,0.0,0.12100028991699219,0.26694050000514835,5106,2356,13436
h5_day14,5,17,True,optimal,0.0,0.030000686645507812,0.17970680000144057,5106,2356,15592
h5_day14,5,18,True,optimal,0.0,0.11699867248535156,0.2575642000010703,5126,2376,13461
h5_day14,5,19,True,optimal,0.0,0.02700042724609375,0.1700622999924235,5126,2376,15574
h5_day14,5,20,True,optimal,0.0,0.11599922180175781,0.25808029997278936,5126,2376,13398
h5_day14,5,21,True,optimal,0.0,0.02899932861328125,0.17366349999792874,5170,2420,15584
h5_day14,5,22,True,optimal,0.0,0.17099952697753906,0.3094000999990385,5237,2487,13534
h5_day14,5,23,True,optimal,0.0,0.030000686645507812,0.17343910000636242,5150,2400,15523
h5_day14,5,24,True,optimal,0.0,0.1360015869140625,0.27739909998490475,5199,2449,13458
h5_day14,5,25,True,optimal,0.0,0.035999298095703125,0.17926420000731014,5124,2374,15451
h5_day14,5,26,True,optimal,0.0,0.13199996948242188,0.2923102999920957,5172,2422,13397
h5_day14,5,27,True,optimal,0.0,0.031000137329101562,0.18167580000590533,5199,2449,15540
h5_day14,5,28,True,optimal,0.0,0.19099998474121094,0.33088570000836626,5339,2589,13594
h5_day14,5,29,True,optimal,0.0,0.07299995422363281,0.22748659999342635,5458,2708,15851
h5_day14,5,30,True,optimal,0.0,0.16499900817871094,0.3007367000100203,5435,2685,13711
h5_day14,5,31,True,optimal,0.0,0.0579986572265625,0.2053147000260651,5383,2633,15756
h5_day14,5,32,True,optimal,0.0,0.14499855041503906,0.3083872999995947,5317,2567,13568
h5_day14,5,33,True,optimal,0.0,0.07200050354003906,0.22259389999089763,5393,2643,15759
h5_day14,5,34,True,optimal,0.0,0.18600082397460938,0.32892319999518804,5577,2827,13832
h5_day14,5,35,True,optimal,0.0,0.11300086975097656,0.27587510002194904,5801,3051,16198
h5_day14,5,36,True,optimal,0.0,0.21000099182128906,0.359963399998378,5835,3085,14136
h5_day14,5,37,True,optimal,0.0,0.10599899291992188,0.2848556999815628,5809,3059,16162
h5_day14,5,38,True,optimal,0.0,0.23099899291992188,0.38246940000681207,5972,3222,14241
h5_day14,5,39,True,optimal,0.0,0.15400123596191406,0.33399610000196844,5887,3137,16130
h5_day14,5,40,True,optimal,0.0,0.25300025939941406,0.4055266999930609,6163,3413,14374
h5_day14,5,41,True,optimal,0.0,0.15399932861328125,0.3238197000173386,6201,3451,16465
h5_day14,5,42,True,optimal,0.0,0.3040008544921875,0.45793829998001456,6303,3553,14503
h5_day14,5,43,True,optimal,0.0,0.20299911499023438,0.3693811999983154,6404,3654,16622
h5_day14,5,44,True,optimal,0.0,0.3129997253417969,0.4753688999917358,6415,3665,14549
h5_day14,5,45,True,optimal,0.0,0.18600082397460938,0.3502431999950204,6527,3777,16632
h5_day14,5,46,True,optimal,3.164978981155061e-05,0.5659999847412109,0.7316380999982357,6330,3580,14270
h5_day14,5,47,True,optimal,0.0,0.3469982147216797,0.5169963999942411,6425,3675,16352
h5_day14,5,48,True,optimal,0.0,0.3280010223388672,0.4804729000024963,6197,3447,14003
h5_day14,5,49,True,optimal,0.0,0.19700050354003906,0.35431269998662174,6256,3506,15960
h5_day14,5,50,True,optimal,0.0,0.3040008544921875,0.457994399999734,6386,3636,14194
h5_day14,5,51,True,optimal,0.0,0.20000076293945312,0.3657818000065163,6435,3685,16118
h5_day14,5,52,True,optimal,0.0,0.3339996337890625,0.5025238000089303,6372,3622,14032
h5_day14,5,53,True,optimal,0.0,0.20799827575683594,0.3687043999962043,6552,3802,16023
h5_day14,5,54,True,optimal,0.0,0.4270000457763672,0.5910572999855503,6746,3996,14383
h5_day14,5,55,True,optimal,0.0,0.319000244140625,0.4851108999864664,6678,3928,15991
h5_day14,5,56,True,optimal,0.0,0.470001220703125,0.6314966999925673,6730,3980,14252
h5_day14,5,57,True,optimal,0.0,0.5349998474121094,0.74452609999571,6706,3956,15702
h5_day14,5,58,True,optimal,0.0,0.40799903869628906,0.5680624000087846,6772,4022,13943
h5_day14,5,59,True,optimal,0.0,0.2089996337890625,0.3644723999896087,6775,4025,15545
h5_day14,5,60,True,optimal,0.0,0.30700111389160156,0.4644894999801181,6686,3936,13737
h5_day14,5,61,True,optimal,0.0,0.17499923706054688,0.32882910000626,6626,3876,15037
h5_day14,5,62,True,optimal,0.0,0.2930011749267578,0.4400239000096917,6374,3624,13032
h5_day14,5,63,True,optimal,0.0,0.15600013732910156,0.3080039999913424,6332,3582,14502
h5_day14,5,64,True,optimal,0.0,0.2800006866455078,0.42501989999436773,6530,3780,13003
h5_day14,5,65,True,optimal,0.0,0.19099998474121094,0.3424634999828413,6243,3493,13843
h5_day14,5,66,True,optimal,0.0,0.2840003967285156,0.4241680999984965,6448,3698,12659
h5_day14,5,67,True,optimal,0.0,0.33100128173828125,0.5271178999973927,6453,3703,14039
h5_day14,5,68,True,optimal,0.0,0.4200000762939453,0.5607940999907441,6593,3843,12651
h5_day14,5,69,True,optimal,0.0,0.2800006866455078,0.4215400000102818,6438,3688,13596
h5_day14,5,70,True,optimal,0.0,0.3040008544921875,0.4577290000161156,6565,3815,12314
h5_day14,5,71,True,optimal,7.480301145234745e-05,0.2819995880126953,0.43684020001091994,6758,4008,13728
h5_day14,5,72,True,optimal,0.0,0.24500083923339844,0.43109060000278987,6477,3727,12069
h5_day14,5,73,True,optimal,0.0,0.1620006561279297,0.29357189999427646,6531,3781,13182
h5_day14,5,74,True,optimal,0.0,0.2569999694824219,0.3879791999934241,6513,3763,11842
h5_day14,5,75,True,optimal,0.0,0.12099838256835938,0.2943510999903083,6175,3425,12248
h5_day14,5,76,True,optimal,0.0,0.18199920654296875,0.3061834000109229,6197,3447,10976
h5_day14,5,77,True,optimal,0.0,0.11800003051757812,0.2376007999991998,6010,3260,11503
h5_day14,5,78,True,optimal,0.0,0.1999988555908203,0.30549520000931807,5428,2678,9576
h5_day14,5,79,True,optimal,0.0,0.10499954223632812,0.22700889999396168,5491,2741,10484
h5_day14,5,80,True,optimal,0.0,0.1830005645751953,0.29401499999221414,5814,3064,9858
h5_day14,5,81,True,optimal,0.0,0.08799934387207031,0.20057849999284372,5624,2874,10329
h5_day14,5,82,True,optimal,2.8499145882799584e-05,0.1750011444091797,0.33029899999382906,5473,2723,9025
h5_day14,5,83,True,optimal,5.259896248171137e-05,0.12999916076660156,0.23274659999879077,5266,2516,9479
h5_day14,5,84,True,optimal,0.0,0.1340007781982422,0.22681180000654422,5437,2687,8845
h5_day14,5,85,True,optimal,0.0,0.07399940490722656,0.1751067000150215,5382,2632,9217
h5_day14,5,86,True,optimal,0.0,0.11299896240234375,0.2079049000167288,5205,2455,7945
h5_day14,5,87,True,optimal,0.0,0.12400054931640625,0.21448359999340028,5018,2268,8141
h5_day14,5,88,True,optimal,0.0,0.07800102233886719,0.1552873000036925,4825,2075,7162
h5_day14,5,89,True,optimal,0.0,0.05500030517578125,0.13309230000595562,4859,2109,7651
h5_day14,5,90,True,optimal,0.0,0.07400131225585938,0.15014260000316426,4723,1973,6652
h5_day14,5,91,True,optimal,0.0,0.062000274658203125,0.14754740000353195,4840,2090,7083
h5_day14,5,92,True,optimal,0.0,0.07600021362304688,0.14699839998502284,4546,1796,6168
h5_day14,5,93,True,optimal,0.0,0.035999298095703125,0.09867169999051839,4056,1306,5757
h5_day14,5,94,True,optimal,0.0,0.04300117492675781,0.0990892999980133,3671,921,4789
h5_day14,5,95,True,optimal,0.0,0.0260009765625,0.08167250000406057,3782,1032,5100
h5_day14,5,96,False,optimal,0.0,0.034999847412109375,0.08413209998980165,3740,990,4687
h5_day14,5,97,False,optimal,0.0,0.005001068115234375,0.05551979999290779,3575,825,4566
h5_day14,5,98,False,optimal,0.0,0.012998580932617188,0.06172359999618493,3451,701,4200
h5_day14,5,99,False,optimal,0.0,0.0049991607666015625,0.04970360000152141,3295,545,4086
h5_day14,5,100,False,optimal,0.0,0.011999130249023438,0.057055899989791214,3227,477,3774
h5_day14,5,101,False,optimal,0.0,0.0039997100830078125,0.04577860000426881,3054,304,3545
h5_day14,5,102,False,optimal,0.0,0.006000518798828125,0.04332790002808906,2992,242,3279
h5_day14,5,103,False,optimal,0.0,0.0039997100830078125,0.04279720000340603,2965,215,3271
h5_day14,5,104,False,optimal,0.0,0.00299835205078125,0.04420909998589195,2909,159,3091
h5_day14,5,105,False,optimal,0.0,0.0030002593994140625,0.038927200017496943,2886,136,3097
h5_day14,5,106,False,optimal,0.0,0.0049991607666015625,0.038698899996234104,2858,108,3004
h5_day14,5,107,False,optimal,0.0,0.0030002593994140625,0.03863890000502579,2812,62,2971
h6_day01,6,0,True,optimal,0.0,0.16699981689453125,0.3344376999884844,5435,2185,13457
h6_day01,6,1,True,optimal,0.0,0.13800048828125,0.2839533999795094,5645,2395,15902
h6_day01,6,2,True,optimal,0.0,0.18199920654296875,0.3377049000118859,5638,2388,13697
h6_day01,6,3,True,optimal,0.0,0.03800010681152344,0.18979720000061207,5544,2294,15782
h6_day01,6,4,True,optimal,0.0,0.1289997100830078,0.27699159999610856,5596,2346,13642
h6_day01,6,5,True,optimal,0.0,0.034999847412109375,0.19219209998846054,5592,2342,15837
h6_day01,6,6,True,optimal,0.0,0.11499977111816406,0.25259340001503006,5574,2324,13618
h6_day01,6,7,True,optimal,0.0,0.04699897766113281,0.2036452000029385,5635,2385,15892
h6_day01,6,8,True,optimal,0.0,0.1490001678466797,0.2899881999765057,5569,2319,13610
h6_day01,6,9,True,optimal,0.0,0.05999946594238281,0.20679950001067482,5517,2267,15733
h6_day01,6,10,True,optimal,0.0,0.18400001525878906,0.3220308000163641,5583,2333,13607
h6_day01,6,11,True,optimal,0.0,0.04399871826171875,0.20029900001827627,5595,2345,15824
h6_day01,6,12,True,optimal,0.0,0.11899948120117188,0.2562090000137687,5570,2320,13566
h6_day01,6,13,True,optimal,0.0,0.06599998474121094,0.21788959999685176,5538,2288,15711
h6_day01,6,14,True,optimal,0.0,0.1289997100830078,0.26335029999609105,5594,2344,13588
h6_day01,6,15,True,optimal,0.0,0.049999237060546875,0.209290200000396,5561,2311,15701
h6_day01,6,16,True,optimal,0.0,0.13300132751464844,0.27093539998168126,5589,2339,13556
h6_day01,6,17,True,optimal,0.0,0.047000885009765625,0.19096810001065023,5612,2362,15721
h6_day01,6,18,True,optimal,0.0,0.12400054931640625,0.2624987000017427,5589,2339,13516
h6_day01,6,19,True,optimal,0.0,0.04400062561035156,0.18698840000433847,5617,2367,15715
h6_day01,6,20,True,optimal,0.0,0.14100074768066406,0.28266959998290986,5663,2413,13603
h6_day01,6,21,True,optimal,0.0,0.082000732421875,0.22618130000773817,5620,2370,15621
h6_day01,6,22,True,optimal,0.0,0.125,0.26185999999870546,5546,2296,13387
h6_day01,6,23,True,optimal,0.0,0.04200172424316406,0.1870299000001978,5537,2287,15478
h6_day01,6,24,True,optimal,0.0,0.11800003051757812,0.2544603999995161,5567,2317,13375
h6_day01,6,25,True,optimal,0.0,0.031000137329101562,0.18033819997799583,5499,2249,15382
h6_day01,6,26,True,optimal,0.0,0.1100006103515625,0.2574183999968227,5384,2134,13092
h6_day01,6,27,True,optimal,0.0,0.042999267578125,0.18863970000529662,5442,2192,15271
h6_day01,6,28,True,optimal,0.0,0.13899993896484375,0.2745090000098571,5561,2311,13300
h6_day01,6,29,True,optimal,0.0,0.055999755859375,0.21813190000830218,5594,2344,15449
h6_day01,6,30,True,optimal,0.0,0.14599990844726562,0.28160719998413697,5640,2390,13391
h6_day01,6,31,True,optimal,0.0,0.07500076293945312,0.21835869998903945,5709,2459,15554
h6_day01,6,32,True,optimal,0.0,0.17600059509277344,0.31384170000092126,5708,2458,13461
h6_day01,6,33,True,optimal,0.0,0.09599876403808594,0.24494059997959994,5897,2647,15781
h6_day01,6,34,True,optimal,0.0,0.18000030517578125,0.34720939997350797,6002,2752,13808
h6_day01,6,35,True,optimal,0.0,0.15200042724609375,0.30394759998307563,6093,2843,16018
h6_day01,6,36,True,optimal,0.0,0.22999954223632812,0.38089259999105707,6244,2994,14084
h6_day01,6,37,True,optimal,0.0,0.12599945068359375,0.2881758000003174,6306,3056,16220
h6_day01,6,38,True,optimal,0.0,0.2180004119873047,0.3701905000198167,6425,3175,14248
h6_day01,6,39,True,optimal,0.0,0.16500091552734375,0.352494899998419,6553,3303,16434
h6_day01,6,40,True,optimal,0.0,0.30500030517578125,0.45622319998801686,6842,3592,14717
h6_day01,6,41,True,optimal,0.0,0.22700119018554688,0.4300546000013128,7016,3766,16946
h6_day01,6,42,True,optimal,0.0,0.3150005340576172,0.47546860002330504,6887,3637,14574
h6_day01,6,43,True,optimal,0.0,0.22099876403808594,0.40953030000673607,6763,3513,16408
h6_day01,6,44,True,optimal,0.0,0.3959999084472656,0.5553184000018518,6672,3422,14245
h6_day01,6,45,True,optimal,9.18253433420986e-05,8.832000732421875,9.039162900007796,7143,3893,16772
h6_day01,6,46,True,optimal,0.0,0.5639991760253906,0.7291345000267029,6985,3735,14516
h6_day01,6,47,True,optimal,0.0,0.3549995422363281,0.5217720000073314,7088,3838,16492
h6_day01,6,48,True,optimal,0.0,0.5139999389648438,0.6908213999995496,7424,4174,14965
h6_day01,6,49,True,time_limit,0.002036280739253663,120.00199890136719,120.27316189999692,7739,4489,17254
h6_day01,6,50,True,optimal,0.0,2.336000442504883,2.5250896000070497,7711,4461,15206
h6_day01,6,51,True,optimal,0.0,0.6219997406005859,0.8243530000036117,7362,4112,16463
h6_day01,6,52,True,optimal,0.0,0.8229999542236328,1.0000178999907803,7273,4023,14401
h6_day01,6,53,True,optimal,0.0,0.5200004577636719,0.7092032000073232,7199,3949,16044
h6_day01,6,54,True,optimal,7.536348233166669e-11,0.6599998474121094,0.8528584000014234,6911,3661,13712
h6_day01,6,55,True,optimal,0.0,0.4590015411376953,0.6553503000177443,7014,3764,15367
h6_day01,6,56,True,optimal,0.0,0.6529998779296875,0.8306101000052877,7094,3844,13696
h6_day01,6,57,True,optimal,0.0,0.4259986877441406,0.6221002999809571,7033,3783,15115
h6_day01,6,58,True,optimal,0.0,0.5799999237060547,0.7333293000119738,6689,3439,13063
h6_day01,6,59,True,optimal,0.0,0.38800048828125,0.5585657999909017,7132,3882,15117
h6_day01,6,60,True,optimal,0.0,0.8760013580322266,1.0399285999883432,7204,3954,13606
h6_day01,6,61,True,optimal,0.0,0.6269989013671875,0.8036082000180613,7467,4217,15451
h6_day01,6,62,True,optimal,0.0,0.9810009002685547,1.212683299992932,7526,4276,13921
h6_day01,6,63,True,optimal,0.0,0.4759998321533203,0.656566899997415,7519,4269,15341
h6_day01,6,64,True,optimal,1.2701453802823267e-06,0.7919998168945312,0.9591757000016514,7444,4194,13713
h6_day01,6,65,True,optimal,7.223255871644869e-05,1.1999988555908203,1.3812315000104718,7417,4167,14984
h6_day01,6,66,True,optimal,0.0,0.75,0.9070561999978963,7396,4146,13339
h6_day01,6,67,True,optimal,0.0,0.4330005645751953,0.6466800000052899,6921,3671,13950
h6_day01,6,68,True,optimal,5.568050259255936e-05,0.5219993591308594,0.6785771999857388,7016,3766,12634
h6_day01,6,69,True,optimal,4.287537556253283e-06,0.5340003967285156,0.7117848999914713,7615,4365,14669
h6_day01,6,70,True,optimal,0.0,0.6429996490478516,0.8036461999872699,7450,4200,13021
h6_day01,6,71,True,optimal,0.0,0.3969993591308594,0.5563927000039257,7360,4110,14049
h6_day01,6,72,True,optimal,0.0,0.4360008239746094,0.5903188000083901,7277,4027,12602
h6_day01,6,73,True,optimal,0.0,0.3020000457763672,0.4513912000111304,7285,4035,13762
h6_day01,6,74,True,optimal,0.0,0.37800025939941406,0.5204670999955852,7270,4020,12374
h6_day01,6,75,True,optimal,0.0,0.29400062561035156,0.49012330002733506,7179,3929,13358
h6_day01,6,76,True,optimal,0.0,0.3549995422363281,0.4896383000013884,7255,4005,12064
h6_day01,6,77,True,optimal,0.0,0.25300025939941406,0.39593269999022596,6972,3722,12704
h6_day01,6,78,True,optimal,0.0,0.28100013732910156,0.45639789997949265,6799,3549,11337
h6_day01,6,79,True,optimal,0.0,0.22999954223632812,0.3666277999873273,6717,3467,12204
h6_day01,6,80,True,optimal,0.0,0.24499893188476562,0.37718920002225786,6544,3294,10742
h6_day01,6,81,True,optimal,0.0,0.24900054931640625,0.36666989998775534,6287,3037,11143
h6_day01,6,82,True,optimal,0.0,0.28900146484375,0.4333556000201497,6396,3146,10244
h6_day01,6,83,True,optimal,0.0,0.26000022888183594,0.3877988000167534,6775,3525,11442
h6_day01,6,84,True,optimal,0.0,0.6169986724853516,0.7443751000100747,6635,3385,10337
h6_day01,6,85,True,optimal,0.0,0.2760009765625,0.39601899997796863,6459,3209,10804
h6_day01,6,86,True,optimal,0.0,0.2779998779296875,0.39350559999002144,6306,3056,9728
h6_day01,6,87,True,optimal,8.294238275762645e-05,0.24699974060058594,0.37040289997821674,6574,3324,10725
h6_day01,6,88,True,optimal,0.0,0.2649993896484375,0.43877639999845996,6319,3069,9416
h6_day01,6,89,True,optimal,0.0,0.22699928283691406,0.333312400005525,5978,2728,9329
h6_day01,6,90,True,optimal,9.012608227527037e-05,0.2539997100830078,0.37215790001209825,6141,2891,8824
h6_day01,6,91,True,optimal,0.0,0.26199913024902344,0.37420570000540465,6017,2767,9180
h6_day01,6,92,True,optimal,0.0,0.2479991912841797,0.3422677000053227,5560,2310,7810
h6_day01,6,93,True,optimal,0.0,0.10799980163574219,0.19926579997991212,5272,2022,7740
h6_day01,6,94,True,optimal,0.0,0.11800003051757812,0.20355799997923896,4914,1664,6640
h6_day01,6,95,True,optimal,0.0,0.09200096130371094,0.17222900001797825,4934,1684,6933
h6_day01,6,96,False,optimal,0.0,0.07899856567382812,0.15371839998988435,4710,1460,6212
h6_day01,6,97,False,optimal,0.0,0.05999946594238281,0.12572179999551736,4525,1275,6215
h6_day01,6,98,False,optimal,0.0,0.05999946594238281,0.12765209999633953,4340,1090,5541
h6_day01,6,99,False,optimal,0.0,0.05100059509277344,0.11289479999686591,4244,994,5572
h6_day01,6,100,False,optimal,0.0,0.03299903869628906,0.08925710001494735,4022,772,4879
h6_day01,6,101,False,optimal,0.0,0.018999099731445312,0.07213539999793284,3864,614,4699
h6_day01,6,102,False,optimal,0.0,0.011999130249023438,0.06428710001637228,3784,534,4418
h6_day01,6,103,False,optimal,0.0,0.010000228881835938,0.05810249998467043,3775,525,4504
h6_day01,6,104,False,optimal,0.0,0.011999130249023438,0.058670700003858656,3638,388,4129
h6_day01,6,105,False,optimal,0.0,0.0059986114501953125,0.049143999989610165,3493,243,3888
h6_day01,6,106,False,optimal,0.0,0.006999969482421875,0.05603890001657419,3539,289,3866
h6_day01,6,107,False,optimal,0.0,0.006999969482421875,0.052499799989163876,3560,310,3968
h6_day01,6,108,False,optimal,0.0,0.006000518798828125,0.05072879997896962,3535,285,3862
h6_day01,6,109,False,optimal,0.0,0.006000518798828125,0.04918309999629855,3460,210,3771
h6_day01,6,110,False,optimal,0.0,0.010000228881835938,0.047416399989742786,3401,151,3584
h6_day01,6,111,False,optimal,0.0,0.005001068115234375,0.045372000022325665,3377,127,3589
h6_day01,6,112,False,optimal,0.0,0.0049991607666015625,0.04693750001024455,3322,72,3456
h6_day01,6,113,False,optimal,0.0,0.0030002593994140625,0.04510049999225885,3295,45,3408
h6_day01,6,114,False,optimal,0.0,0.0039997100830078125,0.044128900015493855,3274,24,3372
h6_day37,6,0,True,optimal,0.0,0.18700027465820312,0.3473546000022907,5526,2276,13492
h6_day37,6,1,True,optimal,0.0,0.0709991455078125,0.22546990000410005,5572,2322,15748
h6_day37,6,2,True,optimal,0.0,0.15399932861328125,0.30056629999307916,5480,2230,13438
h6_day37,6,3,True,optimal,0.0,0.05900001525878906,0.2136760999856051,5568,2318,15743
h6_day37,6,4,True,optimal,0.0,0.11100006103515625,0.2583955000154674,5425,2175,13378
h6_day37,6,5,True,optimal,0.0,0.03899955749511719,0.18871539999963716,5471,2221,15632
h6_day37,6,6,True,optimal,0.0,0.1490001678466797,0.28660880000097677,5471,2221,13432
h6_day37,6,7,True,optimal,0.0,0.07200050354003906,0.22945980000076815,5557,2307,15730
h6_day37,6,8,True,optimal,0.0,0.11300086975097656,0.2527155000134371,5517,2267,13481
h6_day37,6,9,True,optimal,0.0,0.03199958801269531,0.18346240001847036,5489,2239,15642
h6_day37,6,10,True,optimal,0.0,0.10700035095214844,0.24296689999755472,5490,2240,13443
h6_day37,6,11,True,optimal,0.0,0.0709991455078125,0.2166328000021167,5581,2331,15751
h6_day37,6,12,True,optimal,0.0,0.11800003051757812,0.2539598000003025,5516,2266,13464
h6_day37,6,13,True,optimal,0.0,0.033000946044921875,0.18381799999042414,5471,2221,15572
h6_day37,6,14,True,optimal,0.0,0.18700027465820312,0.32519269999465905,5531,2281,13456
h6_day37,6,15,True,optimal,0.0,0.034000396728515625,0.17508290000841953,5460,2210,15523
h6_day37,6,16,True,optimal,0.0,0.10000038146972656,0.2287398999906145,5386,2136,13258
h6_day37,6,17,True,optimal,0.0,0.06699943542480469,0.21914319999632426,5431,2181,15447
h6_day37,6,18,True,optimal,0.0,0.1509990692138672,0.28606489999219775,5504,2254,13363
h6_day37,6,19,True,optimal,0.0,0.046001434326171875,0.18942730000708252,5512,2262,15533
h6_day37,6,20,True,optimal,0.0,0.1270008087158203,0.2779449000081513,5558,2308,13420
h6_day37,6,21,True,optimal,0.0,0.05699920654296875,0.20238899998366833,5580,2330,15613
h6_day37,6,22,True,optimal,0.0,0.12199974060058594,0.2637265000084881,5498,2248,13353
h6_day37,6,23,True,optimal,0.0,0.047000885009765625,0.20066839997889474,5471,2221,15444
h6_day37,6,24,True,optimal,0.0,0.12399864196777344,0.25099020000197925,5468,2218,13288
h6_day37,6,25,True,optimal,0.0,0.062000274658203125,0.20342940001864918,5564,2314,15523
h6_day37,6,26,True,optimal,0.0,0.13899993896484375,0.27666050000698306,5569,2319,13376
h6_day37,6,27,True,optimal,0.0,0.0579986572265625,0.20812509997631423,5621,2371,15583
h6_day37,6,28,True,optimal,0.0,0.13500022888183594,0.28912750000017695,5577,2327,13386
h6_day37,6,29,True,optimal,0.0,0.08500099182128906,0.2395447000162676,5745,2495,15731
h6_day37,6,30,True,optimal,0.0,0.14600181579589844,0.28244709997670725,5646,2396,13463
h6_day37,6,31,True,optimal,0.0,0.08299827575683594,0.2500452999956906,5766,2516,15706
h6_day37,6,32,True,optimal,0.0,0.19899940490722656,0.34774510000715964,5941,2691,13783
h6_day37,6,33,True,optimal,0.0,0.10799980163574219,0.2802446999994572,6029,2779,16020
h6_day37,6,34,True,optimal,0.0,0.21199989318847656,0.35905929998261854,6178,2928,14035
h6_day37,6,35,True,optimal,0.0,0.14799880981445312,0.3028288999921642,6271,3021,16264
h6_day37,6,36,True,optimal,0.0,0.2460002899169922,0.4160658000037074,6345,3095,14224
h6_day37,6,37,True,optimal,0.0,0.1439990997314453,0.3048541999887675,6315,3065,16303
h6_day37,6,38,True,optimal,0.0,0.23099899291992188,0.4121197999920696,6479,3229,14347
h6_day37,6,39,True,optimal,0.0,0.154998779296875,0.320513500017114,6495,3245,16442
h6_day37,6,40,True,optimal,0.0,0.2780017852783203,0.45620210000197403,6532,3282,14328
h6_day37,6,41,True,optimal,0.0,0.1959991455078125,0.35208320000674576,6551,3301,16345
h6_day37,6,42,True,optimal,0.0,0.29900169372558594,0.4827516000077594,6759,3509,14530
h6_day37,6,43,True,optimal,0.0,0.2460002899169922,0.4152699000260327,6955,3705,16840
h6_day37,6,44,True,optimal,0.0,0.3299999237060547,0.492429700010689,7006,3756,14771
h6_day37,6,45,True,optimal,0.0,2.6459999084472656,2.8514670000004116,7085,3835,16893
h6_day37,6,46,True,optimal,0.0,2.9150009155273438,3.1106878999853507,7290,4040,15096
h6_day37,6,47,True,optimal,0.0,10.768001556396484,10.976602299982915,7246,3996,16981
h6_day37,6,48,True,optimal,0.0,0.7849998474121094,0.9820721999858506,7027,3777,14556
h6_day37,6,49,True,optimal,0.0,0.7220001220703125,0.9092745000089053,7353,4103,16839
h6_day37,6,50,True,optimal,0.0,0.8500003814697266,1.0204701999900863,7207,3957,14631
h6_day37,6,51,True,optimal,0.0,0.8110008239746094,0.9849752000009175,7348,4098,16632
h6_day37,6,52,True,optimal,0.0,0.7530002593994141,0.9272644000011496,7375,4125,14716
h6_day37,6,53,True,optimal,2.7494528600878497e-05,0.569000244140625,0.7493915000231937,7229,3979,16393
h6_day37,6,54,True,optimal,0.0,0.8990001678466797,1.0739447000087239,7069,3819,14163
h6_day37,6,55,True,optimal,0.0,0.6539993286132812,0.8413119000033475,7330,4080,16209
h6_day37,6,56,True,optimal,0.0,0.9890003204345703,1.1674264000030234,7457,4207,14547
h6_day37,6,57,True,optimal,0.0,1.8950004577636719,2.088295499997912,7422,4172,16236
h6_day37,6,58,True,optimal,0.0,1.3219985961914062,1.5416547000058927,7290,4040,14111
h6_day37,6,59,True,optimal,0.0,1.1299991607666016,1.3085586999950465,7051,3801,15486
h6_day37,6,60,True,optimal,0.0,1.1949996948242188,1.3640023000189103,7208,3958,13923
h6_day37,6,61,True,optimal,0.0,0.7489986419677734,0.9219199999934062,7035,3785,15230
h6_day37,6,62,True,optimal,0.0,1.0190010070800781,1.2028476999839768,7166,3916,13636
h6_day37,6,63,True,optimal,0.0,0.7409992218017578,0.9162724000052549,7373,4123,15491
h6_day37,6,64,True,optimal,0.0,1.1949996948242188,1.3727302000042982,7595,4345,14099
h6_day37,6,65,True,optimal,0.0,0.8349990844726562,1.0472163000085857,7678,4428,15619
h6_day37,6,66,True,optimal,1.6002960304917715e-10,1.0729999542236328,1.2478852000203915,7396,4146,13602
h6_day37,6,67,True,optimal,7.468250951038999e-05,2.1569995880126953,2.3360251000267453,7445,4195,14993
h6_day37,6,68,True,optimal,0.0,1.7089996337890625,1.8822994000220206,7305,4055,13286
h6_day37,6,69,True,optimal,9.971423522904566e-05,6.940999984741211,7.133901000022888,7310,4060,14523
h6_day37,6,70,True,optimal,0.0,1.3189983367919922,1.527325999981258,7404,4154,13094
h6_day37,6,71,True,optimal,0.0,1.0679988861083984,1.2434730999812018,7783,4533,14936
h6_day37,6,72,True,optimal,0.0,0.9390010833740234,1.101105000008829,7340,4090,12800
h6_day37,6,73,True,optimal,0.0,0.5310001373291016,0.7313642000081018,7317,4067,13878
h6_day37,6,74,True,optimal,0.0,0.3950004577636719,0.5379381999955513,7033,3783,12140
h6_day37,6,75,True,optimal,0.0,0.3110008239746094,0.4642481000046246,7130,3880,13295
h6_day37,6,76,True,optimal,0.0,0.3899993896484375,0.5824668999994174,7161,3911,12037
h6_day37,6,77,True,optimal,0.0,0.3430004119873047,0.48817090000375174,7132,3882,13011
h6_day37,6,78,True,optimal,0.0,0.3340015411376953,0.46886690001701936,7383,4133,11978
h6_day37,6,79,True,optimal,0.0,0.2649993896484375,0.39616910001495853,6979,3729,12346
h6_day37,6,80,True,optimal,4.244163355141403e-05,0.4519996643066406,0.5858297999948263,7178,3928,11473
h6_day37,6,81,True,optimal,0.0,0.3299999237060547,0.4739791000029072,7376,4126,12620
h6_day37,6,82,True,optimal,6.104472162530845e-05,0.37399864196777344,0.5509696999797598,7165,3915,11098
h6_day37,6,83,True,optimal,0.0,0.2779998779296875,0.40482019999762997,6717,3467,11179
h6_day37,6,84,True,optimal,6.711895403072079e-05,0.3269996643066406,0.43829630000982434,6419,3169,9769
h6_day37,6,85,True,optimal,0.0,0.1639995574951172,0.27673610000056215,6237,2987,10156
h6_day37,6,86,True,optimal,0.0,0.19299888610839844,0.2914740999985952,5882,2632,8832
h6_day37,6,87,True,optimal,0.0,0.11400032043457031,0.20433119998779148,5328,2078,8455
h6_day37,6,88,True,optimal,0.0,0.1660003662109375,0.2539037000096869,5195,1945,7537
h6_day37,6,89,True,optimal,0.0,0.1529998779296875,0.2492744000046514,5349,2099,8181
h6_day37,6,90,True,optimal,0.0,0.18000030517578125,0.2686378000071272,5370,2120,7540
h6_day37,6,91,True,optimal,0.0,0.11099815368652344,0.20508139999583364,5556,2306,8070
h6_day37,6,92,True,optimal,0.0,0.11800003051757812,0.2269947000022512,5495,2245,7511
h6_day37,6,93,True,optimal,0.0,0.06800079345703125,0.16216979999444447,5322,2072,7671
h6_day37,6,94,True,optimal,8.204538438178575e-05,0.10900115966796875,0.19486560000223108,5264,2014,7095
h6_day37,6,95,True,optimal,0.0,0.0279998779296875,0.09904410000308417,4721,1471,6509
h6_day37,6,96,False,optimal,0.0,0.055999755859375,0.12475980000454001,4353,1103,5584
h6_day37,6,97,False,optimal,0.0,0.04200172424316406,0.1606585000117775,4134,884,5328
h6_day37,6,98,False,optimal,0.0,0.06799888610839844,0.12283599999500439,3900,650,4659
h6_day37,6,99,False,optimal,0.0,0.04199981689453125,0.09803690001717769,3812,562,4587
h6_day37,6,100,False,optimal,0.0,0.04599952697753906,0.09701820000191219,3810,560,4360
h6_day37,6,101,False,optimal,0.0,0.04500007629394531,0.0957823000208009,3752,502,4335
h6_day37,6,102,False,optimal,0.0,0.024999618530273438,0.07559849999961443,3589,339,3964
h6_day37,6,103,False,optimal,0.0,0.016000747680664062,0.06094300001859665,3512,262,3876
h6_day37,6,104,False,optimal,0.0,0.01399993896484375,0.06426850002026185,3472,222,3727
h6_day37,6,105,False,optimal,0.0,0.01399993896484375,0.05834809999214485,3469,219,3779
h6_day37,6,106,False,optimal,0.0,0.011999130249023438,0.055230300000403076,3401,151,3615
h6_day37,6,107,False,optimal,0.0,0.010999679565429688,0.04667250000056811,3372,122,3547
h6_day37,6,108,False,optimal,0.0,0.005001068115234375,0.04605840001022443,3307,57,3441
h6_day37,6,109,False,optimal,0.0,0.005001068115234375,0.04679920000489801,3336,86,3496
h6_day37,6,110,False,optimal,0.0,0.005001068115234375,0.046099400002276525,3365,115,3507
h6_day37,6,111,False,optimal,0.0,0.0049991607666015625,0.05130749999079853,3364,114,3528
h6_day37,6,112,False,optimal,0.0,0.005001068115234375,0.04538169997977093,3341,91,3479
h6_day37,6,113,False,optimal,0.0,0.00099945068359375,0.04860539999208413,3315,65,3432
h6_day37,6,114,False,optimal,0.0,0.0049991607666015625,0.04690049999044277,3314,64,3420
h6_day37,6,115,False,optimal,0.0,0.0049991607666015625,0.04472499998519197,3285,35,3398
h6_day03,6,0,True,optimal,0.0,0.2199993133544922,0.37366120002116077,5549,2299,13557
h6_day03,6,1,True,optimal,0.0,0.06500053405761719,0.2220036000071559,5607,2357,15825
h6_day03,6,2,True,optimal,0.0,0.1919994354248047,0.3428442000003997,5646,2396,13671
h6_day03,6,3,True,optimal,0.0,0.06599998474121094,0.22393529998953454,5806,2556,16060
h6_day03,6,4,True,optimal,0.0,0.14299964904785156,0.290540099987993,5731,2481,13771
h6_day03,6,5,True,optimal,0.0,0.05800056457519531,0.24718820000998676,5650,2400,15874
h6_day03,6,6,True,optimal,0.0,0.1399993896484375,0.2885477000090759,5650,2400,13674
h6_day03,6,7,True,optimal,0.0,0.048999786376953125,0.21351400000276044,5604,2354,15818
h6_day03,6,8,True,optimal,0.0,0.11300086975097656,0.2554514000075869,5592,2342,13597
h6_day03,6,9,True,optimal,0.0,0.04199981689453125,0.18791389997932129,5533,2283,15685
h6_day03,6,10,True,optimal,0.0,0.10599899291992188,0.25750959999277256,5439,2189,13319
h6_day03,6,11,True,optimal,0.0,0.029001235961914062,0.1773976000258699,5481,2231,15536
h6_day03,6,12,True,optimal,0.0,0.12299919128417969,0.2604418999981135,5519,2269,13416
h6_day03,6,13,True,optimal,0.0,0.082000732421875,0.22826119998353533,5560,2310,15633
h6_day03,6,14,True,optimal,0.0,0.12100028991699219,0.26084989999071695,5500,2250,13370
h6_day03,6,15,True,optimal,0.0,0.03700065612792969,0.19422959999064915,5479,2229,15503
h6_day03,6,16,True,optimal,0.0,0.11800003051757812,0.2547424999938812,5475,2225,13340
h6_day03,6,17,True,optimal,0.0,0.035999298095703125,0.18109779999940656,5412,2162,15414
h6_day03,6,18,True,optimal,0.0,0.10600090026855469,0.23969650000799447,5366,2116,13196
h6_day03,6,19,True,optimal,0.0,0.010000228881835938,0.15323689999058843,5320,2070,15259
h6_day03,6,20,True,optimal,0.0,0.09499931335449219,0.2492616000236012,5311,2061,13073
h6_day03,6,21,True,optimal,0.0,0.02700042724609375,0.16665229998761788,5372,2122,15280
h6_day03,6,22,True,optimal,0.0,0.1490001678466797,0.28161579999141395,5412,2162,13195
h6_day03,6,23,True,optimal,0.0,0.06599998474121094,0.210403100005351,5458,2208,15385
h6_day03,6,24,True,optimal,0.0,0.17599868774414062,0.31042510000406764,5604,2354,13422
h6_day03,6,25,True,optimal,0.0,0.10099983215332031,0.25403260000166483,5703,2453,15672
h6_day03,6,26,True,optimal,0.0,0.14500045776367188,0.2842036999936681,5577,2327,13352
h6_day03,6,27,True,optimal,0.0,0.06199836730957031,0.20475529998657294,5581,2331,15433
h6_day03,6,28,True,optimal,0.0,0.15999984741210938,0.33523180001066066,5629,2379,13372
h6_day03,6,29,True,optimal,0.0,0.0579986572265625,0.20448049998958595,5575,2325,15380
h6_day03,6,30,True,optimal,0.0,0.1620006561279297,0.2991369999945164,5681,2431,13405
h6_day03,6,31,True,optimal,0.0,0.09199905395507812,0.2551687000086531,5802,2552,15650
h6_day03,6,32,True,optimal,0.0,0.16300010681152344,0.3066324999963399,5684,2434,13407
h6_day03,6,33,True,optimal,0.0,0.0839996337890625,0.25321580001036637,5782,2532,15623
h6_day03,6,34,True,optimal,0.0,0.24399948120117188,0.394412800000282,6066,2816,13862
h6_day03,6,35,True,optimal,0.0,0.1550006866455078,0.3310097999928985,6190,2940,16111
h6_day03,6,36,True,optimal,0.0,0.2479991912841797,0.39215430000331253,6232,2982,14013
h6_day03,6,37,True,optimal,0.0,0.1700000762939453,0.3254018999869004,6265,3015,16142
h6_day03,6,38,True,optimal,0.0,0.24500083923339844,0.3928905999928247,6343,3093,14144
h6_day03,6,39,True,optimal,0.0,0.18700027465820312,0.3471780999971088,6569,3319,16500
h6_day03,6,40,True,optimal,0.0,0.3079986572265625,0.46396970000932924,6712,3462,14544
h6_day03,6,41,True,optimal,0.0,0.20400047302246094,0.36502029999974184,6444,3194,16255
h6_day03,6,42,True,optimal,0.0,0.2819995880126953,0.4598896999959834,6605,3355,14367
h6_day03,6,43,True,optimal,0.0,0.2310009002685547,0.39497449999907985,6683,3433,16491
h6_day03,6,44,True,optimal,0.0,0.2999992370605469,0.4868852999934461,6776,3526,14493
h6_day03,6,45,True,optimal,0.0,0.21699905395507812,0.3849851000122726,6773,3523,16395
h6_day03,6,46,True,optimal,0.0,0.3299999237060547,0.5187502000189852,6852,3602,14445
h6_day03,6,47,True,time_limit,0.0027264736322072515,120.00200080871582,120.40282749998732,7226,3976,16904
h6_day03,6,48,True,optimal,0.0,17.355998992919922,17.568597199977376,7192,3942,14806
h6_day03,6,49,True,optimal,0.0,10.38399887084961,10.604967299994314,7209,3959,16669
h6_day03,6,50,True,optimal,5.919234348148332e-05,2.641000747680664,2.8498880000261124,7218,3968,14638
h6_day03,6,51,True,optimal,0.0,1.1319999694824219,1.3351317000051495,7430,4180,16796
h6_day03,6,52,True,optimal,0.0,0.5539989471435547,0.7248341000231449,6991,3741,14107
h6_day03,6,53,True,optimal,0.0,0.3489990234375,0.5220191000262275,7115,3865,15989
h6_day03,6,54,True,optimal,1.2196830543978208e-05,0.9619998931884766,1.142845499998657,7227,3977,14295
h6_day03,6,55,True,optimal,0.0,0.5119991302490234,0.6890429000195581,7241,3991,16055
h6_day03,6,56,True,optimal,0.0,1.0780010223388672,1.259805600013351,7206,3956,14227
h6_day03,6,57,True,optimal,0.0,0.44700050354003906,0.6615870999812614,6982,3732,15524
h6_day03,6,58,True,optimal,0.0,1.1030006408691406,1.2790655000135303,7316,4066,14160
h6_day03,6,59,True,optimal,0.0,0.5809993743896484,0.7579235000011977,7277,4027,15661
h6_day03,6,60,True,optimal,0.0,0.6690006256103516,0.845754499983741,7698,4448,14473
h6_day03,6,61,True,optimal,0.0,0.39800071716308594,0.5779331999947317,7167,3917,15389
h6_day03,6,62,True,optimal,0.0,0.5300006866455078,0.7293293999973685,7303,4053,13817
h6_day03,6,63,True,optimal,3.9630182344049497e-10,0.5270004272460938,0.6992815000121482,7684,4434,15916
h6_day03,6,64,True,optimal,0.0,2.2390003204345703,2.482365600008052,8205,4955,14893
h6_day03,6,65,True,optimal,0.0,0.7449989318847656,0.9323026999772992,8030,4780,16190
h6_day03,6,66,True,optimal,0.0,0.7909984588623047,0.9735955000214744,7784,4534,14031
h6_day03,6,67,True,optimal,0.0,0.43200111389160156,0.600127000012435,7572,4322,15079
h6_day03,6,68,True,optimal,0.0,0.9360008239746094,1.1248492999875452,7748,4498,13681
h6_day03,6,69,True,optimal,0.0,2.5349998474121094,2.764652499987278,7623,4373,14795
h6_day03,6,70,True,optimal,1.4226560950244697e-05,15.134000778198242,15.352808900002856,8031,4781,13724
h6_day03,6,71,True,optimal,0.0,4.700000762939453,4.9257873999886215,8305,5055,15371
h6_day03,6,72,True,optimal,0.0,2.493000030517578,2.7248687999963295,7957,4707,13356
h6_day03,6,73,True,optimal,0.0,1.7579994201660156,1.936543999996502,7618,4368,14184
h6_day03,6,74,True,optimal,0.0,0.88800048828125,1.0461156999808736,7020,3770,11851
h6_day03,6,75,True,optimal,0.0,0.6140003204345703,0.8113163000089116,6637,3387,12273
h6_day03,6,76,True,optimal,0.0,0.7000007629394531,0.8393337000161409,6564,3314,10878
h6_day03,6,77,True,optimal,0.0,0.38699913024902344,0.515420699986862,6247,2997,11278
h6_day03,6,78,True,optimal,0.0,0.4870014190673828,0.6604230999946594,6347,3097,10296
h6_day03,6,79,True,optimal,0.0,0.3710002899169922,0.5007944999961182,6432,3182,11326
h6_day03,6,80,True,optimal,0.0,0.5200004577636719,0.6506188999919686,6520,3270,10372
h6_day03,6,81,True,optimal,0.0,0.26199913024902344,0.3893826999992598,6516,3266,11127
h6_day03,6,82,True,optimal,0.0,0.4239997863769531,0.5593402000085916,6659,3409,10370
h6_day03,6,83,True,optimal,0.0,0.47300148010253906,0.5962049000081606,6608,3358,11107
h6_day03,6,84,True,optimal,0.0,0.3040008544921875,0.42778830000315793,6292,3042,9568
h6_day03,6,85,True,optimal,0.0,0.2480010986328125,0.41453519999049604,6372,3122,10268
h6_day03,6,86,True,optimal,0.0,0.26600074768066406,0.38085610000416636,6050,2800,8960
h6_day03,6,87,True,optimal,0.0,0.1959991455078125,0.30213589998311363,5852,2602,9279
h6_day03,6,88,True,optimal,0.0,0.21799850463867188,0.320002199994633,5768,2518,8342
h6_day03,6,89,True,optimal,0.0,0.13100051879882812,0.24336059999768622,5467,2217,8310
h6_day03,6,90,True,optimal,8.446490272740354e-05,0.2559986114501953,0.35713550000218675,5449,2199,7725
h6_day03,6,91,True,optimal,0.0,0.16300010681152344,0.2503605000092648,5252,2002,7772
h6_day03,6,92,True,optimal,0.0,0.18400001525878906,0.27274350001243874,5080,1830,6889
h6_day03,6,93,True,optimal,0.0,0.11100006103515625,0.19502949999878183,5028,1778,7162
h6_day03,6,94,True,optimal,0.0,0.1490001678466797,0.2285594000131823,5053,1803,6656
h6_day03,6,95,True,optimal,0.0,0.12400054931640625,0.19962309999391437,4832,1582,6615
h6_day03,6,96,False,optimal,0.0,0.13899993896484375,0.2167083999956958,4486,1236,5770
h6_day03,6,97,False,optimal,0.0,0.11999893188476562,0.18512109998846427,4375,1125,5802
h6_day03,6,98,False,optimal,0.0,0.13199996948242188,0.19839450001018122,4317,1067,5377
h6_day03,6,99,False,optimal,0.0,0.11499977111816406,0.1820556000166107,4201,951,5405
h6_day03,6,100,False,optimal,0.0,0.06399917602539062,0.12152810001862235,3938,688,4728
h6_day03,6,101,False,optimal,0.0,0.055999755859375,0.11283470000489615,3882,632,4762
h6_day03,6,102,False,optimal,0.0,0.0839996337890625,0.1342737999802921,3691,441,4285
h6_day03,6,103,False,optimal,0.0,0.0540008544921875,0.10394289999385364,3594,344,4194
h6_day03,6,104,False,optimal,0.0,0.05900001525878906,0.1114223999902606,3666,416,4168
h6_day03,6,105,False,optimal,0.0,0.04300117492675781,0.0952914000081364,3694,444,4311
h6_day03,6,106,False,optimal,0.0,0.04500007629394531,0.10122019998379983,3688,438,4167
h6_day03,6,107,False,optimal,0.0,0.05700111389160156,0.11618739998084493,3675,425,4238
h6_day03,6,108,False,optimal,0.0,0.09800148010253906,0.15218000000459142,3664,414,4122
h6_day03,6,109,False,optimal,0.0,0.034000396728515625,0.08729890000540763,3614,364,4124
h6_day03,6,110,False,optimal,0.0,0.031000137329101562,0.0796074999962002,3569,319,3938
h6_day03,6,111,False,optimal,0.0,0.031000137329101562,0.07895870000356808,3522,272,3912
h6_day03,6,112,False,optimal,0.0,0.04699897766113281,0.09353929999633692,3413,163,3641
h6_day03,6,113,False,optimal,0.0,0.0260009765625,0.07070090001798235,3368,118,3593
h6_day03,6,114,False,optimal,0.0,0.017999649047851562,0.06060349999461323,3343,93,3519
h6_day03,6,115,False,optimal,0.0,0.017000198364257812,0.05945989998872392,3366,116,3579
h6_day03,6,116,False,optimal,0.0,0.01399993896484375,0.05758960000821389,3365,115,3543
h6_day03,6,117,False,optimal,0.0,0.010000228881835938,0.05152430001180619,3345,95,3513
h6_day03,6,118,False,optimal,0.0,0.024000167846679688,0.06792420000419952,3366,116,3516
h6_day03,6,119,False,optimal,0.0,0.017999649047851562,0.05972200000542216,3366,116,3538
h6_day03,6,120,False,optimal,0.0,0.01399993896484375,0.06096669999533333,3366,116,3516
h6_day03,6,121,False,optimal,0.0,0.017000198364257812,0.0599000999936834,3365,115,3537
h6_day03,6,122,False,optimal,0.0,0.01399993896484375,0.05738370001199655,3335,85,3481
h6_day04,6,0,True,optimal,0.0,0.16299819946289062,0.3130405999836512,5407,2157,13109
h6_day04,6,1,True,optimal,0.0,0.07899856567382812,0.23165989998960868,5476,2226,15392
h6_day04,6,2,True,optimal,0.0,0.13300132751464844,0.28411940002115443,5407,2157,13111
h6_day04,6,3,True,optimal,0.0,0.07800102233886719,0.23478090000571683,5636,2386,15584
h6_day04,6,4,True,optimal,0.0,0.10700035095214844,0.2401945000165142,5312,2062,13004
h6_day04,6,5,True,optimal,0.0,0.022998809814453125,0.1647518000099808,5220,1970,15093
h6_day04,6,6,True,optimal,0.0,0.11499977111816406,0.2582594999985304,5335,2085,13032
h6_day04,6,7,True,optimal,0.0,0.029001235961914062,0.16625489998841658,5292,2042,15174
h6_day04,6,8,True,optimal,0.0,0.10199928283691406,0.24017340000136755,5340,2090,12999
h6_day04,6,9,True,optimal,0.0,0.03999900817871094,0.18243819999042898,5315,2065,15159
h6_day04,6,10,True,optimal,0.0,0.10700035095214844,0.24347660000785254,5336,2086,12995
h6_day04,6,11,True,optimal,0.0,0.034999847412109375,0.17499549998319708,5311,2061,15154
h6_day04,6,12,True,optimal,0.0,0.1100006103515625,0.2471611000073608,5310,2060,12964
h6_day04,6,13,True,optimal,0.0,0.02700042724609375,0.16199940000660717,5245,1995,15037
h6_day04,6,14,True,optimal,0.0,0.08099937438964844,0.21902820002287626,5200,1950,12778
h6_day04,6,15,True,optimal,0.0,0.006000518798828125,0.13492299997597001,5158,1908,14894
h6_day04,6,16,True,optimal,0.0,0.06999969482421875,0.21187600001576357,5158,1908,12727
h6_day04,6,17,True,optimal,0.0,0.010999679565429688,0.13690030001453124,5158,1908,14894
h6_day04,6,18,True,optimal,0.0,0.08699989318847656,0.21430730001884513,5216,1966,12793
h6_day04,6,19,True,optimal,0.0,0.023000717163085938,0.15870100000756793,5216,1966,14960
h6_day04,6,20,True,optimal,0.0,0.09200096130371094,0.21537660001195036,5216,1966,12794
h6_day04,6,21,True,optimal,0.0,0.05800056457519531,0.2085557000245899,5285,2035,15043
h6_day04,6,22,True,optimal,0.0,0.10499954223632812,0.23248030000831932,5330,2080,12931
h6_day04,6,23,True,optimal,0.0,0.019001007080078125,0.1560833000112325,5220,1970,14927
h6_day04,6,24,True,optimal,0.0,0.08699989318847656,0.21598120001726784,5197,1947,12744
h6_day04,6,25,True,optimal,0.0,0.034999847412109375,0.17837039998266846,5285,2035,15008
h6_day04,6,26,True,optimal,0.0,0.08900070190429688,0.21723979999660514,5310,2060,12879
h6_day04,6,27,True,optimal,0.0,0.06999969482421875,0.20815639998181723,5425,2175,15172
h6_day04,6,28,True,optimal,0.0,0.125,0.2608564000111073,5555,2305,13174
h6_day04,6,29,True,optimal,0.0,0.07800102233886719,0.23634639999363571,5622,2372,15413
h6_day04,6,30,True,optimal,0.0,0.194000244140625,0.3295143000141252,5711,2461,13362
h6_day04,6,31,True,optimal,0.0,0.09600067138671875,0.2590982000110671,5669,2419,15431
h6_day04,6,32,True,optimal,0.0,0.1569995880126953,0.29403069999534637,5693,2443,13276
h6_day04,6,33,True,optimal,0.0,0.11100006103515625,0.26936589999240823,5925,2675,15637
h6_day04,6,34,True,optimal,0.0,0.1750011444091797,0.31927760000689887,5917,2667,13506
h6_day04,6,35,True,optimal,0.0,0.11200141906738281,0.2823962999973446,5964,2714,15677
h6_day04,6,36,True,optimal,0.0,0.22500038146972656,0.366706200002227,6275,3025,13871
h6_day04,6,37,True,optimal,0.0,0.17200088500976562,0.33562960001290776,6434,3184,16163
h6_day04,6,38,True,optimal,0.0,0.21500015258789062,0.36102139999275096,6261,3011,13747
h6_day04,6,39,True,optimal,0.0,0.16400146484375,0.3245392999961041,6378,3128,15935
h6_day04,6,40,True,optimal,0.0,0.2670001983642578,0.42134440000518225,6647,3397,14196
h6_day04,6,41,True,optimal,0.0,0.16899871826171875,0.3314952000218909,6405,3155,15920
h6_day04,6,42,True,optimal,0.0,0.2969989776611328,0.44456720000016503,6643,3393,14088
h6_day04,6,43,True,optimal,0.0,0.24200057983398438,0.40240549997542985,6831,3581,16271
h6_day04,6,44,True,optimal,0.0,0.3379993438720703,0.49428730001091026,7091,3841,14565
h6_day04,6,45,True,optimal,0.0,0.27700042724609375,0.4424673999892548,7187,3937,16542
h6_day04,6,46,True,optimal,0.0,0.37999916076660156,0.5349330000171904,7164,3914,14510
h6_day04,6,47,True,optimal,0.0,0.3040008544921875,0.46526080000330694,7171,3921,16419
h6_day04,6,48,True,optimal,0.0,0.3400001525878906,0.48959449998801574,7019,3769,14142
h6_day04,6,49,True,optimal,0.0,0.49900054931640625,0.6644089999899734,6724,3474,15487
h6_day04,6,50,True,optimal,0.0,0.43900108337402344,0.6053838999941945,6781,3531,13642
h6_day04,6,51,True,optimal,0.0,0.3169994354248047,0.4703404999745544,6545,3295,15020
h6_day04,6,52,True,optimal,0.0,0.3510017395019531,0.4919746999803465,6579,3329,13146
h6_day04,6,53,True,optimal,0.0,0.36499977111816406,0.5135750999907032,6496,3246,14681
h6_day04,6,54,True,optimal,0.0,0.45400047302246094,0.6005746000155341,6723,3473,13204
h6_day04,6,55,True,optimal,0.0,0.38699913024902344,0.5685072000196669,6421,3171,14452
h6_day04,6,56,True,optimal,0.0,0.9880008697509766,1.150103299994953,6697,3447,13113
h6_day04,6,57,True,optimal,1.6097133634781606e-06,1.2810001373291016,1.4449693999777082,6618,3368,14525
h6_day04,6,58,True,optimal,0.0,2.3769989013671875,2.5506388999929186,6802,3552,13085
h6_day04,6,59,True,optimal,8.740874685722198e-05,3.3470001220703125,3.518881700001657,6971,3721,14891
h6_day04,6,60,True,optimal,5.535392202180192e-05,2.7350006103515625,2.947701400000369,6990,3740,13227
h6_day04,6,61,True,optimal,0.0,3.0079994201660156,3.1784277000115253,7060,3810,14802
h6_day04,6,62,True,optimal,0.0,6.891000747680664,7.067905599978985,7452,4202,13662
h6_day04,6,63,True,optimal,0.0,0.4739990234375,0.6507418999972288,7070,3820,14550
h6_day04,6,64,True,optimal,0.0,0.8559989929199219,1.0218976000032853,7427,4177,13419
h6_day04,6,65,True,optimal,0.0,0.6429996490478516,0.8405026999826077,7402,4152,14800
h6_day04,6,66,True,optimal,0.0,0.4589996337890625,0.6103014000109397,7390,4140,13124
h6_day04,6,67,True,optimal,0.0,0.3470001220703125,0.5279743999999482,7454,4204,14532
h6_day04,6,68,True,optimal,0.0,0.4809989929199219,0.6812890000001062,7720,4470,13409
h6_day04,6,69,True,optimal,0.0,0.4829998016357422,0.638127699989127,7298,4048,14137
h6_day04,6,70,True,optimal,0.0,0.5410003662109375,0.6893962000031024,7384,4134,12761
h6_day04,6,71,True,optimal,0.0,0.28900146484375,0.42585860000690445,7046,3796,13420
h6_day04,6,72,True,optimal,0.0,0.37599945068359375,0.519232299993746,6781,3531,11698
h6_day04,6,73,True,optimal,0.0,0.3950004577636719,0.5285604000091553,6800,3550,12797
h6_day04,6,74,True,optimal,0.0,0.4610004425048828,0.589906900015194,6701,3451,11360
h6_day04,6,75,True,optimal,0.0,0.36499977111816406,0.5031399999861605,6972,3722,12759
h6_day04,6,76,True,optimal,0.0,0.46700096130371094,0.6046458999917377,7266,4016,12008
h6_day04,6,77,True,optimal,0.0,0.46099853515625,0.5904810999927577,6847,3597,12220
h6_day04,6,78,True,optimal,0.0,0.41699981689453125,0.5503883000055794,6713,3463,10886
h6_day04,6,79,True,optimal,0.0,0.2909984588623047,0.4130979999899864,6865,3615,11927
h6_day04,6,80,True,optimal,0.0,0.3549995422363281,0.4913724999933038,6881,3631,10758
h6_day04,6,81,True,optimal,0.0,0.3080005645751953,0.429857200011611,6752,3502,11390
h6_day04,6,82,True,optimal,0.0,0.3120002746582031,0.4411795999913011,6724,3474,10213
h6_day04,6,83,True,optimal,0.0,0.24200057983398438,0.35823500002152286,6502,3252,10450
h6_day04,6,84,True,optimal,0.0,0.2199993133544922,0.3329762000066694,6288,3038,9310
h6_day04,6,85,True,optimal,0.0,0.14299964904785156,0.24786120001226664,5967,2717,9265
h6_day04,6,86,True,optimal,4.843495813597196e-05,0.1979999542236328,0.36035849998006597,5758,2508,8204
h6_day04,6,87,True,optimal,0.0,0.14400100708007812,0.2575832000002265,5873,2623,8737
h6_day04,6,88,True,optimal,0.0,0.1550006866455078,0.24698389999684878,5642,2392,7857
h6_day04,6,89,True,optimal,0.0,0.10099983215332031,0.19296810001833364,5389,2139,7748
h6_day04,6,90,True,optimal,0.0,0.17200088500976562,0.2553323000029195,5142,1892,6976
h6_day04,6,91,True,optimal,0.0,0.10799980163574219,0.1957739000208676,5256,2006,7411
h6_day04,6,92,True,optimal,0.0,0.0970001220703125,0.18113260000245646,5146,1896,6822
h6_day04,6,93,True,optimal,0.0,0.07000160217285156,0.1443983999779448,4808,1558,6540
h6_day04,6,94,True,optimal,0.0,0.10200119018554688,0.16901170002529398,4499,1249,5710
h6_day04,6,95,True,optimal,0.0,0.08299827575683594,0.151959100010572,4603,1353,6075
h6_day04,6,96,False,optimal,0.0,0.07999992370605469,0.14832639999804087,4421,1171,5519
h6_day04,6,97,False,optimal,0.0,0.05299949645996094,0.11482829999295063,4130,880,5245
h6_day04,6,98,False,optimal,0.0,0.062000274658203125,0.11707510001724586,3925,675,4738
h6_day04,6,99,False,optimal,0.0,0.024999618530273438,0.07957219998934306,3821,571,4639
h6_day04,6,100,False,optimal,0.0,0.02700042724609375,0.07859350001672283,3777,527,4430
h6_day04,6,101,False,optimal,0.0,0.024999618530273438,0.07642920000944287,3731,481,4445
h6_day04,6,102,False,optimal,0.0,0.0260009765625,0.07529390000854619,3669,419,4135
h6_day04,6,103,False,optimal,0.0,0.017999649047851562,0.06986799999140203,3668,418,4222
h6_day04,6,104,False,optimal,0.0,0.022001266479492188,0.07128089998150244,3644,394,4106
h6_day04,6,105,False,optimal,0.0,0.019001007080078125,0.061163000005763024,3559,309,4042
h6_day04,6,106,False,optimal,0.0,0.009000778198242188,0.05282409998471849,3490,240,3834
h6_day04,6,107,False,optimal,0.0,0.0049991607666015625,0.052253899979405105,3476,226,3876
h6_day04,6,108,False,optimal,0.0,0.00099945068359375,0.048472800001036376,3437,187,3682
h6_day04,6,109,False,optimal,0.0,0.0059986114501953125,0.049547200003871694,3437,187,3726
h6_day04,6,110,False,optimal,0.0,0.006999969482421875,0.048268400016240776,3395,145,3624
h6_day04,6,111,False,optimal,0.0,0.0,0.07111769999028184,3413,163,3690
h6_day04,6,112,False,optimal,0.0,0.0030002593994140625,0.04827339999610558,3431,181,3668
h6_day04,6,113,False,optimal,0.0,0.0049991607666015625,0.048307200020644814,3393,143,3623
h6_day04,6,114,False,optimal,0.0,0.010000228881835938,0.04804809999768622,3353,103,3506
h6_day04,6,115,False,optimal,0.0,0.0049991607666015625,0.046895000006770715,3353,103,3528
h6_day04,6,116,False,optimal,0.0,0.0039997100830078125,0.04867679998278618,3310,60,3448
h6_day04,6,117,False,optimal,0.0,0.006000518798828125,0.04560230000060983,3309,59,3469
h6_day04,6,118,False,optimal,0.0,0.006000518798828125,0.044685999979265034,3309,59,3447
h6_day04,6,119,False,optimal,0.0,0.011999130249023438,0.046146799984853715,3300,50,3413
h6_day04,6,120,False,optimal,0.0,0.0039997100830078125,0.044912800018209964,3300,50,3402
h6_day04,6,121,False,optimal,0.0,0.006999969482421875,0.04441000000224449,3300,50,3413
h6_day04,6,122,False,optimal,0.0,0.006999969482421875,0.04493949998868629,3300,50,3402
h6_day04,6,123,False,optimal,0.0,0.0049991607666015625,0.0465805999992881,3299,49,3412
h6_day04,6,124,False,optimal,0.0,0.0030002593994140625,0.042753899993840605,3276,26,3374
h6_day19,6,0,True,optimal,0.0,0.16699981689453125,0.3176252999983262,5407,2157,13338
h6_day19,6,1,True,optimal,0.0,0.06499862670898438,0.23701490001985803,5557,2307,15719
h6_day19,6,2,True,optimal,0.0,0.16899871826171875,0.31407389999367297,5436,2186,13374
h6_day19,6,3,True,optimal,0.0,0.029998779296875,0.18228419998195022,5434,2184,15571
h6_day19,6,4,True,optimal,0.0,0.10400009155273438,0.2525008000084199,5415,2165,13346
h6_day19,6,5,True,optimal,0.0,0.03199958801269531,0.17865779998828657,5415,2165,15546
h6_day19,6,6,True,optimal,0.0,0.10799980163574219,0.24639769998611882,5436,2186,13372
h6_day19,6,7,True,optimal,0.0,0.04400062561035156,0.19442119999439456,5561,2311,15719
h6_day19,6,8,True,optimal,0.0,0.10799980163574219,0.24814749998040497,5507,2257,13454
h6_day19,6,9,True,optimal,0.0,0.06400108337402344,0.20775669999420643,5507,2257,15653
h6_day19,6,10,True,optimal,0.0,0.10600090026855469,0.2440853000152856,5507,2257,13453
h6_day19,6,11,True,optimal,0.0,0.04400062561035156,0.18453220001538284,5526,2276,15676
h6_day19,6,12,True,optimal,0.0,0.13800048828125,0.2651084999961313,5409,2159,13305
h6_day19,6,13,True,optimal,0.0,0.030000686645507812,0.17611020000185817,5408,2158,15493
h6_day19,6,14,True,optimal,0.0,0.09499931335449219,0.23127359998761676,5431,2181,13331
h6_day19,6,15,True,optimal,0.0,0.03800010681152344,0.20237330000963993,5453,2203,15540
h6_day19,6,16,True,optimal,0.0,0.11300086975097656,0.24653880001278594,5504,2254,13411
h6_day19,6,17,True,optimal,0.0,0.05299949645996094,0.20930290000978857,5587,2337,15695
h6_day19,6,18,True,optimal,0.0,0.13199996948242188,0.27561009998316877,5615,2365,13510
h6_day19,6,19,True,optimal,0.0,0.048999786376953125,0.19601320000947453,5611,2361,15681
h6_day19,6,20,True,optimal,0.0,0.11800003051757812,0.26584700000239536,5535,2285,13409
h6_day19,6,21,True,optimal,0.0,0.05300140380859375,0.20179759999155067,5607,2357,15664
h6_day19,6,22,True,optimal,0.0,0.12299919128417969,0.2609640999871772,5503,2253,13338
h6_day19,6,23,True,optimal,0.0,0.033000946044921875,0.19430880001164041,5560,2310,15565
h6_day19,6,24,True,optimal,0.0,0.12800025939941406,0.2640854000055697,5632,2382,13478
h6_day19,6,25,True,optimal,0.0,0.061000823974609375,0.21698090000427328,5703,2453,15729
h6_day19,6,26,True,optimal,0.0,0.16699981689453125,0.32820649998029694,5820,2570,13698
h6_day19,6,27,True,optimal,0.0,0.09399986267089844,0.23983959999168292,5834,2584,15868
h6_day19,6,28,True,optimal,0.0,0.18199920654296875,0.3206452000013087,5763,2513,13591
h6_day19,6,29,True,optimal,0.0,0.10099983215332031,0.2500424000027124,5919,2669,15931
h6_day19,6,30,True,optimal,0.0,0.20400047302246094,0.3512656999810133,6007,2757,13843
h6_day19,6,31,True,optimal,0.0,0.13299942016601562,0.3066453000064939,6127,2877,16126
h6_day19,6,32,True,optimal,0.0,0.2110004425048828,0.36217670000041835,6304,3054,14167
h6_day19,6,33,True,optimal,0.0,0.16400146484375,0.32847840001340955,6340,3090,16298
h6_day19,6,34,True,optimal,0.0,0.23399925231933594,0.3788455000030808,6280,3030,14071
h6_day19,6,35,True,optimal,0.0,0.1960010528564453,0.35215240000979975,6396,3146,16260
h6_day19,6,36,True,optimal,0.0,0.2520008087158203,0.4167816999834031,6356,3106,14075
h6_day19,6,37,True,optimal,0.0,0.14699935913085938,0.299575899989577,6204,2954,15893
h6_day19,6,38,True,optimal,0.0,0.2240009307861328,0.39194259999203496,6210,2960,13798
h6_day19,6,39,True,optimal,0.0,0.15900039672851562,0.3154192000220064,6436,3186,16119
h6_day19,6,40,True,optimal,0.0,0.2519989013671875,0.4288232999970205,6514,3264,14150
h6_day19,6,41,True,optimal,0.0,0.1939983367919922,0.35661240000627004,6568,3318,16274
h6_day19,6,42,True,optimal,0.0,0.30500030517578125,0.4875576999911573,6752,3502,14422
h6_day19,6,43,True,optimal,0.0,0.2539997100830078,0.42920839998987503,6965,3715,16693
h6_day19,6,44,True,optimal,0.0,0.3080005645751953,0.4882160999986809,6530,3280,13941
h6_day19,6,45,True,optimal,5.423208104769494e-05,1.6609992980957031,1.8535409000178333,6980,3730,16393
h6_day19,6,46,True,optimal,9.986692186760574e-05,87.25400161743164,87.50063710001996,6951,3701,14336
h6_day19,6,47,True,optimal,9.27658746633928e-05,2.536001205444336,2.741313199978322,6878,3628,16062
h6_day19,6,48,True,optimal,0.0,66.80500030517578,67.01907420001226,7351,4101,14731
h6_day19,6,49,True,optimal,0.0,1.4500007629394531,1.6491638000006787,7303,4053,16412
h6_day19,6,50,True,optimal,0.0,0.7349987030029297,0.9428322000021581,7085,3835,14170
h6_day19,6,51,True,optimal,0.0,0.40399932861328125,0.5779727999761235,6975,3725,15686
h6_day19,6,52,True,optimal,0.0,0.8129997253417969,0.995831599982921,6967,3717,13733
h6_day19,6,53,True,optimal,0.0,0.5079994201660156,0.6693053999915719,6852,3602,15200
h6_day19,6,54,True,optimal,3.7415431225999394e-05,0.8169994354248047,0.9874230999848805,6788,3538,13297
h6_day19,6,55,True,optimal,0.0,0.6669998168945312,0.8416249000001699,7011,3761,15207
h6_day19,6,56,True,optimal,0.0,0.9519996643066406,1.1305699000076856,6991,3741,13473
h6_day19,6,57,True,optimal,0.0,0.5470008850097656,0.7427915999724064,6820,3570,14814
h6_day19,6,58,True,optimal,0.0,0.9330005645751953,1.1039219999802299,6971,3721,13327
h6_day19,6,59,True,optimal,0.0,0.694000244140625,0.8557916000136174,6999,3749,14904
h6_day19,6,60,True,optimal,0.0,0.654998779296875,0.81067219999386,7074,3824,13355
h6_day19,6,61,True,optimal,9.187323329745432e-05,0.48000144958496094,0.6694158999889623,6647,3397,14304
h6_day19,6,62,True,optimal,0.0,0.4979991912841797,0.691253199998755,6728,3478,12812
h6_day19,6,63,True,optimal,0.0,0.4949989318847656,0.6772439999913331,6930,3680,14522
h6_day19,6,64,True,optimal,9.827289367928206e-05,13.180999755859375,13.361449300020467,7044,3794,13113
h6_day19,6,65,True,optimal,8.4139105451062e-05,0.6329994201660156,0.8184895000013057,7357,4107,14838
h6_day19,6,66,True,optimal,8.494950279724747e-05,5.160001754760742,5.366125800006557,7420,4170,13394
h6_day19,6,67,True,optimal,0.0,2.7420005798339844,2.9918423000199255,7636,4386,14998
h6_day19,6,68,True,optimal,6.947471256228714e-05,2.246999740600586,2.44394490000559,7536,4286,13338
h6_day19,6,69,True,optimal,6.038687869926899e-06,3.118999481201172,3.309157999989111,7383,4133,14448
h6_day19,6,70,True,optimal,0.0,1.8010005950927734,2.000622299994575,7451,4201,13078
h6_day19,6,71,True,optimal,0.0,0.8349990844726562,1.0042405999847688,7121,3871,13698
h6_day19,6,72,True,optimal,0.0,0.3680000305175781,0.509003399987705,6903,3653,11903
h6_day19,6,73,True,optimal,0.0,0.6770000457763672,0.876028500002576,7100,3850,13275
h6_day19,6,74,True,optimal,0.0,1.3330001831054688,1.473979700007476,6950,3700,11767
h6_day19,6,75,True,optimal,0.0,0.5949993133544922,0.7521246999967843,6796,3546,12658
h6_day19,6,76,True,optimal,0.0,4.73699951171875,4.897572999994736,6784,3534,11353
h6_day19,6,77,True,optimal,0.0,4.934999465942383,5.094639000017196,6751,3501,12249
h6_day19,6,78,True,optimal,1.7028722029965717e-05,0.5529994964599609,0.6923753999872133,6581,3331,10826
h6_day19,6,79,True,optimal,0.0,0.2279987335205078,0.3646870000229683,6793,3543,11970
h6_day19,6,80,True,optimal,0.0,0.4530010223388672,0.5915710999979638,6779,3529,10845
h6_day19,6,81,True,optimal,6.714967704152376e-05,0.5089988708496094,0.6524927999998908,6981,3731,12032
h6_day19,6,82,True,optimal,0.0,0.3640003204345703,0.49011590000009164,6575,3325,10404
h6_day19,6,83,True,optimal,0.0,0.2409992218017578,0.3718765999947209,6496,3246,10992
h6_day19,6,84,True,optimal,0.0,0.24699974060058594,0.36031780001940206,6306,3056,9669
h6_day19,6,85,True,optimal,0.0,0.17099952697753906,0.3332372999866493,6041,2791,10095
h6_day19,6,86,True,optimal,0.0,0.22900009155273438,0.33338940000976436,5988,2738,8952
h6_day19,6,87,True,optimal,0.0,0.23099899291992188,0.3368810999963898,6044,2794,9494
h6_day19,6,88,True,optimal,0.0,0.23400115966796875,0.33667470002546906,5892,2642,8487
h6_day19,6,89,True,optimal,0.0,0.1660003662109375,0.2763651999994181,5716,2466,8722
h6_day19,6,90,True,optimal,2.758574773722946e-06,0.19500160217285156,0.2905658000090625,5425,2175,7594
h6_day19,6,91,True,optimal,4.596044263334207e-05,0.17300033569335938,0.2635428000066895,5315,2065,7887
h6_day19,6,92,True,optimal,0.0,0.16300010681152344,0.25959729999885894,5060,1810,6846
h6_day19,6,93,True,optimal,0.0,0.11199951171875,0.18620160000864416,4710,1460,6496
h6_day19,6,94,True,optimal,0.0,0.06299972534179688,0.12403450001147576,4415,1165,5660
h6_day19,6,95,True,optimal,0.0,0.05100059509277344,0.12575920001836494,4489,1239,5967
h6_day19,6,96,False,optimal,0.0,0.05800056457519531,0.12428950000321493,4514,1264,5697
h6_day19,6,97,False,optimal,4.52861334199727e-05,0.04500007629394531,0.1060832999937702,4232,982,5530
h6_day19,6,98,False,optimal,0.0,0.04300117492675781,0.1045933999994304,4159,909,5163
h6_day19,6,99,False,optimal,0.0,0.061000823974609375,0.12362590001430362,4076,826,5249
h6_day19,6,100,False,optimal,6.18488341049121e-05,0.07600021362304688,0.13495740000507794,4012,762,4840
h6_day19,6,101,False,optimal,0.0,0.04400062561035156,0.09977669999352656,3880,630,4709
h6_day19,6,102,False,optimal,0.0,0.03199958801269531,0.0863316000031773,3753,503,4290
h6_day19,6,103,False,optimal,0.0,0.033000946044921875,0.08554179998463951,3732,482,4342
h6_day19,6,104,False,optimal,0.0,0.024000167846679688,0.08490340001299046,3724,474,4224
h6_day19,6,105,False,optimal,0.0,0.01399993896484375,0.063563499978045,3584,334,4083
h6_day19,6,106,False,optimal,0.0,0.029001235961914062,0.07584140001563355,3533,283,3936
h6_day19,6,107,False,optimal,0.0,0.01599884033203125,0.06443060000310652,3406,156,3726
h6_day19,6,108,False,optimal,0.0,0.017000198364257812,0.06070279999403283,3377,127,3606
h6_day19,6,109,False,optimal,0.0,0.017000198364257812,0.06156969998846762,3414,164,3696
h6_day19,6,110,False,optimal,0.0,0.020000457763671875,0.058879699994577095,3428,178,3671
h6_day19,6,111,False,optimal,0.0,0.0059986114501953125,0.045409100013785064,3353,103,3575
h6_day19,6,112,False,optimal,0.0,0.006000518798828125,0.05016820001765154,3353,103,3542
h6_day19,6,113,False,optimal,0.0,0.006000518798828125,0.048526099999435246,3353,103,3575
h6_day19,6,114,False,optimal,0.0,0.006999969482421875,0.046699400001671165,3286,36,3447
h6_day19,6,115,False,optimal,0.0,0.006000518798828125,0.05382110000937246,3351,101,3558
h6_day19,6,116,False,optimal,0.0,0.006999969482421875,0.05005479999817908,3397,147,3580
h6_day19,6,117,False,optimal,0.0,0.005001068115234375,0.04825190000701696,3397,147,3613
h6_day19,6,118,False,optimal,0.0,0.006000518798828125,0.053701700002420694,3397,147,3580
h6_day19,6,119,False,optimal,0.0,0.0049991607666015625,0.0479672999936156,3354,104,3555
h6_day19,6,120,False,optimal,0.0,0.006999969482421875,0.0516965999850072,3352,102,3520
h6_day19,6,121,False,optimal,0.0,0.0049991607666015625,0.046172000002115965,3329,79,3525
h6_day19,6,122,False,optimal,0.0,0.0039997100830078125,0.045010399975581095,3300,50,3402
h6_day19,6,123,False,optimal,0.0,0.010999679565429688,0.04438879998633638,3300,50,3413
h6_day19,6,124,False,optimal,0.0,0.006000518798828125,0.04982310000923462,3300,50,3402
h6_day19,6,125,False,optimal,0.0,0.00299835205078125,0.04536920000100508,3300,50,3413
h6_day19,6,126,False,optimal,0.0,0.0049991607666015625,0.04418450000230223,3299,49,3401
h6_day19,6,127,False,optimal,0.0,0.0049991607666015625,0.04307499999413267,3276,26,3385
h6_day13,6,0,True,optimal,0.0,0.13300132751464844,0.28899939998518676,5300,2050,13060
h6_day13,6,1,True,optimal,0.0,0.0410003662109375,0.18708040000637993,5352,2102,15321
h6_day13,6,2,True,optimal,0.0,0.15999984741210938,0.3058883000048809,5402,2152,13179
h6_day13,6,3,True,optimal,0.0,0.055999755859375,0.22769810000318103,5421,2171,15403
h6_day13,6,4,True,optimal,0.0,0.12299919128417969,0.26523980000638403,5557,2307,13371
h6_day13,6,5,True,optimal,0.0,0.04599952697753906,0.20229039998957887,5396,2146,15373
h6_day13,6,6,True,optimal,0.0,0.09600067138671875,0.23625029998947866,5315,2065,13079
h6_day13,6,7,True,optimal,0.0,0.0540008544921875,0.20063569999183528,5296,2046,15254
h6_day13,6,8,True,optimal,0.0,0.125,0.26948580000316724,5318,2068,13080
h6_day13,6,9,True,optimal,0.0,0.0260009765625,0.1738443000067491,5297,2047,15255
h6_day13,6,10,True,optimal,0.0,0.08199882507324219,0.22399250001762994,5270,2020,12992
h6_day13,6,11,True,optimal,0.0,0.017999649047851562,0.1619180999987293,5270,2020,15181
h6_day13,6,12,True,optimal,0.0,0.07199859619140625,0.20613430000958033,5224,1974,12937
h6_day13,6,13,True,optimal,0.0,0.006999969482421875,0.14581460002227686,5253,2003,15159
h6_day13,6,14,True,optimal,0.0,0.12100028991699219,0.2610500000009779,5303,2053,13028
h6_day13,6,15,True,optimal,0.0,0.05500030517578125,0.19507670000893995,5324,2074,15242
h6_day13,6,16,True,optimal,0.0,0.12600135803222656,0.25572529999772087,5324,2074,13054
h6_day13,6,17,True,optimal,0.0,0.08799934387207031,0.2276488000061363,5353,2103,15276
h6_day13,6,18,True,optimal,0.0,0.1289997100830078,0.2640848999726586,5379,2129,13114
h6_day13,6,19,True,optimal,0.0,0.02700042724609375,0.16786869999486953,5319,2069,15229
h6_day13,6,20,True,optimal,0.0,0.09799957275390625,0.22799919999670237,5327,2077,13048
h6_day13,6,21,True,optimal,0.0,0.03800010681152344,0.17702810000628233,5329,2079,15196
h6_day13,6,22,True,optimal,0.0,0.08600044250488281,0.21875880000879988,5271,2021,12951
h6_day13,6,23,True,optimal,0.0,0.020999908447265625,0.15734259999589995,5300,2050,15162
h6_day13,6,24,True,optimal,0.0,0.09399986267089844,0.23752009999589063,5329,2079,13020
h6_day13,6,25,True,optimal,0.0,0.033000946044921875,0.1713152000156697,5399,2149,15278
h6_day13,6,26,True,optimal,0.0,0.11199951171875,0.2491300000110641,5436,2186,13140
h6_day13,6,27,True,optimal,0.0,0.05100059509277344,0.19563529998413287,5503,2253,15398
h6_day13,6,28,True,optimal,0.0,0.13100051879882812,0.25968920000013895,5563,2313,13290
h6_day13,6,29,True,optimal,0.0,0.06299972534179688,0.22416100002010353,5571,2321,15437
h6_day13,6,30,True,optimal,0.0,0.125,0.2637762999802362,5499,2249,13186
h6_day13,6,31,True,optimal,0.0,0.07500076293945312,0.21906100001069717,5595,2345,15469
h6_day13,6,32,True,optimal,0.0,0.18000030517578125,0.33444979999330826,5661,2411,13377
h6_day13,6,33,True,optimal,0.0,0.1100006103515625,0.25622150002163835,5880,2630,15799
h6_day13,6,34,True,optimal,0.0,0.21400070190429688,0.3768584999779705,6049,2799,13808
h6_day13,6,35,True,optimal,0.0,0.11700057983398438,0.26965539998491295,5967,2717,15822
h6_day13,6,36,True,optimal,0.0,0.17300033569335938,0.3327517000143416,5824,2574,13484
h6_day13,6,37,True,optimal,0.0,0.11400032043457031,0.2625427999882959,5950,2700,15763
h6_day13,6,38,True,optimal,0.0,0.2259998321533203,0.3696717999991961,6153,2903,13843
h6_day13,6,39,True,optimal,0.0,0.14599990844726562,0.301766199991107,6176,2926,15956
h6_day13,6,40,True,optimal,0.0,0.23399925231933594,0.3761671000102069,6355,3105,14058
h6_day13,6,41,True,optimal,0.0,0.1919994354248047,0.35943630000110716,6578,3328,16434
h6_day13,6,42,True,optimal,0.0,0.28800010681152344,0.4442385000002105,6678,3428,14437
h6_day13,6,43,True,optimal,0.0,0.2390003204345703,0.40621099999407306,6839,3589,16705
h6_day13,6,44,True,optimal,0.0,0.2609996795654297,0.41187369998078793,6640,3390,14242
h6_day13,6,45,True,optimal,0.0,0.18799972534179688,0.36133059998974204,6668,3418,16266
h6_day13,6,46,True,optimal,0.0,0.2870006561279297,0.43905010001617484,6730,3480,14229
h6_day13,6,47,True,optimal,0.0,0.23000144958496094,0.3968142999801785,6985,3735,16506
h6_day13,6,48,True,optimal,0.0,0.36100006103515625,0.5155129000195302,6803,3553,14166
h6_day13,6,49,True,optimal,0.0,0.6400012969970703,0.8133686000073794,6928,3678,16253
h6_day13,6,50,True,optimal,0.0,0.4220008850097656,0.5887526999867987,6881,3631,14159
h6_day13,6,51,True,optimal,0.0,0.4740009307861328,0.6429264000034891,6802,3552,16017
h6_day13,6,52,True,optimal,0.0,0.6879997253417969,0.8469357999856584,6862,3612,14044
h6_day13,6,53,True,optimal,0.0,0.5459995269775391,0.7258993000141345,7048,3798,16156
h6_day13,6,54,True,optimal,2.247141021997121e-06,0.9009990692138672,1.0702837000135332,7010,3760,14173
h6_day13,6,55,True,optimal,0.0,1.0509986877441406,1.237389699992491,7207,3957,16213
h6_day13,6,56,True,optimal,0.0,1.746999740600586,1.9654313999926671,7544,4294,14744
h6_day13,6,57,True,optimal,0.0,1.3540000915527344,1.5257038999989163,7109,3859,15812
h6_day13,6,58,True,optimal,2.6179380840748875e-05,2.9160003662109375,3.1263289999915287,7131,3881,13936
h6_day13,6,59,True,optimal,9.735357844607382e-05,1.286001205444336,1.4649770999967586,7191,3941,15659
h6_day13,6,60,True,optimal,5.602061667774747e-11,1.6429996490478516,1.8273243000148796,7235,3985,13903
h6_day13,6,61,True,optimal,0.0,0.5380001068115234,0.7139862999902107,7293,4043,15512
h6_day13,6,62,True,optimal,0.0,0.8140010833740234,0.9834137000143528,7449,4199,13975
h6_day13,6,63,True,optimal,0.0,0.5619983673095703,0.7763398999813944,7685,4435,15869
h6_day13,6,64,True,optimal,0.0,0.8529987335205078,1.0127834000159055,7746,4496,14221
h6_day13,6,65,True,optimal,4.370206169708087e-11,0.48799896240234375,0.6617713000159711,7409,4159,15173
h6_day13,6,66,True,optimal,0.0,0.582000732421875,0.7400083999964409,7234,3984,13268
h6_day13,6,67,True,optimal,6.807690573838028e-11,0.707000732421875,0.8658983999921475,7505,4255,15034
h6_day13,6,68,True,optimal,0.0,0.6090011596679688,0.762542200012831,7369,4119,13270
h6_day13,6,69,True,optimal,0.0,0.9419994354248047,1.1026583000202663,7369,4119,14585
h6_day13,6,70,True,optimal,4.560045728177083e-05,0.9149990081787109,1.0711111999989953,7302,4052,12912
h6_day13,6,71,True,optimal,0.0,0.7169990539550781,0.9254394999879878,7545,4295,14537
h6_day13,6,72,True,optimal,0.0,0.48600006103515625,0.6339663999970071,7184,3934,12507
h6_day13,6,73,True,optimal,0.0,0.430999755859375,0.5868218999821693,7266,4016,13718
h6_day13,6,74,True,optimal,0.0,0.7300014495849609,0.9352338000026066,7506,4256,12690
h6_day13,6,75,True,optimal,0.0,0.9629993438720703,1.1325977999949828,7552,4302,13771
h6_day13,6,76,True,optimal,0.0,0.8950004577636719,1.0458099999814294,7415,4165,12244
h6_day13,6,77,True,optimal,8.021661134493666e-05,0.5640010833740234,0.7675349999917671,7390,4140,13206
h6_day13,6,78,True,optimal,0.0,1.029998779296875,1.182011800003238,7295,4045,11832
h6_day13,6,79,True,optimal,6.966093886567244e-05,0.5020008087158203,0.6411600999999791,7010,3760,12415
h6_day13,6,80,True,optimal,0.0,0.27499961853027344,0.4539297000155784,6858,3608,11003
h6_day13,6,81,True,optimal,0.0,0.2849998474121094,0.41395409998949617,6728,3478,11720
h6_day13,6,82,True,optimal,0.0,0.28299903869628906,0.4132003000122495,6751,3501,10548
h6_day13,6,83,True,optimal,0.0,0.2460002899169922,0.36886869999580085,6679,3429,11151
h6_day13,6,84,True,optimal,0.0,0.23199844360351562,0.35258099998463877,6608,3358,9922
h6_day13,6,85,True,optimal,0.0,0.23000144958496094,0.36515090000466444,6470,3220,10388
h6_day13,6,86,True,optimal,0.0,0.24499893188476562,0.35381950001465157,6336,3086,9260
h6_day13,6,87,True,optimal,0.0,0.1289997100830078,0.25237810000544414,6093,2843,9479
h6_day13,6,88,True,optimal,0.0,0.1289997100830078,0.23301089997403324,5967,2717,8413
h6_day13,6,89,True,optimal,0.0,0.09300041198730469,0.19118149997666478,5682,2432,8561
h6_day13,6,90,True,optimal,0.0,0.08799934387207031,0.1871635999996215,5881,2631,8111
h6_day13,6,91,True,optimal,0.0,0.07999992370605469,0.1776125000033062,6033,2783,8718
h6_day13,6,92,True,optimal,0.0,0.08099937438964844,0.17191190001904033,5749,2499,7797
h6_day13,6,93,True,optimal,0.0,0.06199836730957031,0.14637269999366254,5397,2147,7567
h6_day13,6,94,True,optimal,0.0,0.0970001220703125,0.17076839998480864,4785,1535,6222
h6_day13,6,95,True,optimal,0.0,0.034000396728515625,0.1011315000068862,4416,1166,5952
h6_day13,6,96,False,optimal,0.0,0.035999298095703125,0.09977709999657236,4330,1080,5460
h6_day13,6,97,False,optimal,0.0,0.019001007080078125,0.07787469998584129,3938,688,5054
h6_day13,6,98,False,optimal,0.0,0.020999908447265625,0.07834750000620261,3850,600,4600
h6_day13,6,99,False,optimal,0.0,0.006999969482421875,0.060179100022651255,3812,562,4609
h6_day13,6,100,False,optimal,0.0,0.010000228881835938,0.06229010000242852,3852,602,4500
h6_day13,6,101,False,optimal,0.0,0.006000518798828125,0.05733799998415634,3766,516,4453
h6_day13,6,102,False,optimal,0.0,0.009000778198242188,0.05718529998557642,3679,429,4181
h6_day13,6,103,False,optimal,0.0,0.007999420166015625,0.05629209999460727,3693,443,4243
h6_day13,6,104,False,optimal,0.0,0.009000778198242188,0.05870299998787232,3703,453,4158
h6_day13,6,105,False,optimal,0.0,0.010999679565429688,0.05172839999431744,3599,349,4093
h6_day13,6,106,False,optimal,0.0,0.006000518798828125,0.050931100005982444,3457,207,3719
h6_day13,6,107,False,optimal,0.0,0.006999969482421875,0.04943670000648126,3402,152,3625
h6_day13,6,108,False,optimal,0.0,0.0049991607666015625,0.047958600014681,3335,85,3506
h6_day13,6,109,False,optimal,0.0,0.007999420166015625,0.04582200001459569,3309,59,3469
h6_day13,6,110,False,optimal,0.0,0.005001068115234375,0.046017999993637204,3300,50,3402
h6_day13,6,111,False,optimal,0.0,0.0049991607666015625,0.04790609999326989,3300,50,3413
h6_day13,6,112,False,optimal,0.0,0.0059986114501953125,0.04465389999677427,3300,50,3402
h6_day13,6,113,False,optimal,0.0,0.005001068115234375,0.045579400000860915,3300,50,3413
h6_day13,6,114,False,optimal,0.0,0.0049991607666015625,0.04505530002643354,3299,49,3401
h6_day13,6,115,False,optimal,0.0,0.0049991607666015625,0.044935000012628734,3276,26,3385
h6_day14,6,0,True,optimal,0.0,0.21099853515625,0.3816334000148345,5683,2433,14179
h6_day14,6,1,True,optimal,0.0,0.060001373291015625,0.22663380001904443,5756,2506,16464
h6_day14,6,2,True,optimal,0.0,0.18199920654296875,0.34219329999177717,5812,2562,14328
h6_day14,6,3,True,optimal,0.0,0.04199981689453125,0.2147658999892883,5712,2462,16410
h6_day14,6,4,True,optimal,0.0,0.1510009765625,0.3047638999996707,5837,2587,14357
h6_day14,6,5,True,optimal,0.0,0.05700111389160156,0.2343813999905251,5835,2585,16556
h6_day14,6,6,True,optimal,0.0,0.14599990844726562,0.2986549999914132,5809,2559,14324
h6_day14,6,7,True,optimal,0.0,0.08500099182128906,0.26148049999028444,5832,2582,16553
h6_day14,6,8,True,optimal,0.0,0.17600059509277344,0.3269543999922462,5863,2613,14381
h6_day14,6,9,True,optimal,0.0,0.10099983215332031,0.2733596000180114,5995,2745,16734
h6_day14,6,10,True,optimal,0.0,0.14300155639648438,0.29567009999300353,5848,2598,14295
h6_day14,6,11,True,optimal,0.0,0.0839996337890625,0.2587812000128906,5847,2597,16472
h6_day14,6,12,True,optimal,0.0,0.14400100708007812,0.2906477000215091,5803,2553,14242
h6_day14,6,13,True,optimal,0.0,0.03700065612792969,0.2027259000169579,5742,2492,16310
h6_day14,6,14,True,optimal,0.0,0.12999916076660156,0.2768104000133462,5684,2434,14045
h6_day14,6,15,True,optimal,0.0,0.03700065612792969,0.19473660000949167,5630,2380,16132
h6_day14,6,16,True,optimal,0.0,0.11999893188476562,0.2861826999869663,5606,2356,13947
h6_day14,6,17,True,optimal,0.0,0.029998779296875,0.1816617000149563,5627,2377,16129
h6_day14,6,18,True,optimal,0.0,0.1509990692138672,0.29738790000556037,5691,2441,14049
h6_day14,6,19,True,optimal,0.0,0.03600120544433594,0.20813909999560565,5670,2420,16138
h6_day14,6,20,True,optimal,0.0,0.12800025939941406,0.28341929998714477,5670,2420,13961
h6_day14,6,21,True,optimal,0.0,0.03700065612792969,0.1926341000071261,5693,2443,16124
h6_day14,6,22,True,optimal,0.0,0.1620006561279297,0.3338235999981407,5787,2537,14103
h6_day14,6,23,True,optimal,0.0,0.05299949645996094,0.2139096999890171,5700,2450,16093
h6_day14,6,24,True,optimal,0.0,0.13899993896484375,0.2871586999972351,5718,2468,13993
h6_day14,6,25,True,optimal,0.0,0.04500007629394531,0.20293349999701604,5672,2422,16020
h6_day14,6,26,True,optimal,0.0,0.16499900817871094,0.3184346999914851,5799,2549,14057
h6_day14,6,27,True,optimal,0.0,0.05900001525878906,0.23844799998914823,5839,2589,16217
h6_day14,6,28,True,optimal,0.0,0.18400001525878906,0.33394690000568517,5910,2660,14190
h6_day14,6,29,True,optimal,0.0,0.08899879455566406,0.26804700001957826,6031,2781,16447
h6_day14,6,30,True,optimal,0.0,0.1829986572265625,0.35730669999611564,5979,2729,14275
h6_day14,6,31,True,optimal,0.0,0.07799911499023438,0.2434030000003986,5970,2720,16373
h6_day14,6,32,True,optimal,0.0,0.19099998474121094,0.3434337999788113,6024,2774,14321
h6_day14,6,33,True,optimal,0.0,0.11299896240234375,0.27811169999768026,6144,2894,16567
h6_day14,6,34,True,optimal,0.0,0.20800018310546875,0.36602570000104606,6237,2987,14532
h6_day14,6,35,True,optimal,0.0,0.1289997100830078,0.326841100002639,6474,3224,16912
h6_day14,6,36,True,optimal,0.0,0.24300003051757812,0.4064442999952007,6500,3250,14845
h6_day14,6,37,True,optimal,0.0,0.15999984741210938,0.3563187000108883,6574,3324,16992
h6_day14,6,38,True,optimal,0.0,0.2560005187988281,0.42046880000270903,6760,3510,15095
h6_day14,6,39,True,optimal,0.0,0.17399978637695312,0.35570140002528206,6744,3494,17072
h6_day14,6,40,True,optimal,0.0,0.2859992980957031,0.45689339999808,7013,3763,15305
h6_day14,6,41,True,optimal,0.0,0.21700096130371094,0.3988625000056345,7093,3843,17452
h6_day14,6,42,True,optimal,0.0,0.34999847412109375,0.5443112000066321,7154,3904,15440
h6_day14,6,43,True,optimal,0.0,0.2389984130859375,0.41915199998766184,7174,3924,17457
h6_day14,6,44,True,optimal,0.0,0.3770008087158203,0.5715166000009049,7127,3877,15312
h6_day14,6,45,True,optimal,0.0,0.26199913024902344,0.44401099998503923,7255,4005,17378
h6_day14,6,46,True,optimal,0.0,0.9659996032714844,1.1738300000142772,7266,4016,15344
h6_day14,6,47,True,optimal,0.0,0.44699859619140625,0.638219599990407,7188,3938,17074
h6_day14,6,48,True,optimal,0.0,0.3789997100830078,0.5729893000097945,6983,3733,14826
h6_day14,6,49,True,optimal,0.0,0.2569999694824219,0.4389136000245344,7069,3819,16841
h6_day14,6,50,True,optimal,0.0,0.6709995269775391,0.8391452000068966,7250,4000,15146
h6_day14,6,51,True,optimal,0.0,0.7649993896484375,0.9677324999938719,7453,4203,17210
h6_day14,6,52,True,optimal,0.0,0.5760002136230469,0.7542027000163216,7377,4127,15154
h6_day14,6,53,True,optimal,0.0,0.3470001220703125,0.5394519999972545,7354,4104,16850
h6_day14,6,54,True,optimal,0.0,0.7060012817382812,0.8778032000118401,7608,4358,15311
h6_day14,6,55,True,optimal,5.22988322233613e-11,0.9169998168945312,1.1118048999924213,7842,4592,17347
h6_day14,6,56,True,optimal,0.0,1.164999008178711,1.366632200020831,7819,4569,15509
h6_day14,6,57,True,optimal,0.0,0.8260002136230469,1.0367726999975275,7559,4309,16613
h6_day14,6,58,True,optimal,0.0,1.3869991302490234,1.5743576000095345,7786,4536,15121
h6_day14,6,59,True,optimal,0.0,0.6979999542236328,0.8841231999977026,7565,4315,16388
h6_day14,6,60,True,optimal,0.0,0.832000732421875,1.0147923000040464,7514,4264,14627
h6_day14,6,61,True,optimal,0.0,0.4099998474121094,0.6285973000049125,7673,4423,16277
h6_day14,6,62,True,optimal,0.0,0.4569988250732422,0.6236166000016965,7406,4156,14233
h6_day14,6,63,True,optimal,0.0,0.40600013732910156,0.5729037999990396,7359,4109,15572
h6_day14,6,64,True,optimal,0.0,0.5499992370605469,0.7213773000112269,7667,4417,14358
h6_day14,6,65,True,optimal,0.0,0.3680000305175781,0.5285614999884274,7254,4004,15018
h6_day14,6,66,True,optimal,0.0,6.091999053955078,6.303358500008471,7510,4260,13882
h6_day14,6,67,True,optimal,9.462172469314036e-11,1.0249996185302734,1.222620199987432,7544,4294,15349
h6_day14,6,68,True,optimal,0.0,0.8980007171630859,1.0689728999859653,7624,4374,13902
h6_day14,6,69,True,optimal,0.0,0.5719985961914062,0.7428941999969538,7541,4291,14962
h6_day14,6,70,True,optimal,0.0,0.5389995574951172,0.7045753999846056,7675,4425,13671
h6_day14,6,71,True,optimal,0.0,0.680999755859375,0.9030163999996148,8009,4759,15333
h6_day14,6,72,True,optimal,0.0,0.6260013580322266,0.795890600013081,7769,4519,13616
h6_day14,6,73,True,optimal,0.0,0.4479999542236328,0.6273110000183806,7713,4463,14685
h6_day14,6,74,True,optimal,0.0,0.555999755859375,0.7636003000079654,7622,4372,13251
h6_day14,6,75,True,optimal,9.391872003044048e-05,0.3859996795654297,0.5489066000154708,7266,4016,13676
h6_day14,6,76,True,optimal,0.0,0.3729991912841797,0.5152990000206046,7330,4080,12325
h6_day14,6,77,True,optimal,0.0,0.2279987335205078,0.4190175000112504,7008,3758,12713
h6_day14,6,78,True,optimal,0.0,0.3339996337890625,0.4645920000039041,6538,3288,10891
h6_day14,6,79,True,optimal,0.0,0.292999267578125,0.426612599985674,6562,3312,11745
h6_day14,6,80,True,optimal,0.0,0.33699989318847656,0.5151514000026509,6729,3479,10884
h6_day14,6,81,True,optimal,5.32272828921597e-05,0.37800025939941406,0.5051248999952804,6283,3033,11070
h6_day14,6,82,True,optimal,0.0,0.4790000915527344,0.6009869999834336,6300,3050,9995
h6_day14,6,83,True,optimal,8.684538887626729e-05,0.47699928283691406,0.6050611000100616,6345,3095,10874
h6_day14,6,84,True,optimal,4.3637007581408567e-05,0.7139987945556641,0.8410015999979805,6516,3266,10208
h6_day14,6,85,True,optimal,0.0,1.0520000457763672,1.18215790000977,6396,3146,10456
h6_day14,6,86,True,optimal,0.0,0.7679996490478516,0.8872373000194784,6160,2910,9171
h6_day14,6,87,True,optimal,0.0,0.5230007171630859,0.6895629999926314,5825,2575,9146
h6_day14,6,88,True,optimal,0.0,0.66400146484375,0.779769100015983,5796,2546,8404
h6_day14,6,89,True,optimal,0.0,0.20599937438964844,0.3067872000101488,5760,2510,8841
h6_day14,6,90,True,optimal,0.0,0.180999755859375,0.2767079999903217,5516,2266,7675
h6_day14,6,91,True,optimal,0.0,0.13199996948242188,0.22650099999736995,5643,2393,8154
h6_day14,6,92,True,optimal,0.0,0.16099929809570312,0.2577525999804493,5419,2169,7325
h6_day14,6,93,True,optimal,0.0,0.08899879455566406,0.16662759997416288,4918,1668,6877
h6_day14,6,94,True,optimal,0.0,0.08499908447265625,0.1520897000154946,4505,1255,5875
h6_day14,6,95,True,optimal,0.0,0.08299827575683594,0.16613279999000952,4570,1320,6074
h6_day14,6,96,False,optimal,0.0,0.08299827575683594,0.1498548999952618,4491,1241,5650
h6_day14,6,97,False,optimal,0.0,0.01399993896484375,0.07057280000299215,4306,1056,5534
h6_day14,6,98,False,optimal,0.0,0.018001556396484375,0.07738940001581796,4137,887,5081
h6_day14,6,99,False,optimal,0.0,0.008001327514648438,0.06466880001244135,3984,734,5003
h6_day14,6,100,False,optimal,0.0,0.023000717163085938,0.0805361999955494,3890,640,4599
h6_day14,6,101,False,optimal,0.0,0.006999969482421875,0.05595630002790131,3726,476,4389
h6_day14,6,102,False,optimal,0.0,0.011999130249023438,0.06519249998382293,3621,371,4046
h6_day14,6,103,False,optimal,0.0,0.0049991607666015625,0.05130760002066381,3506,256,3855
h6_day14,6,104,False,optimal,0.0,0.0110015869140625,0.05579590002889745,3425,175,3667
h6_day14,6,105,False,optimal,0.0,0.006000518798828125,0.11508789999061264,3423,173,3709
h6_day14,6,106,False,optimal,0.0,0.016000747680664062,0.05657229997450486,3416,166,3630
h6_day14,6,107,False,optimal,0.0,0.010999679565429688,0.047715599997900426,3370,120,3608
h6_day14,6,108,False,optimal,0.0,0.01300048828125,0.053672000009100884,3308,58,3431
h6_day14,6,109,False,optimal,0.0,0.005001068115234375,0.04644880001433194,3308,58,3442
h6_day14,6,110,False,optimal,0.0,0.01200103759765625,0.05552470000111498,3307,57,3430
h6_day14,6,111,False,optimal,0.0,0.0059986114501953125,0.04575379999005236,3286,36,3416
h7_day01,7,0,True,optimal,0.0,0.1770000457763672,0.34470149999833666,5987,2237,14028
h7_day01,7,1,True,optimal,0.0,0.14800071716308594,0.31107820000033826,6174,2424,16447
h7_day01,7,2,True,optimal,0.0,0.21000099182128906,0.3700466000009328,6161,2411,14234
h7_day01,7,3,True,optimal,0.0,0.049999237060546875,0.21300869999686256,6117,2367,16379
h7_day01,7,4,True,optimal,0.0,0.14799880981445312,0.29572080000070855,6138,2388,14203
h7_day01,7,5,True,optimal,0.0,0.05299949645996094,0.20910569999250583,6132,2382,16396
h7_day01,7,6,True,optimal,0.0,0.14099884033203125,0.2896360000013374,6093,2343,14152
h7_day01,7,7,True,optimal,0.0,0.05299949645996094,0.22344200001680292,6161,2411,16433
h7_day01,7,8,True,optimal,0.0,0.1700000762939453,0.31780540000181645,6124,2374,14184
h7_day01,7,9,True,optimal,0.0,0.07499885559082031,0.2455039000196848,6067,2317,16302
h7_day01,7,10,True,optimal,0.0,0.19899940490722656,0.3501244999933988,6125,2375,14169
h7_day01,7,11,True,optimal,0.0,0.050998687744140625,0.20520419999957085,6140,2390,16388
h7_day01,7,12,True,optimal,0.0,0.16699981689453125,0.3262010999897029,6094,2344,14105
h7_day01,7,13,True,optimal,0.0,0.07999992370605469,0.23503019998315722,6096,2346,16289
h7_day01,7,14,True,optimal,0.0,0.1420001983642578,0.2886465000046883,6152,2402,14166
h7_day01,7,15,True,optimal,0.0,0.048000335693359375,0.20637179998448119,6111,2361,16271
h7_day01,7,16,True,optimal,0.0,0.1510009765625,0.3128969999961555,6139,2389,14125
h7_day01,7,17,True,optimal,0.0,0.062000274658203125,0.2269977999967523,6160,2410,16288
h7_day01,7,18,True,optimal,0.0,0.13700103759765625,0.2837326999870129,6118,2368,14060
h7_day01,7,19,True,optimal,0.0,0.061000823974609375,0.23241409999900497,6216,2466,16342
h7_day01,7,20,True,optimal,0.0,0.15900039672851562,0.31131119999918155,6281,2531,14256
h7_day01,7,21,True,optimal,0.0,0.10300064086914062,0.26144919998478144,6222,2472,16327
h7_day01,7,22,True,optimal,0.0,0.13399887084960938,0.3004376000026241,6148,2398,14072
h7_day01,7,23,True,optimal,0.0,0.05700111389160156,0.20864880000590347,6191,2441,16244
h7_day01,7,24,True,optimal,0.0,0.14999961853027344,0.29879000000073574,6250,2500,14153
h7_day01,7,25,True,optimal,0.0,0.06800079345703125,0.24095239999587648,6198,2448,16246
h7_day01,7,26,True,optimal,0.0,0.14599990844726562,0.2857205000182148,6110,2360,13954
h7_day01,7,27,True,optimal,0.0,0.062000274658203125,0.2205958999984432,6136,2386,16091
h7_day01,7,28,True,optimal,0.0,0.1589984893798828,0.2992325999948662,6171,2421,13973
h7_day01,7,29,True,optimal,0.0,0.07599830627441406,0.24493359998450615,6206,2456,16136
h7_day01,7,30,True,optimal,0.0,0.24399948120117188,0.4019384999992326,6372,2622,14213
h7_day01,7,31,True,optimal,0.0,0.1289997100830078,0.30960390000836924,6511,2761,16498
h7_day01,7,32,True,optimal,0.0,0.24399948120117188,0.40618829999584705,6520,2770,14390
h7_day01,7,33,True,optimal,0.0,0.13399887084960938,0.29561320002540015,6660,2910,16675
h7_day01,7,34,True,optimal,0.0,0.2480010986328125,0.4027404999942519,6730,2980,14641
h7_day01,7,35,True,optimal,0.0,0.2240009307861328,0.3931336000096053,6935,3185,17012
h7_day01,7,36,True,optimal,0.0,0.28800010681152344,0.4794916000100784,7182,3432,15184
h7_day01,7,37,True,optimal,0.0,0.2089996337890625,0.41257849999237806,7141,3391,17132
h7_day01,7,38,True,optimal,0.0,0.34800148010253906,0.5144221000082325,7257,3507,15150
h7_day01,7,39,True,optimal,0.0,0.2650012969970703,0.4711842999968212,7459,3709,17469
h7_day01,7,40,True,optimal,0.0,0.3950004577636719,0.5756586999923456,7713,3963,15699
h7_day01,7,41,True,optimal,0.0,0.3299999237060547,0.5507972000050358,7918,4168,17970
h7_day01,7,42,True,optimal,0.0,0.4270000457763672,0.605380699998932,7657,3907,15434
h7_day01,7,43,True,optimal,9.978374891151772e-05,101.8179988861084,102.1090220999904,7723,3973,17506
h7_day01,7,44,True,optimal,7.749850846276324e-05,1.0400009155273438,1.2568276000092737,7695,3945,15382
h7_day01,7,45,True,optimal,2.096324092660122e-05,29.61600112915039,29.858754399989266,8123,4373,17854
h7_day01,7,46,True,optimal,0.0,7.090000152587891,7.301609100017231,7964,4214,15613
h7_day01,7,47,True,optimal,0.0,0.8330001831054688,1.0489068000169937,8001,4251,17495
h7_day01,7,48,True,optimal,0.0,2.9589996337890625,3.1611190999974497,8323,4573,15963
h7_day01,7,49,True,time_limit,0.0013727772227864086,120.00300025939941,120.35629250001512,8649,4899,18256
h7_day01,7,50,True,time_limit,0.0044745364851602396,120.0009994506836,120.30887660000008,8539,4789,16144
h7_day01,7,51,True,optimal,0.0,32.33500099182129,32.539839199976996,8110,4360,17276
h7_day01,7,52,True,time_limit,0.0014376606685154783,120.00299835205078,120.43838110001525,8325,4575,15589
h7_day01,7,53,True,optimal,7.003309384003833e-05,3.4879989624023438,3.717743799992604,8093,4343,17060
h7_day01,7,54,True,optimal,6.468275175679985e-05,2.75,2.9704292999813333,7915,4165,14927
h7_day01,7,55,True,time_limit,0.009027961538703111,120.26300048828125,120.49471650001942,8198,4448,16867
h7_day01,7,56,True,optimal,0.0,2.2259998321533203,2.439116699999431,8438,4688,15380
h7_day01,7,57,True,time_limit,0.0057373283305326315,120.22500038146973,120.4432375000033,8256,4506,16723
h7_day01,7,58,True,optimal,9.999164954675205e-05,22.576000213623047,22.815212699992117,8048,4298,14719
h7_day01,7,59,True,optimal,3.7112626375090345e-05,6.875,7.130824299994856,8439,4689,16784
h7_day01,7,60,True,optimal,8.67451498974085e-05,15.968999862670898,16.224422100000083,8559,4809,15292
h7_day01,7,61,True,time_limit,0.007135776407098516,120.00300025939941,120.3640802000009,8690,4940,16915
h7_day01,7,62,True,optimal,8.061294598027084e-05,42.51099967956543,42.78284179998445,8512,4762,15013
h7_day01,7,63,True,optimal,9.777194727410914e-05,91.19700050354004,91.50487170001725,8566,4816,16575
h7_day01,7,64,True,optimal,9.971335004726824e-05,96.82999992370605,97.06708740000613,8504,4754,14888
h7_day01,7,65,True,optimal,8.289189485109534e-05,45.70199966430664,45.99816220000503,8278,4528,15913
h7_day01,7,66,True,optimal,0.0,13.083000183105469,13.312624499987578,8193,4443,14236
h7_day01,7,67,True,optimal,8.30752334242913e-06,6.806999206542969,7.051802300004056,8061,4311,15311
h7_day01,7,68,True,optimal,0.0,16.94499969482422,17.159371400019154,8393,4643,14288
h7_day01,7,69,True,time_limit,0.017123959174462064,120.00200080871582,120.33493250000174,8625,4875,15777
h7_day01,7,70,True,time_limit,0.017854549000271655,120.00399971008301,120.33234749999247,8451,4701,14116
h7_day01,7,71,True,optimal,0.0,6.680999755859375,6.91898940000101,8181,4431,14854
h7_day01,7,72,True,time_limit,0.007715897147075162,120.00200080871582,120.24861669997335,8242,4492,13662
h7_day01,7,73,True,time_limit,0.002004083827396732,120.00400161743164,120.28704509997624,8426,4676,15032
h7_day01,7,74,True,time_limit,0.019709507299763833,120.00500106811523,120.31852309999522,8434,4684,13702
h7_day01,7,75,True,optimal,7.52382389863086e-05,11.628000259399414,11.851983300002757,8032,4282,14151
h7_day01,7,76,True,time_limit,0.005442003983868254,120.00300025939941,120.27549020000151,7943,4193,12747
h7_day01,7,77,True,optimal,0.0,39.66900062561035,39.86844449999626,7736,3986,13553
h7_day01,7,78,True,time_limit,0.01471868634628067,120.00299835205078,120.35779800001183,7781,4031,12459
h7_day01,7,79,True,optimal,0.0,6.256999969482422,6.45647010000539,7806,4056,13439
h7_day01,7,80,True,optimal,4.7045208498342675e-06,11.338001251220703,11.509539399994537,7474,3724,11765
h7_day01,7,81,True,optimal,0.0,1.273000717163086,1.4957647999981418,7561,3811,12680
h7_day01,7,82,True,optimal,0.0,2.1359996795654297,2.2891735000011977,7417,3667,11400
h7_day01,7,83,True,optimal,0.0,1.5489997863769531,1.7066725000040606,7901,4151,12841
h7_day01,7,84,True,optimal,4.039610848640295e-07,2.237001419067383,2.4633736000105273,7811,4061,11761
h7_day01,7,85,True,optimal,0.0,0.8599987030029297,1.0104465000040364,7550,3800,12079
h7_day01,7,86,True,optimal,0.0,1.559000015258789,1.7022934000124224,7515,3765,11137
h7_day01,7,87,True,optimal,2.0227596793071023e-06,0.8940010070800781,1.1015942000085488,7659,3909,12007
h7_day01,7,88,True,optimal,0.0,1.0090007781982422,1.1566543000226375,7294,3544,10501
h7_day01,7,89,True,optimal,3.6397358338834446e-05,0.7789993286132812,0.9125323999905959,7050,3300,10781
h7_day01,7,90,True,optimal,1.2167244323089096e-05,1.2880001068115234,1.430813200015109,7034,3284,9934
h7_day01,7,91,True,optimal,0.0,1.1210002899169922,1.2669200999953318,7051,3301,10482
h7_day01,7,92,True,optimal,6.645118536630379e-05,1.3470001220703125,1.484030099993106,6581,2831,9145
h7_day01,7,93,True,optimal,0.0,1.7980003356933594,1.9319170999806374,6392,2642,9356
h7_day01,7,94,True,optimal,0.0,0.6210002899169922,0.7367245000205003,6187,2437,8459
h7_day01,7,95,True,optimal,0.0,0.4080009460449219,0.5088026000012178,5964,2214,8363
h7_day01,7,96,False,optimal,0.0,0.3859996795654297,0.49313550000078976,5731,1981,7604
h7_day01,7,97,False,optimal,0.0,0.27300071716308594,0.3635849999845959,5473,1723,7547
h7_day01,7,98,False,optimal,0.0,0.266998291015625,0.35679700001492165,5274,1524,6859
h7_day01,7,99,False,optimal,0.0,0.17300033569335938,0.25326090000453405,5001,1251,6685
h7_day01,7,100,False,optimal,0.0,0.3060016632080078,0.38890389999141917,4897,1147,6176
h7_day01,7,101,False,optimal,0.0,0.2049999237060547,0.2817003999953158,4971,1221,6506
h7_day01,7,102,False,optimal,0.0,0.20800018310546875,0.2835544999979902,4939,1189,6204
h7_day01,7,103,False,optimal,0.0,0.17299842834472656,0.2614293999795336,4845,1095,6238
h7_day01,7,104,False,optimal,0.0,0.20200157165527344,0.2749601999821607,4758,1008,5808
h7_day01,7,105,False,optimal,0.0,0.13199996948242188,0.20481299998937175,4749,999,5984
h7_day01,7,106,False,optimal,0.0,0.19099998474121094,0.260857000015676,4591,841,5527
h7_day01,7,107,False,optimal,0.0,0.1490001678466797,0.2170656000089366,4518,768,5577
h7_day01,7,108,False,optimal,0.0,0.1529998779296875,0.22196429999894463,4543,793,5399
h7_day01,7,109,False,optimal,0.0,0.220001220703125,0.2907714000029955,4542,792,5514
h7_day01,7,110,False,optimal,0.0,0.22900009155273438,0.29031250000116415,4491,741,5262
h7_day01,7,111,False,optimal,0.0,0.11799812316894531,0.25187340000411496,4414,664,5291
h7_day01,7,112,False,optimal,0.0,0.11600112915039062,0.1752740000083577,4269,519,4864
h7_day01,7,113,False,optimal,0.0,0.09399986267089844,0.15103029998135753,4251,501,4940
h7_day01,7,114,False,optimal,0.0,0.07299995422363281,0.13108659998397343,4249,499,4799
h7_day01,7,115,False,optimal,0.0,0.05399894714355469,0.11026819999096915,4127,377,4720
h7_day01,7,116,False,optimal,0.0,0.11299896240234375,0.16932479999377392,4150,400,4652
h7_day01,7,117,False,optimal,0.0,0.082000732421875,0.13904920002096333,4150,400,4734
h7_day01,7,118,False,optimal,0.0,0.11199951171875,0.18665360001614317,4216,466,4725
h7_day01,7,119,False,optimal,0.0,0.14999961853027344,0.20947299999534152,4220,470,4812
h7_day01,7,120,False,optimal,0.0,0.0970001220703125,0.15662560000782833,4238,488,4743
h7_day01,7,121,False,optimal,0.0,0.07999992370605469,0.13754250001511537,4194,444,4775
h7_day01,7,122,False,optimal,0.0,0.07299995422363281,0.12834799999836832,4111,361,4526
h7_day01,7,123,False,optimal,0.0,0.07700157165527344,0.14741639999556355,4134,384,4613
h7_day01,7,124,False,optimal,0.0,0.06299972534179688,0.11800420001964085,4084,334,4479
h7_day01,7,125,False,optimal,0.0,0.07299995422363281,0.12830460001714528,4103,353,4558
h7_day01,7,126,False,optimal,0.0,0.09399986267089844,0.15296420000959188,4146,396,4543
h7_day01,7,127,False,optimal,0.0,0.07999992370605469,0.13447079999605194,4063,313,4501
h7_day01,7,128,False,optimal,0.0,0.05999946594238281,0.11637980001978576,4089,339,4462
h7_day01,7,129,False,optimal,0.0,0.06500053405761719,0.13105060000088997,4078,328,4511
h7_day01,7,130,False,optimal,0.0,0.07900047302246094,0.14017850000527687,4093,343,4461
h7_day01,7,131,False,optimal,0.0,0.069000244140625,0.12403280002763495,4082,332,4502
h7_day01,7,132,False,optimal,0.0,0.061000823974609375,0.11871680000331253,4034,284,4339
h7_day01,7,133,False,optimal,0.0,0.06400108337402344,0.11566250000032596,4037,287,4358
h7_day01,7,134,False,optimal,0.0,0.05200004577636719,0.10611039999639615,4033,283,4308
h7_day01,7,135,False,optimal,0.0,0.05800056457519531,0.10947890000534244,3994,244,4301
h7_day01,7,136,False,optimal,0.0,0.06999969482421875,0.12135680002393201,4030,280,4293
h7_day01,7,137,False,optimal,0.0,0.07400131225585938,0.12528639999800362,3994,244,4285
h7_day01,7,138,False,optimal,0.0,0.05900001525878906,0.11052650000783615,4020,270,4268
h7_day01,7,139,False,optimal,0.0,0.04599952697753906,0.09719820000464097,3991,241,4279
h7_day01,7,140,False,optimal,0.0,0.025999069213867188,0.07515029999194667,3920,170,4117
h7_day01,7,141,False,optimal,0.0,0.018999099731445312,0.06819709998671897,3870,120,4053
h7_day01,7,142,False,optimal,0.0,0.022998809814453125,0.06752410001354292,3869,119,4030
h7_day01,7,143,False,optimal,0.0,0.029001235961914062,0.08154689997900277,3801,51,3924
h7_day01,7,144,False,optimal,0.0,0.022001266479492188,0.0697130000044126,3801,51,3913
h7_day01,7,145,False,optimal,0.0,0.019998550415039062,0.07276720000663772,3801,51,3924
h7_day01,7,146,False,optimal,0.0,0.020000457763671875,0.06613350001862273,3801,51,3913
h7_day01,7,147,False,optimal,0.0,0.02500152587890625,0.07251369999721646,3801,51,3924
h7_day01,7,148,False,optimal,0.0,0.015001296997070312,0.06398070001159795,3799,49,3912
h7_day37,7,0,True,optimal,0.0,0.19299888610839844,0.35805310000432655,6026,2276,14003
h7_day37,7,1,True,optimal,0.0,0.07100105285644531,0.2350088999955915,6072,2322,16260
h7_day37,7,2,True,optimal,0.0,0.17099952697753906,0.32352890001493506,6022,2272,13999
h7_day37,7,3,True,optimal,0.0,0.07200050354003906,0.24348810000810772,6110,2360,16305
h7_day37,7,4,True,optimal,0.0,0.11900138854980469,0.2649558999983128,5948,2198,13916
h7_day37,7,5,True,optimal,0.0,0.048999786376953125,0.21256350001203828,5994,2244,16170
h7_day37,7,6,True,optimal,0.0,0.15400123596191406,0.30345049998140894,6000,2250,13975
h7_day37,7,7,True,optimal,0.0,0.09100151062011719,0.24559949999093078,6109,2359,16301
h7_day37,7,8,True,optimal,0.0,0.11499977111816406,0.2576986000058241,6064,2314,14047
h7_day37,7,9,True,optimal,0.0,0.04199981689453125,0.1942793000198435,6036,2286,16209
h7_day37,7,10,True,optimal,0.0,0.1289997100830078,0.2711663999943994,6040,2290,14012
h7_day37,7,11,True,optimal,0.0,0.0839996337890625,0.2508603000023868,6130,2380,16319
h7_day37,7,12,True,optimal,0.0,0.12800025939941406,0.27017229999182746,6058,2308,14025
h7_day37,7,13,True,optimal,0.0,0.04599952697753906,0.20913699999800883,6041,2291,16203
h7_day37,7,14,True,optimal,0.0,0.18900108337402344,0.33532990000094287,6082,2332,14053
h7_day37,7,15,True,optimal,0.0,0.04799842834472656,0.21269559999927878,6034,2284,16159
h7_day37,7,16,True,optimal,0.0,0.125,0.2679303000040818,6012,2262,13943
h7_day37,7,17,True,optimal,0.0,0.09000015258789062,0.24500380002427846,6058,2308,16144
h7_day37,7,18,True,optimal,0.0,0.2089996337890625,0.3691390999883879,6100,2350,14014
h7_day37,7,19,True,optimal,0.0,0.06599998474121094,0.21911639999598265,6084,2334,16167
h7_day37,7,20,True,optimal,0.0,0.14400100708007812,0.2867299999925308,6081,2331,13958
h7_day37,7,21,True,optimal,0.0,0.060001373291015625,0.22493060000124387,6080,2330,16126
h7_day37,7,22,True,optimal,0.0,0.14999961853027344,0.2932631000003312,6046,2296,13920
h7_day37,7,23,True,optimal,0.0,0.05200004577636719,0.20239000002038665,6038,2288,16038
h7_day37,7,24,True,optimal,0.0,0.1309986114501953,0.2769845000002533,6054,2304,13902
h7_day37,7,25,True,optimal,0.0,0.07899856567382812,0.23398990000714548,6154,2404,16140
h7_day37,7,26,True,optimal,0.0,0.1490001678466797,0.3136614999966696,6113,2363,13911
h7_day37,7,27,True,optimal,0.0,0.08499908447265625,0.24081869999645278,6194,2444,16141
h7_day37,7,28,True,optimal,0.0,0.17100143432617188,0.3157749999954831,6192,2442,14004
h7_day37,7,29,True,optimal,0.0,0.10600090026855469,0.27786159998504445,6337,2587,16310
h7_day37,7,30,True,optimal,0.0,0.17099952697753906,0.32286249997559935,6248,2498,14066
h7_day37,7,31,True,optimal,0.0,0.11800003051757812,0.27553380001336336,6425,2675,16367
h7_day37,7,32,True,optimal,0.0,0.24300003051757812,0.3976595999847632,6622,2872,14481
h7_day37,7,33,True,optimal,0.0,0.1569995880126953,0.3214846999908332,6662,2912,16645
h7_day37,7,34,True,optimal,0.0,0.2779998779296875,0.4577554000134114,6898,3148,14799
h7_day37,7,35,True,optimal,0.0,0.19699859619140625,0.3671010000107344,6956,3206,16990
h7_day37,7,36,True,optimal,0.0,0.2910003662109375,0.4535023999924306,7030,3280,14948
h7_day37,7,37,True,optimal,0.0,0.20400047302246094,0.37642119999509305,7040,3290,17074
h7_day37,7,38,True,optimal,0.0,0.3129997253417969,0.4755686999997124,7252,3502,15186
h7_day37,7,39,True,optimal,0.0,0.24200057983398438,0.4252171999833081,7198,3448,17154
h7_day37,7,40,True,optimal,0.0,0.375,0.540083500003675,7324,3574,15185
h7_day37,7,41,True,optimal,0.0,0.2700004577636719,0.4726152999792248,7458,3708,17384
h7_day37,7,42,True,optimal,0.0,0.4099998474121094,0.5848685999808367,7742,3992,15653
h7_day37,7,43,True,optimal,0.0,0.3260002136230469,0.536297899991041,7955,4205,17983
h7_day37,7,44,True,optimal,0.0,4.256999969482422,4.463485499989474,7936,4186,15822
h7_day37,7,45,True,optimal,0.0,29.07200050354004,29.31201900000451,8020,4270,17963
h7_day37,7,46,True,optimal,9.102828844492162e-05,109.97099876403809,110.24848950002342,8165,4415,16075
h7_day37,7,47,True,time_limit,0.0069638215579705485,120.00800132751465,120.29464820001158,8326,4576,18173
h7_day37,7,48,True,optimal,0.0,63.520999908447266,63.73884619999444,8089,4339,15750
h7_day37,7,49,True,time_limit,0.009950013057952775,120.28999900817871,120.54106330001378,8228,4478,17821
h7_day37,7,50,True,optimal,7.031737065726898e-05,6.460000991821289,6.724679800012382,8061,4311,15527
h7_day37,7,51,True,time_limit,0.0021758007249228417,120.0049991607666,120.37181149999378,8368,4618,17788
h7_day37,7,52,True,optimal,0.0,2.006999969482422,2.226624400005676,8278,4528,15734
h7_day37,7,53,True,optimal,5.369499602884647e-11,17.26099967956543,17.46827929999563,8343,4593,17640
h7_day37,7,54,True,optimal,0.0,16.076000213623047,16.272103700001026,8096,4346,15303
h7_day37,7,55,True,optimal,0.0,56.643999099731445,56.85521310000331,8194,4444,17229
h7_day37,7,56,True,time_limit,0.00748906365312107,120.0009994506836,120.30724719999125,8266,4516,15446
h7_day37,7,57,True,time_limit,0.00022099626620100186,120.00200080871582,120.38348690001294,8307,4557,17231
h7_day37,7,58,True,time_limit,0.00016824179466127612,120.00199890136719,120.32201609999174,8289,4539,15226
h7_day37,7,59,True,optimal,9.792892318000533e-05,11.218000411987305,11.47558949998347,8085,4335,16654
h7_day37,7,60,True,optimal,9.9940354379037e-05,57.9119987487793,58.178087099979166,8418,4668,15251
h7_day37,7,61,True,optimal,9.150803471000902e-05,5.009000778198242,5.256946799985599,8093,4343,16369
h7_day37,7,62,True,time_limit,0.008130304760690524,120.00200080871582,120.3269302000117,8353,4603,14936
h7_day37,7,63,True,optimal,9.295489523501881e-05,10.656000137329102,10.93927000000258,8351,4601,16464
h7_day37,7,64,True,optimal,6.396751741090689e-05,31.243000030517578,31.46937330000219,8346,4596,14778
h7_day37,7,65,True,optimal,0.0,9.01099967956543,9.251093500002753,8550,4800,16500
h7_day37,7,66,True,optimal,7.373576382646338e-05,25.187999725341797,25.4006759999902,8170,4420,14353
h7_day37,7,67,True,optimal,9.948985619422783e-05,55.92300033569336,56.23507689998951,8273,4523,15818
h7_day37,7,68,True,time_limit,0.010890249432331023,120.01300048828125,120.40009410001221,8119,4369,14082
h7_day37,7,69,True,time_limit,0.007407645451301489,120.00299835205078,120.29903139997623,8322,4572,15673
h7_day37,7,70,True,time_limit,0.013406036210059168,120.0049991607666,120.3763679000258,8572,4822,14484
h7_day37,7,71,True,time_limit,0.005262513119516616,120.00600051879883,120.36103329999605,8884,5134,16071
h7_day37,7,72,True,time_limit,0.017437748549517997,120.0009994506836,120.30722779998905,8234,4484,13786
h7_day37,7,73,True,time_limit,0.006776222834242475,120.00300025939941,120.30665929999668,8561,4811,15401
h7_day37,7,74,True,time_limit,0.024841763673466116,120.23100090026855,120.44320199999493,8509,4759,13970
h7_day37,7,75,True,optimal,9.706740957208455e-05,69.36000061035156,69.59340690000681,8344,4594,14738
h7_day37,7,76,True,time_limit,0.012346801116600263,120.00200080871582,120.26126940001268,8356,4606,13367
h7_day37,7,77,True,optimal,9.816312444122665e-05,58.69900131225586,58.9369796999963,8255,4505,14176
h7_day37,7,78,True,optimal,0.0,81.96100044250488,82.19234479998704,8274,4524,12882
h7_day37,7,79,True,optimal,2.7611735142523103e-05,23.350000381469727,23.55787419999251,8113,4363,13608
h7_day37,7,80,True,time_limit,0.005950130074174812,120.01700019836426,120.37075150001328,8087,4337,12439
h7_day37,7,81,True,optimal,2.5122316259200737e-05,4.924999237060547,5.19562230000156,8057,4307,13167
h7_day37,7,82,True,optimal,0.0,7.9720001220703125,8.16124720001244,7760,4010,11630
h7_day37,7,83,True,optimal,7.80837327666492e-05,19.64099884033203,19.83477829999174,7595,3845,12172
h7_day37,7,84,True,optimal,0.0,21.871000289916992,22.056870000000345,7414,3664,10944
h7_day37,7,85,True,optimal,0.0,1.2299995422363281,1.3831725000054576,7327,3577,11559
h7_day37,7,86,True,optimal,4.752564354498902e-05,0.9409999847412109,1.071222200000193,6707,2957,9746
h7_day37,7,87,True,optimal,0.0,0.5450000762939453,0.6701328000053763,6620,2870,10198
h7_day37,7,88,True,optimal,0.0,0.6599998474121094,0.7764497000025585,6548,2798,9276
h7_day37,7,89,True,optimal,0.0,0.7989997863769531,0.9332769999746233,6512,2762,9764
h7_day37,7,90,True,optimal,0.0,0.9919986724853516,1.1180992999870796,6540,2790,9127
h7_day37,7,91,True,optimal,0.0,0.6539993286132812,0.8362666000030003,6517,2767,9473
h7_day37,7,92,True,optimal,9.64879851507654e-05,0.8220005035400391,0.9362913000222761,6381,2631,8751
h7_day37,7,93,True,optimal,8.721443514689883e-05,0.5269985198974609,0.6490215999947395,6262,2512,9039
h7_day37,7,94,True,optimal,0.0,0.6150016784667969,0.7214830000011716,6188,2438,8337
h7_day37,7,95,True,optimal,0.0,0.3579998016357422,0.5156810999906156,5717,1967,7971
h7_day37,7,96,False,optimal,0.0,0.4249992370605469,0.5220733000023756,5357,1607,6990
h7_day37,7,97,False,optimal,0.0,0.3279991149902344,0.41978779999772087,5202,1452,7019
h7_day37,7,98,False,optimal,0.0,0.3680000305175781,0.44946190001792274,5191,1441,6613
h7_day37,7,99,False,optimal,0.0,0.39800071716308594,0.5775764999852981,5104,1354,6722
h7_day37,7,100,False,optimal,0.0,0.3249988555908203,0.4058389999845531,4976,1226,6230
h7_day37,7,101,False,optimal,0.0,0.22500038146972656,0.3029880999820307,5017,1267,6468
h7_day37,7,102,False,optimal,0.0,0.22999954223632812,0.3053512000187766,4931,1181,6089
h7_day37,7,103,False,optimal,0.0,0.11999893188476562,0.1890066000050865,4630,880,5809
h7_day37,7,104,False,optimal,0.0,0.1960010528564453,0.2661380000063218,4690,940,5673
h7_day37,7,105,False,optimal,0.0,0.1289997100830078,0.20116709999274462,4545,795,5648
h7_day37,7,106,False,optimal,0.0,0.14599990844726562,0.21624850001535378,4426,676,5150
h7_day37,7,107,False,optimal,0.0,0.10700035095214844,0.1699930000177119,4315,565,5137
h7_day37,7,108,False,optimal,0.0,0.1569995880126953,0.29187139999703504,4266,516,4896
h7_day37,7,109,False,optimal,0.0,0.13000106811523438,0.19151469998178072,4298,548,5018
h7_day37,7,110,False,optimal,0.0,0.11900138854980469,0.1799479000037536,4295,545,4867
h7_day37,7,111,False,optimal,0.0,0.13199996948242188,0.19102319999365136,4396,646,5088
h7_day37,7,112,False,optimal,0.0,0.11400032043457031,0.18305670001427643,4318,568,4873
h7_day37,7,113,False,optimal,0.0,0.07799911499023438,0.14031170000089332,4170,420,4728
h7_day37,7,114,False,optimal,0.0,0.09000015258789062,0.14704489998985082,4086,336,4514
h7_day37,7,115,False,optimal,0.0,0.07399940490722656,0.1315828000078909,4034,284,4492
h7_day37,7,116,False,optimal,0.0,0.04599952697753906,0.09963139999308623,3994,244,4362
h7_day37,7,117,False,optimal,0.0,0.031000137329101562,0.081852200004505,3938,188,4320
h7_day37,7,118,False,optimal,0.0,0.17099952697753906,0.23010660000727512,4034,284,4378
h7_day37,7,119,False,optimal,0.0,0.08499908447265625,0.1417786999954842,4053,303,4455
h7_day37,7,120,False,optimal,0.0,0.08300018310546875,0.13269849997595884,4052,302,4399
h7_day37,7,121,False,optimal,0.0,0.048999786376953125,0.10822600001120009,4008,258,4359
h7_day37,7,122,False,optimal,0.0,0.06399917602539062,0.11004939998383634,4028,278,4336
h7_day37,7,123,False,optimal,0.0,0.0540008544921875,0.10829920001560822,3957,207,4284
h7_day37,7,124,False,optimal,0.0,0.09000015258789062,0.14495429999078624,3950,200,4228
h7_day37,7,125,False,optimal,0.0,0.06299972534179688,0.12381019999156706,3970,220,4296
h7_day37,7,126,False,optimal,0.0,0.09600067138671875,0.15292419999605045,3977,227,4254
h7_day37,7,127,False,optimal,0.0,0.06399917602539062,0.11288820000481792,3977,227,4298
h7_day37,7,128,False,optimal,0.0,0.06499862670898438,0.11830460000783205,3975,225,4253
h7_day37,7,129,False,optimal,0.0,0.05299949645996094,0.10618790000444278,3907,157,4165
h7_day37,7,130,False,optimal,0.0,0.048999786376953125,0.10451380000449717,3933,183,4159
h7_day37,7,131,False,optimal,0.0,0.05300140380859375,0.10709119998500682,3918,168,4167
h7_day37,7,132,False,optimal,0.0,0.05900001525878906,0.1109606999962125,3900,150,4106
h7_day37,7,133,False,optimal,0.0,0.033000946044921875,0.08433579999837093,3900,150,4139
h7_day37,7,134,False,optimal,0.0,0.035999298095703125,0.0851117999991402,3900,150,4106
h7_day37,7,135,False,optimal,0.0,0.05100059509277344,0.1009413999854587,3928,178,4171
h7_day37,7,136,False,optimal,0.0,0.03800010681152344,0.09375569998519495,3853,103,4015
h7_day37,7,137,False,optimal,0.0,0.050998687744140625,0.11997719999635592,3902,152,4091
h7_day37,7,138,False,optimal,0.0,0.05100059509277344,0.10126910000690259,3873,123,4036
h7_day37,7,139,False,optimal,0.0,0.05299949645996094,0.10542410000925884,3895,145,4078
h7_day37,7,140,False,optimal,0.0,0.0579986572265625,0.10372879999340512,3918,168,4083
h7_day37,7,141,False,optimal,0.0,0.034999847412109375,0.08433099999092519,3918,168,4105
h7_day37,7,142,False,optimal,0.0,0.02700042724609375,0.1629745999816805,3867,117,4022
h7_day37,7,143,False,optimal,0.0,0.01599884033203125,0.06530499999644235,3841,91,3975
h7_day37,7,144,False,optimal,0.0,0.019001007080078125,0.06910240001161583,3837,87,3958
h7_day37,7,145,False,optimal,0.0,0.03899955749511719,0.08845239999936894,3801,51,3924
h7_day37,7,146,False,optimal,0.0,0.02700042724609375,0.08322450000559911,3801,51,3913
h7_day37,7,147,False,optimal,0.0,0.024000167846679688,0.0741750999877695,3801,51,3924
h7_day37,7,148,False,optimal,0.0,0.021999359130859375,0.07323569999425672,3801,51,3913
h7_day37,7,149,False,optimal,0.0,0.0260009765625,0.07421349998912774,3801,51,3924
h7_day37,7,150,False,optimal,0.0,0.0149993896484375,0.062268099980428815,3799,49,3912
h7_day03,7,0,True,optimal,0.0,0.20800018310546875,0.37662990001263097,6049,2299,14069
h7_day03,7,1,True,optimal,0.0,0.06899833679199219,0.2424855999997817,6157,2407,16394
h7_day03,7,2,True,optimal,0.0,0.23200035095214844,0.38696250002249144,6271,2521,14329
h7_day03,7,3,True,optimal,0.0,0.0970001220703125,0.26274689999991097,6410,2660,16693
h7_day03,7,4,True,optimal,0.0,0.1439990997314453,0.29381479998119175,6231,2481,14280
h7_day03,7,5,True,optimal,0.0,0.05800056457519531,0.22579719999339432,6150,2400,16385
h7_day03,7,6,True,optimal,0.0,0.13299942016601562,0.280377299990505,6150,2400,14186
h7_day03,7,7,True,optimal,0.0,0.05800056457519531,0.23828449999564327,6187,2437,16428
h7_day03,7,8,True,optimal,0.0,0.1340007781982422,0.27592459999141283,6173,2423,14202
h7_day03,7,9,True,optimal,0.0,0.049999237060546875,0.21486179999192245,6148,2398,16367
h7_day03,7,10,True,optimal,0.0,0.125,0.27685990001191385,6063,2313,14003
h7_day03,7,11,True,optimal,0.0,0.05399894714355469,0.22303769999416545,6082,2332,16204
h7_day03,7,12,True,optimal,0.0,0.1359996795654297,0.288429600012023,6125,2375,14077
h7_day03,7,13,True,optimal,0.0,0.10199928283691406,0.2841879999905359,6147,2397,16282
h7_day03,7,14,True,optimal,0.0,0.1359996795654297,0.28016399999614805,6061,2311,13978
h7_day03,7,15,True,optimal,0.0,0.050998687744140625,0.2185413000115659,5979,2229,16014
h7_day03,7,16,True,optimal,0.0,0.1270008087158203,0.2705566000076942,5975,2225,13851
h7_day03,7,17,True,optimal,0.0,0.033000946044921875,0.18120530000305735,5912,2162,15925
h7_day03,7,18,True,optimal,0.0,0.10799980163574219,0.2670253000105731,5866,2116,13707
h7_day03,7,19,True,optimal,0.0,0.01399993896484375,0.1634423999930732,5841,2091,15795
h7_day03,7,20,True,optimal,0.0,0.10599899291992188,0.24345120001817122,5872,2122,13657
h7_day03,7,21,True,optimal,0.0,0.06800079345703125,0.21761539997532964,5912,2162,15840
h7_day03,7,22,True,optimal,0.0,0.1639995574951172,0.3067651999881491,5958,2208,13762
h7_day03,7,23,True,optimal,0.0,0.09499931335449219,0.25096689999918453,6056,2306,16010
h7_day03,7,24,True,optimal,0.0,0.19700050354003906,0.3413882000022568,6182,2432,14023
h7_day03,7,25,True,optimal,0.0,0.07500076293945312,0.23873490002006292,6253,2503,16243
h7_day03,7,26,True,optimal,0.0,0.1999988555908203,0.34833120001712814,6155,2405,13946
h7_day03,7,27,True,optimal,0.0,0.09099960327148438,0.2492435000021942,6207,2457,16130
h7_day03,7,28,True,optimal,0.0,0.18000030517578125,0.327685800002655,6245,2495,14019
h7_day03,7,29,True,optimal,0.0,0.08499908447265625,0.25605340002221055,6197,2447,16030
h7_day03,7,30,True,optimal,0.0,0.17299842834472656,0.3195025000022724,6257,2507,14005
h7_day03,7,31,True,optimal,0.0,0.09600067138671875,0.2547123999975156,6345,2595,16209
h7_day03,7,32,True,optimal,0.0,0.19299888610839844,0.35897150001255795,6298,2548,14048
h7_day03,7,33,True,optimal,0.0,0.13299942016601562,0.2935617000039201,6481,2731,16369
h7_day03,7,34,True,optimal,0.0,0.2349987030029297,0.38680559999193065,6701,2951,14536
h7_day03,7,35,True,optimal,0.0,0.1849994659423828,0.3691207999945618,6946,3196,16922
h7_day03,7,36,True,optimal,0.0,0.2930011749267578,0.4505646000034176,7027,3277,14904
h7_day03,7,37,True,optimal,0.0,0.20999908447265625,0.40047449999838136,7076,3326,17067
h7_day03,7,38,True,optimal,0.0,0.31999969482421875,0.48222659999737516,7252,3502,15175
h7_day03,7,39,True,optimal,0.0,0.2550010681152344,0.4655993999913335,7458,3708,17518
h7_day03,7,40,True,optimal,0.0,0.33499908447265625,0.5031712999916635,7496,3746,15416
h7_day03,7,41,True,optimal,0.0,0.21899986267089844,0.3924635000003036,7116,3366,16952
h7_day03,7,42,True,optimal,0.0,0.3530006408691406,0.5180054999946151,7341,3591,15119
h7_day03,7,43,True,optimal,0.0,0.2849998474121094,0.4603738999867346,7471,3721,17334
h7_day03,7,44,True,optimal,0.0,0.39800071716308594,0.5708449000085238,7670,3920,15482
h7_day03,7,45,True,optimal,0.0,0.3120002746582031,0.4881775999965612,7722,3972,17486
h7_day03,7,46,True,optimal,0.0,10.232999801635742,10.456008799985284,7941,4191,15743
h7_day03,7,47,True,optimal,0.0,0.4819984436035156,0.6725166999967769,8097,4347,17895
h7_day03,7,48,True,optimal,0.0,0.5489997863769531,0.7707170000066981,8233,4483,16018
h7_day03,7,49,True,time_limit,0.002084975644767845,120.00199890136719,120.47781000001123,8161,4411,17764
h7_day03,7,50,True,optimal,0.0,10.523000717163086,10.80185389998951,8413,4663,16124
h7_day03,7,51,True,optimal,3.924523593920904e-05,2.1390018463134766,2.377004499983741,8591,4841,18251
h7_day03,7,52,True,optimal,0.0,1.207000732421875,1.4372461000166368,8257,4507,15728
h7_day03,7,53,True,optimal,0.0,0.8150005340576172,1.0240935000183526,8425,4675,17737
h7_day03,7,54,True,optimal,0.0,1.6120014190673828,1.8445162999851163,8400,4650,15767
h7_day03,7,55,True,optimal,0.0,9.605998992919922,9.8168791999924,8493,4743,17661
h7_day03,7,56,True,time_limit,0.010683861741850521,120.16999816894531,120.38570860002073,8462,4712,15783
h7_day03,7,57,True,optimal,0.0,4.908000946044922,5.128181700012647,8175,4425,16991
h7_day03,7,58,True,optimal,8.817165641436516e-05,17.344999313354492,17.597783100005472,8496,4746,15559
h7_day03,7,59,True,optimal,8.618426538611715e-05,2.1930007934570312,2.4355751000111923,8385,4635,17008
h7_day03,7,60,True,optimal,7.3882746903978e-05,4.278999328613281,4.506342499982566,8725,4975,15699
h7_day03,7,61,True,optimal,0.0,2.315000534057617,2.533255399990594,8417,4667,16893
h7_day03,7,62,True,optimal,8.201271721810825e-05,3.4780006408691406,3.688872500002617,8760,5010,15561
h7_day03,7,63,True,time_limit,0.018925238143542047,120.00899887084961,120.35676919997786,8996,5246,17463
h7_day03,7,64,True,time_limit,0.05180880429362411,120.27200126647949,120.52320259998669,9409,5659,16304
h7_day03,7,65,True,time_limit,0.02979890411843918,120.00200080871582,120.38090220000595,9022,5272,17367
h7_day03,7,66,True,time_limit,0.04818838391190792,120.28999900817871,120.56125299999258,9342,5592,16079
h7_day03,7,67,True,time_limit,0.03888254037144334,120.00200080871582,120.34813830000348,9338,5588,17460
h7_day03,7,68,True,time_limit,0.046472423149448806,120.00699996948242,120.36188419998507,9383,5633,15803
h7_day03,7,69,True,time_limit,0.06023418158682771,120.02099990844727,120.41004700001213,9388,5638,17147
h7_day03,7,70,True,time_limit,0.05417382741653139,120.01499938964844,120.33488739997847,9639,5889,15894
h7_day03,7,71,True,time_limit,0.0344089102391728,120.01399993896484,120.32856749999337,9658,5908,17219
h7_day03,7,72,True,time_limit,0.02115134307849531,120.00399971008301,120.34823870001128,9507,5757,15503
h7_day03,7,73,True,time_limit,0.022521648369751873,120.0059986114502,120.323624200013,9067,5317,16200
h7_day03,7,74,True,time_limit,0.030371606510395634,120.01399993896484,120.34029299998656,8503,4753,13857
h7_day03,7,75,True,time_limit,0.006403549092129678,120.00199890136719,120.33162760001142,7921,4171,14062
h7_day03,7,76,True,time_limit,0.015448002880694964,120.00600051879883,120.23355679999804,8017,4267,12714
h7_day03,7,77,True,optimal,0.0,28.031999588012695,28.282666299986886,7837,4087,13511
h7_day03,7,78,True,optimal,9.756326357258605e-05,86.7549991607666,86.96316519999527,7665,3915,12023
h7_day03,7,79,True,optimal,0.0,41.48200035095215,41.69711150001967,7656,3906,12961
h7_day03,7,80,True,optimal,1.2110230855853606e-05,5.672000885009766,5.916805899993051,7769,4019,12009
h7_day03,7,81,True,optimal,7.22766726969238e-05,5.002998352050781,5.188009499979671,7927,4177,13111
h7_day03,7,82,True,optimal,9.800474049583656e-05,50.49600028991699,50.712730100000044,7772,4022,11821
h7_day03,7,83,True,optimal,9.555932539440304e-05,4.500999450683594,4.677681899978779,7526,3776,12083
h7_day03,7,84,True,optimal,0.0,18.368000030517578,18.550162399973487,7554,3804,11148
h7_day03,7,85,True,optimal,0.0,2.1100006103515625,2.2781061999849044,7429,3679,11657
h7_day03,7,86,True,optimal,0.0,28.155000686645508,28.344333999993978,7157,3407,10426
h7_day03,7,87,True,optimal,0.0,4.717000961303711,4.887635199993383,7202,3452,11112
h7_day03,7,88,True,optimal,0.0,1.1389999389648438,1.279096500016749,6716,2966,9546
h7_day03,7,89,True,optimal,0.0,1.6450004577636719,1.8270805999927688,6702,2952,10023
h7_day03,7,90,True,optimal,0.0,2.447999954223633,2.5733414000133052,6653,2903,9321
h7_day03,7,91,True,optimal,0.0,0.7320003509521484,0.8634533000004012,6476,2726,9456
h7_day03,7,92,True,optimal,0.0,1.4910011291503906,1.6327543999941554,6229,2479,8487
h7_day03,7,93,True,optimal,0.0,0.6999988555908203,0.8237213999964297,6099,2349,8692
h7_day03,7,94,True,optimal,0.0,0.9519996643066406,1.06615050000255,5981,2231,7960
h7_day03,7,95,True,optimal,0.0,0.4659996032714844,0.5712868999980856,5713,1963,7882
h7_day03,7,96,False,optimal,0.0,0.5590000152587891,0.6580334000173025,5646,1896,7406
h7_day03,7,97,False,optimal,3.6739183757382115e-12,0.37799835205078125,0.479057799995644,5491,1741,7485
h7_day03,7,98,False,optimal,0.0,0.5849990844726562,0.6827654999797232,5518,1768,7112
h7_day03,7,99,False,optimal,0.0,0.34599876403808594,0.4418889999797102,5508,1758,7439
h7_day03,7,100,False,optimal,0.0,0.39800071716308594,0.48914130000048317,5234,1484,6668
h7_day03,7,101,False,optimal,0.0,0.24899864196777344,0.3329704999923706,5154,1404,6743
h7_day03,7,102,False,optimal,0.0,0.34799957275390625,0.43616840001777746,5218,1468,6507
h7_day03,7,103,False,optimal,0.0,0.220001220703125,0.30057240001042373,4837,1087,6143
h7_day03,7,104,False,optimal,0.0,0.40600013732910156,0.48728480000863783,4849,1099,5872
h7_day03,7,105,False,optimal,0.0,0.37800025939941406,0.4540345999994315,4883,1133,6098
h7_day03,7,106,False,optimal,0.0,0.24900054931640625,0.3314191999961622,4771,1021,5647
h7_day03,7,107,False,optimal,0.0,0.220001220703125,0.2931049999897368,4714,964,5758
h7_day03,7,108,False,optimal,0.0,0.25300025939941406,0.3229177999892272,4708,958,5523
h7_day03,7,109,False,optimal,0.0,0.17599868774414062,0.25266699999338016,4792,1042,5794
h7_day03,7,110,False,optimal,0.0,0.1270008087158203,0.19268740000552498,4491,741,5173
h7_day03,7,111,False,optimal,0.0,0.12299919128417969,0.17993260000366718,4177,427,4733
h7_day03,7,112,False,optimal,0.0,0.1139984130859375,0.17063430001144297,4203,453,4665
h7_day03,7,113,False,optimal,0.0,0.06800079345703125,0.13583339998149313,4062,312,4509
h7_day03,7,114,False,optimal,0.0,0.06500053405761719,0.19417800000519492,4014,264,4345
h7_day03,7,115,False,optimal,0.0,0.0579986572265625,0.11337340000318363,4021,271,4413
h7_day03,7,116,False,optimal,0.0,0.07799911499023438,0.15203540000948124,4073,323,4405
h7_day03,7,117,False,optimal,0.0,0.08499908447265625,0.1430054999946151,4003,253,4343
h7_day03,7,118,False,optimal,0.0,0.09799957275390625,0.15218049997929484,4015,265,4299
h7_day03,7,119,False,optimal,0.0,0.11100006103515625,0.16762459999881685,4034,284,4377
h7_day03,7,120,False,optimal,0.0,0.12599945068359375,0.17756879999069497,4063,313,4355
h7_day03,7,121,False,optimal,0.0,0.07000160217285156,0.12697139999363571,4060,310,4404
h7_day03,7,122,False,optimal,0.0,0.05699920654296875,0.1112554999999702,4031,281,4316
h7_day03,7,123,False,optimal,0.0,0.061000823974609375,0.11318839999148622,3981,231,4267
h7_day03,7,124,False,optimal,0.0,0.03399848937988281,0.08131460001459345,3850,100,4011
h7_day03,7,125,False,optimal,0.0,0.05000114440917969,0.09982239999226294,3834,84,4008
h7_day03,7,126,False,optimal,0.0,0.05500030517578125,0.1156329000077676,3857,107,4013
h7_day03,7,127,False,optimal,0.0,0.04099845886230469,0.09271870000520721,3857,107,4035
h7_day03,7,128,False,optimal,0.0,0.030000686645507812,0.08127200001035817,3857,107,4013
h7_day03,7,129,False,optimal,0.0,0.028001785278320312,0.07659210002748296,3855,105,4034
h7_day03,7,130,False,optimal,0.0,0.03199958801269531,0.08331320001161657,3806,56,3927
h7_day03,7,131,False,optimal,0.0,0.017000198364257812,0.06600279998383485,3805,55,3937
h7_day03,7,132,False,optimal,0.0,0.006999969482421875,0.05324940002174117,3758,8,3865
h7_day03,7,133,False,optimal,0.0,0.006999969482421875,0.05259879998629913,3758,8,3876
h7_day03,7,134,False,optimal,0.0,0.0049991607666015625,0.05415299997548573,3758,8,3865
h7_day03,7,135,False,optimal,0.0,0.009000778198242188,0.05092849998618476,3758,8,3876
h7_day03,7,136,False,optimal,0.0,0.05399894714355469,0.10721849999390543,3804,54,3919
h7_day03,7,137,False,optimal,0.0,0.05200004577636719,0.10147910000523552,3804,54,3930
h7_day03,7,138,False,optimal,0.0,0.02700042724609375,0.07455739998840727,3827,77,3946
h7_day03,7,139,False,optimal,0.0,0.03199958801269531,0.0822139999945648,3850,100,3984
h7_day03,7,140,False,optimal,0.0,0.029998779296875,0.0780596999975387,3850,100,3973
h7_day03,7,141,False,optimal,0.0,0.024999618530273438,0.07398360001388937,3801,51,3924
h7_day03,7,142,False,optimal,0.0,0.017999649047851562,0.06507620000047609,3801,51,3913
h7_day03,7,143,False,optimal,0.0,0.016000747680664062,0.15108039998449385,3801,51,3924
h7_day03,7,144,False,optimal,0.0,0.016000747680664062,0.06355060002533719,3799,49,3912
h7_day04,7,0,True,optimal,0.0,0.1849994659423828,0.34409659999073483,5930,2180,13647
h7_day04,7,1,True,optimal,0.0,0.095001220703125,0.25231589999748394,5997,2247,15928
h7_day04,7,2,True,optimal,0.0,0.1569995880126953,0.30910479999147356,5928,2178,13647
h7_day04,7,3,True,optimal,0.0,0.08500099182128906,0.24599669998860918,6136,2386,16095
h7_day04,7,4,True,optimal,0.0,0.10199928283691406,0.2410243000194896,5812,2062,13516
h7_day04,7,5,True,optimal,0.0,0.025999069213867188,0.17242369998712093,5743,1993,15631
h7_day04,7,6,True,optimal,0.0,0.11900138854980469,0.25685139998677187,5887,2137,13603
h7_day04,7,7,True,optimal,0.0,0.048000335693359375,0.19653570000082254,5865,2115,15771
h7_day04,7,8,True,optimal,0.0,0.1230010986328125,0.26061729999491945,5888,2138,13599
h7_day04,7,9,True,optimal,0.0,0.04500007629394531,0.1959461999940686,5836,2086,15695
h7_day04,7,10,True,optimal,0.0,0.10900115966796875,0.24877370000467636,5857,2107,13531
h7_day04,7,11,True,optimal,0.0,0.036998748779296875,0.17976410000119358,5811,2061,15665
h7_day04,7,12,True,optimal,0.0,0.10900115966796875,0.2472649000119418,5833,2083,13502
h7_day04,7,13,True,optimal,0.0,0.034999847412109375,0.1790032999997493,5796,2046,15645
h7_day04,7,14,True,optimal,0.0,0.180999755859375,0.35729459999129176,5751,2001,13375
h7_day04,7,15,True,optimal,0.0,0.034999847412109375,0.19343620000290684,5709,1959,15502
h7_day04,7,16,True,optimal,0.0,0.12100028991699219,0.2735468999890145,5709,1959,13324
h7_day04,7,17,True,optimal,0.0,0.04599952697753906,0.33414649998303503,5738,1988,15535
h7_day04,7,18,True,optimal,0.0,0.1620006561279297,0.4896041000029072,5765,2015,13389
h7_day04,7,19,True,optimal,0.0,0.047000885009765625,0.3370279000082519,5716,1966,15472
h7_day04,7,20,True,optimal,0.0,0.1359996795654297,0.4317915000137873,5739,1989,13332
h7_day04,7,21,True,optimal,0.0,0.1289997100830078,0.4634485999995377,5808,2058,15581
h7_day04,7,22,True,optimal,0.0,0.14799880981445312,0.4191912999958731,5836,2086,13446
h7_day04,7,23,True,optimal,0.0,0.05399894714355469,0.357705900009023,5760,2010,15520
h7_day04,7,24,True,optimal,0.0,0.14800071716308594,0.44925920001696795,5802,2052,13405
h7_day04,7,25,True,optimal,0.0,0.09600067138671875,0.3611436999926809,5965,2215,15766
h7_day04,7,26,True,optimal,0.0,0.2129993438720703,0.543456800020067,5988,2238,13625
h7_day04,7,27,True,optimal,0.0,0.17399978637695312,0.49550550000276417,6072,2322,15895
h7_day04,7,28,True,optimal,0.0,0.25800132751464844,0.4600127000012435,6227,2477,13915
h7_day04,7,29,True,optimal,0.0,0.167999267578125,0.48777470001368783,6262,2512,16090
h7_day04,7,30,True,optimal,0.0,0.3560009002685547,0.6642127999803051,6280,2530,13956
h7_day04,7,31,True,optimal,0.0,0.11299896240234375,0.33519199999864213,6325,2575,16127
h7_day04,7,32,True,optimal,0.0,0.20400047302246094,0.37151200001244433,6477,2727,14157
h7_day04,7,33,True,optimal,0.0,0.14800071716308594,0.34171509998850524,6586,2836,16338
h7_day04,7,34,True,optimal,0.0,0.21599960327148438,0.38077269998029806,6503,2753,14125
h7_day04,7,35,True,optimal,0.0,0.17499923706054688,0.38883819998591207,6736,2986,16508
h7_day04,7,36,True,optimal,0.0,0.3599987030029297,0.5287409999873489,7139,3389,14820
h7_day04,7,37,True,optimal,0.0,0.2759990692138672,0.4768197999801487,7172,3422,16966
h7_day04,7,38,True,optimal,0.0,0.3379993438720703,0.5040912000113167,7053,3303,14605
h7_day04,7,39,True,optimal,0.0,0.23099899291992188,0.42813010001555085,7226,3476,16866
h7_day04,7,40,True,optimal,0.0,0.37800025939941406,0.5600573999981862,7458,3708,15075
h7_day04,7,41,True,optimal,0.0,0.26399993896484375,0.45934800000395626,7392,3642,17032
h7_day04,7,42,True,optimal,0.0,0.4289989471435547,0.6014030000078492,7613,3863,15176
h7_day04,7,43,True,optimal,0.0,0.3829994201660156,0.5980940999870654,7892,4142,17539
h7_day04,7,44,True,optimal,0.0,0.5629997253417969,0.7525462999765296,8143,4393,15762
h7_day04,7,45,True,optimal,0.0,0.4770011901855469,0.7102927999803796,8134,4384,17655
h7_day04,7,46,True,optimal,0.0,0.4850006103515625,0.6639316000218969,8119,4369,15610
h7_day04,7,47,True,optimal,0.0,0.4759998321533203,0.6925115999765694,8120,4370,17569
h7_day04,7,48,True,optimal,0.0,0.44099998474121094,0.6187851999711711,8053,4303,15367
h7_day04,7,49,True,optimal,9.998171784282546e-05,10.072999954223633,10.323490600014338,7783,4033,16812
h7_day04,7,50,True,optimal,9.965177869179434e-05,13.129999160766602,13.337713799992343,7924,4174,15037
h7_day04,7,51,True,optimal,0.0,0.9009990692138672,1.128848399996059,7620,3870,16402
h7_day04,7,52,True,optimal,0.0,1.1700000762939453,1.3819984000001568,7715,3965,14611
h7_day04,7,53,True,optimal,0.0,3.8309993743896484,4.059126799984369,7848,4098,16517
h7_day04,7,54,True,optimal,9.995911064874975e-05,27.58300018310547,27.838507400010712,8110,4360,14999
h7_day04,7,55,True,time_limit,0.0012261223572132118,120.00100135803223,120.43967839999823,7847,4097,16297
h7_day04,7,56,True,optimal,9.80226951584806e-05,40.70399856567383,40.975788900017506,7925,4175,14628
h7_day04,7,57,True,optimal,9.949506774184358e-05,37.21600151062012,37.47987790001207,7667,3917,15824
h7_day04,7,58,True,time_limit,0.02618236228363657,120.0059986114502,120.36392020000494,7793,4043,14282
h7_day04,7,59,True,time_limit,0.02943138517933995,120.00799942016602,120.39176460000454,8230,4480,16449
h7_day04,7,60,True,time_limit,0.04082785324446245,120.00300025939941,120.37390910001704,8338,4588,14862
h7_day04,7,61,True,optimal,9.996729462570837e-05,45.78800010681152,46.05958410000312,8104,4354,16071
h7_day04,7,62,True,time_limit,0.025813295801418733,120.01099967956543,120.36211009998806,8558,4808,14992
h7_day04,7,63,True,time_limit,0.010646210277618966,120.00200080871582,120.32552690000739,8487,4737,16338
h7_day04,7,64,True,time_limit,0.009080776754830301,120.00300025939941,120.33215200001723,8742,4992,15010
h7_day04,7,65,True,time_limit,0.006449731493793926,120.0049991607666,120.39789419999579,8517,4767,16134
h7_day04,7,66,True,time_limit,0.0010694339995146588,120.00900077819824,120.51216280000517,8371,4621,14186
h7_day04,7,67,True,optimal,0.0,35.834001541137695,36.131320000014966,8437,4687,15645
h7_day04,7,68,True,time_limit,0.020527029236525565,120.00500106811523,120.43858270000783,8635,4885,14426
h7_day04,7,69,True,time_limit,0.0019817587480918477,120.00199890136719,120.41173210000852,8423,4673,15422
h7_day04,7,70,True,time_limit,0.024433938687205427,120.00399971008301,120.44713279997814,8694,4944,14357
h7_day04,7,71,True,optimal,0.0,9.954999923706055,10.24598840001272,8313,4563,14882
h7_day04,7,72,True,optimal,0.0,5.125,5.580691599985585,7944,4194,13016
h7_day04,7,73,True,optimal,1.5661556680539555e-10,116.91899871826172,117.32707769999979,7842,4092,13916
h7_day04,7,74,True,optimal,0.0,21.381999969482422,21.554747700021835,7774,4024,12520
h7_day04,7,75,True,optimal,3.832157488240707e-06,2.5580005645751953,2.7555888000060804,7964,4214,13792
h7_day04,7,76,True,optimal,0.0,19.163999557495117,19.368024600000354,8004,4254,12671
h7_day04,7,77,True,optimal,0.0,3.131999969482422,3.3315544000070076,8081,4331,13719
h7_day04,7,78,True,optimal,9.650955194262592e-05,20.286001205444336,20.490345900005195,7838,4088,12247
h7_day04,7,79,True,optimal,0.0,2.8629989624023438,3.032952200010186,7668,3918,12819
h7_day04,7,80,True,optimal,5.6848750955336206e-05,7.233999252319336,7.4128250000067055,7861,4111,11918
h7_day04,7,81,True,optimal,0.0,4.076000213623047,4.2605424000066705,7677,3927,12352
h7_day04,7,82,True,optimal,0.0,3.3889999389648438,3.5567416999838315,7741,3991,11457
h7_day04,7,83,True,optimal,0.0,5.288999557495117,5.46355620000395,7531,3781,11806
h7_day04,7,84,True,optimal,0.0,2.315999984741211,2.5262119000253733,7668,3918,11160
h7_day04,7,85,True,optimal,0.0,1.3170013427734375,1.5014060999965295,7489,3739,11473
h7_day04,7,86,True,optimal,0.0,1.8549995422363281,2.0115830000140704,7300,3550,10417
h7_day04,7,87,True,optimal,8.930584155334138e-05,0.9939994812011719,1.1433218000165652,7211,3461,10758
h7_day04,7,88,True,optimal,0.0,0.8139991760253906,0.9441506000002846,6847,3097,9557
h7_day04,7,89,True,optimal,0.0,0.5400009155273438,0.6765223999973387,6709,2959,9799
h7_day04,7,90,True,optimal,0.0,1.4489994049072266,1.5781005999888293,6395,2645,8765
h7_day04,7,91,True,optimal,0.0,0.9759998321533203,1.1669492999790236,6454,2704,9163
h7_day04,7,92,True,optimal,0.0,0.5030002593994141,0.6088952999853063,6118,2368,8181
h7_day04,7,93,True,optimal,7.816388578678503e-05,0.4139995574951172,0.5349380999978166,5863,2113,8133
h7_day04,7,94,True,optimal,4.0258522918927126e-05,0.8420009613037109,0.9610577000130434,5665,1915,7427
h7_day04,7,95,True,optimal,6.383311982666903e-06,0.5520000457763672,0.7144308999995701,5701,1951,7795
h7_day04,7,96,False,optimal,0.0,0.4589996337890625,0.553415699978359,5545,1795,7173
h7_day04,7,97,False,optimal,0.0,0.34399986267089844,0.43857219998608343,5308,1558,7105
h7_day04,7,98,False,optimal,0.0,0.37399864196777344,0.46140199998626485,5206,1456,6628
h7_day04,7,99,False,optimal,0.0,0.2970008850097656,0.39714489999460056,5230,1480,6929
h7_day04,7,100,False,optimal,0.0,0.28100013732910156,0.3737235000007786,5078,1328,6301
h7_day04,7,101,False,optimal,0.0,0.26599884033203125,0.34942849999060854,4922,1172,6309
h7_day04,7,102,False,optimal,0.0,0.2610015869140625,0.33706530000199564,4857,1107,5930
h7_day04,7,103,False,optimal,0.0,0.18199920654296875,0.26025220000883564,4820,1070,6104
h7_day04,7,104,False,optimal,0.0,0.26399993896484375,0.34862939998856746,4711,961,5665
h7_day04,7,105,False,optimal,0.0,0.1680011749267578,0.24374529998749495,4672,922,5754
h7_day04,7,106,False,optimal,0.0,0.1830005645751953,0.25832930000615306,4657,907,5530
h7_day04,7,107,False,optimal,0.0,0.1360015869140625,0.20418790000258014,4419,669,5313
h7_day04,7,108,False,optimal,0.0,0.15900039672851562,0.22880569999688305,4460,710,5164
h7_day04,7,109,False,optimal,0.0,0.17200088500976562,0.24062020002747886,4472,722,5291
h7_day04,7,110,False,optimal,0.0,0.14799880981445312,0.21481400000629947,4345,595,4927
h7_day04,7,111,False,optimal,0.0,0.10799980163574219,0.17045689999940805,4283,533,4931
h7_day04,7,112,False,optimal,0.0,0.12199974060058594,0.18446590000530705,4255,505,4754
h7_day04,7,113,False,optimal,0.0,0.09599876403808594,0.15632860001642257,4149,399,4672
h7_day04,7,114,False,optimal,0.0,0.07399940490722656,0.13323649999802,4098,348,4497
h7_day04,7,115,False,optimal,0.0,0.05700111389160156,0.11155750000034459,4057,307,4516
h7_day04,7,116,False,optimal,0.0,0.05699920654296875,0.11311410000780597,4012,262,4352
h7_day04,7,117,False,optimal,0.0,0.04500007629394531,0.10676049999892712,4011,261,4417
h7_day04,7,118,False,optimal,0.0,0.06099891662597656,0.13133280002512038,4002,252,4308
h7_day04,7,119,False,optimal,0.0,0.07900047302246094,0.13551510000252165,4008,258,4368
h7_day04,7,120,False,optimal,0.0,0.07799911499023438,0.13356930000009015,4031,281,4340
h7_day04,7,121,False,optimal,0.0,0.05999946594238281,0.11711099999956787,4031,281,4395
h7_day04,7,122,False,optimal,0.0,0.0709991455078125,0.12564499999280088,4051,301,4361
h7_day04,7,123,False,optimal,0.0,0.06599998474121094,0.12230070002260618,3995,245,4344
h7_day04,7,124,False,optimal,0.0,0.069000244140625,0.12636749999364838,3962,212,4222
h7_day04,7,125,False,optimal,0.0,0.0540008544921875,0.1050911000056658,3920,170,4172
h7_day04,7,126,False,optimal,0.0,0.0839996337890625,0.137653899990255,3966,216,4193
h7_day04,7,127,False,optimal,0.0,0.049999237060546875,0.10705500000040047,3966,216,4226
h7_day04,7,128,False,optimal,0.0,0.048000335693359375,0.10240140001405962,3915,165,4132
h7_day04,7,129,False,optimal,0.0,0.0279998779296875,0.08228390000294894,3863,113,4063
h7_day04,7,130,False,optimal,0.0,0.05299949645996094,0.18889730001683347,3849,99,4017
h7_day04,7,131,False,optimal,0.0,0.04400062561035156,0.09609570002066903,3877,127,4071
h7_day04,7,132,False,optimal,0.0,0.034000396728515625,0.0794123999949079,3822,72,3950
h7_day04,7,133,False,optimal,0.0,0.021999359130859375,0.07490510001662187,3822,72,3961
h7_day04,7,134,False,optimal,0.0,0.023998260498046875,0.07668030000058934,3822,72,3950
h7_day04,7,135,False,optimal,0.0,0.010000228881835938,0.06697760001407005,3848,98,3988
h7_day19,7,0,True,optimal,0.0,0.16699981689453125,0.35262299998430535,5907,2157,13849
h7_day19,7,1,True,optimal,0.0,0.07400131225585938,0.25662550001288764,6057,2307,16232
h7_day19,7,2,True,optimal,0.0,0.15600013732910156,0.31460249997326173,5986,2236,13943
h7_day19,7,3,True,optimal,0.0,0.04699897766113281,0.23695500000030734,5984,2234,16140
h7_day19,7,4,True,optimal,0.0,0.11100006103515625,0.27292650000890717,5915,2165,13857
h7_day19,7,5,True,optimal,0.0,0.036998748779296875,0.22677819998352788,5936,2186,16083
h7_day19,7,6,True,optimal,0.0,0.11800003051757812,0.2830361000087578,6003,2253,13962
h7_day19,7,7,True,optimal,0.0,0.05800056457519531,0.23065010001300834,6136,2386,16317
h7_day19,7,8,True,optimal,0.0,0.11800003051757812,0.2787536999967415,6036,2286,13998
h7_day19,7,9,True,optimal,0.0,0.07299995422363281,0.23708270001225173,6007,2257,16164
h7_day19,7,10,True,optimal,0.0,0.12000083923339844,0.2749488999834284,6028,2278,13989
h7_day19,7,11,True,optimal,0.0,0.05500030517578125,0.21737920001032762,6047,2297,16212
h7_day19,7,12,True,optimal,0.0,0.1509990692138672,0.30564559999038465,5938,2188,13849
h7_day19,7,13,True,optimal,0.0,0.04099845886230469,0.21433479999541305,5989,2239,16097
h7_day19,7,14,True,optimal,0.0,0.11199951171875,0.26226359998690896,5982,2232,13895
h7_day19,7,15,True,optimal,0.0,0.048999786376953125,0.23558129998855293,6034,2284,16145
h7_day19,7,16,True,optimal,0.0,0.1569995880126953,0.3208648999861907,6108,2358,14042
h7_day19,7,17,True,optimal,0.0,0.069000244140625,0.24231619999045506,6139,2389,16266
h7_day19,7,18,True,optimal,0.0,0.1359996795654297,0.3279999000078533,6115,2365,14021
h7_day19,7,19,True,optimal,0.0,0.08100128173828125,0.2528762000147253,6140,2390,16225
h7_day19,7,20,True,optimal,0.0,0.13699913024902344,0.3068597999808844,6079,2329,13963
h7_day19,7,21,True,optimal,0.0,0.06799888610839844,0.2632815999968443,6126,2376,16200
h7_day19,7,22,True,optimal,0.0,0.1420001983642578,0.30999249999877065,6098,2348,13955
h7_day19,7,23,True,optimal,0.0,0.07900047302246094,0.25650589997530915,6200,2450,16242
h7_day19,7,24,True,optimal,0.0,0.1700000762939453,0.339162899996154,6226,2476,14099
h7_day19,7,25,True,optimal,0.0,0.09399986267089844,0.2770221999962814,6323,2573,16381
h7_day19,7,26,True,optimal,0.0,0.20999908447265625,0.37936660001287237,6397,2647,14296
h7_day19,7,27,True,optimal,0.0,0.13000106811523438,0.3135638000094332,6490,2740,16573
h7_day19,7,28,True,optimal,0.0,0.21599960327148438,0.3922133999876678,6425,2675,14292
h7_day19,7,29,True,optimal,0.0,0.1470012664794922,0.3256773000175599,6565,2815,16608
h7_day19,7,30,True,optimal,0.0,0.25300025939941406,0.43547480000415817,6802,3052,14731
h7_day19,7,31,True,optimal,0.0,0.18799972534179688,0.3786068999907002,6936,3186,17044
h7_day19,7,32,True,optimal,0.0,0.2879981994628906,0.4825674000021536,7044,3294,15015
h7_day19,7,33,True,optimal,0.0,0.20100021362304688,0.3844274999864865,7091,3341,17141
h7_day19,7,34,True,optimal,0.0,0.3009986877441406,0.4735808999976143,7122,3372,15041
h7_day19,7,35,True,optimal,0.0,0.24199867248535156,0.45438819998526014,7192,3442,17180
h7_day19,7,36,True,optimal,0.0,0.3170013427734375,0.4871539999730885,7054,3304,14855
h7_day19,7,37,True,optimal,0.0,0.24399948120117188,0.4489881999907084,7137,3387,17046
h7_day19,7,38,True,optimal,0.0,0.35000038146972656,0.5262500999961048,7286,3536,15080
h7_day19,7,39,True,optimal,0.0,0.2519989013671875,0.4396316999918781,7338,3588,17188
h7_day19,7,40,True,optimal,0.0,0.36100006103515625,0.5423271000036038,7397,3647,15181
h7_day19,7,41,True,optimal,0.0,0.34200096130371094,0.5378182000131346,7564,3814,17452
h7_day19,7,42,True,optimal,0.0,0.4930000305175781,0.7127141999953892,7767,4017,15607
h7_day19,7,43,True,optimal,0.0,0.44899940490722656,0.6559355000208598,7890,4140,17763
h7_day19,7,44,True,optimal,0.0,0.4920005798339844,0.7049870000046212,7499,3749,15028
h7_day19,7,45,True,optimal,9.956638564374449e-05,9.583000183105469,9.815615200001048,8013,4263,17588
h7_day19,7,46,True,optimal,9.989890616735655e-05,13.290000915527344,13.550193800008856,8022,4272,15555
h7_day19,7,47,True,optimal,9.987120677863769e-05,77.73600006103516,78.01663369999733,8093,4343,17546
h7_day19,7,48,True,time_limit,0.00443559799128144,120.35699844360352,120.62835909999558,8416,4666,15970
h7_day19,7,49,True,optimal,5.7478147765808885e-11,8.568000793457031,8.78723890002584,8351,4601,17723
h7_day19,7,50,True,optimal,0.0,1.319000244140625,1.5700979999965057,8259,4509,15628
h7_day19,7,51,True,optimal,0.0,4.018999099731445,4.245786199986469,8099,4349,17056
h7_day19,7,52,True,optimal,0.0,1.0109996795654297,1.2551330999995116,8169,4419,15198
h7_day19,7,53,True,optimal,0.0,1.516000747680664,1.764356100000441,7995,4245,16632
h7_day19,7,54,True,optimal,0.0,1.6760005950927734,1.925322099996265,8108,4358,14975
h7_day19,7,55,True,optimal,0.0,3.3310012817382812,3.5568536999926437,8245,4495,16809
h7_day19,7,56,True,optimal,0.0,26.08300018310547,26.327991300000576,8176,4426,14953
h7_day19,7,57,True,optimal,0.0,2.828001022338867,3.1267409000138287,8110,4360,16556
h7_day19,7,58,True,time_limit,0.004262186541195044,120.00900077819824,120.43898700000136,8367,4617,15128
h7_day19,7,59,True,optimal,2.840351313716435e-05,2.657001495361328,2.907813300000271,8197,4447,16444
h7_day19,7,60,True,optimal,9.61745696926711e-05,24.38399887084961,24.602964699995937,8126,4376,14654
h7_day19,7,61,True,optimal,6.563874621658983e-06,4.534999847412109,4.752235099993413,7876,4126,15909
h7_day19,7,62,True,optimal,9.711918223676844e-07,7.772998809814453,8.02198839999619,8065,4315,14459
h7_day19,7,63,True,time_limit,0.012455879833702955,120.0009994506836,120.40119330000016,8292,4542,16219
h7_day19,7,64,True,time_limit,0.025308467649401083,120.00300025939941,120.28602730002603,8343,4593,14697
h7_day19,7,65,True,time_limit,0.013884058764254189,120.00100135803223,120.35608379999758,8567,4817,16369
h7_day19,7,66,True,time_limit,0.037405391736005725,120.00300025939941,120.34659969998756,8692,4942,14928
h7_day19,7,67,True,time_limit,0.005075825202675484,120.00699996948242,120.32360569998855,8708,4958,16375
h7_day19,7,68,True,time_limit,0.027192001253939935,120.00200080871582,120.31562300000223,8779,5029,14943
h7_day19,7,69,True,time_limit,0.013419358339784023,120.00300025939941,120.33120389998658,8759,5009,16301
h7_day19,7,70,True,time_limit,0.00023103740860945423,120.00799942016602,120.51674379999167,8857,5107,14848
h7_day19,7,71,True,optimal,4.736351726625919e-11,4.591999053955078,4.831745300005423,8636,4886,15733
h7_day19,7,72,True,optimal,0.0,3.913999557495117,4.1111702999915,8477,4727,13911
h7_day19,7,73,True,optimal,2.444590526599467e-07,10.345001220703125,10.567459499987308,8427,4677,15031
h7_day19,7,74,True,time_limit,0.012238260406086748,120.19099998474121,120.38831859998754,8208,4458,13376
h7_day19,7,75,True,optimal,6.780027332713395e-05,3.8039989471435547,4.07260379998479,8192,4442,14418
h7_day19,7,76,True,time_limit,0.004002485945934823,120.0009994506836,120.33243650000077,8064,4314,12839
h7_day19,7,77,True,optimal,0.0,11.37099838256836,11.579645099991467,7941,4191,13707
h7_day19,7,78,True,time_limit,0.0021473158565028434,120.00300025939941,120.44521040000836,7934,4184,12444
h7_day19,7,79,True,optimal,0.0,1.8540000915527344,2.0410529999935534,7919,4169,13339
h7_day19,7,80,True,optimal,9.955341907274068e-05,17.375999450683594,17.56321360002039,8042,4292,12361
h7_day19,7,81,True,optimal,0.0,6.071001052856445,6.313555800006725,7964,4214,13213
h7_day19,7,82,True,optimal,3.965370462735673e-05,6.164999008178711,6.344281700003194,7430,3680,11366
h7_day19,7,83,True,optimal,6.497158146847107e-05,6.556999206542969,6.741380699997535,7430,3680,12111
h7_day19,7,84,True,optimal,9.925533463230136e-05,26.55900001525879,26.799310300004436,7418,3668,11043
h7_day19,7,85,True,optimal,8.75555315025061e-06,1.920999526977539,2.0873326000000816,7071,3321,11249
h7_day19,7,86,True,optimal,0.0,7.956998825073242,8.168098299996927,7297,3547,10625
h7_day19,7,87,True,optimal,2.9606260997357533e-05,1.621999740600586,1.8253264000231866,7005,3255,10736
h7_day19,7,88,True,optimal,0.0,1.1389999389648438,1.2825773000076879,6939,3189,9886
h7_day19,7,89,True,optimal,0.0,0.7569999694824219,0.8969523000123445,6823,3073,10286
h7_day19,7,90,True,optimal,0.0,0.6820011138916016,0.8069102999870665,6567,2817,9154
h7_day19,7,91,True,optimal,0.0,0.6440010070800781,0.7694048999983352,6405,2655,9376
h7_day19,7,92,True,optimal,0.0,1.0879993438720703,1.2029956000042148,6098,2348,8292
h7_day19,7,93,True,optimal,0.0,0.5119991302490234,0.614582199981669,5737,1987,8098
h7_day19,7,94,True,optimal,7.683382731136703e-06,0.5310001373291016,0.6940540999930818,5519,1769,7214
h7_day19,7,95,True,optimal,0.0,0.3529987335205078,0.4609303000033833,5643,1893,7711
h7_day19,7,96,False,optimal,0.0,0.31999969482421875,0.41421340001397766,5519,1769,7107
h7_day19,7,97,False,optimal,0.0,0.2869987487792969,0.423468299995875,5319,1569,7172
h7_day19,7,98,False,optimal,0.0,0.3549995422363281,0.44693950001965277,5306,1556,6764
h7_day19,7,99,False,optimal,0.0,0.3429985046386719,0.43457630000193603,5325,1575,7047
h7_day19,7,100,False,optimal,0.0,0.27699851989746094,0.356575600017095,4953,1203,6120
h7_day19,7,101,False,optimal,0.0,0.24900054931640625,0.32607199999620207,4839,1089,6118
h7_day19,7,102,False,optimal,3.527349242827293e-06,0.2609996795654297,0.33914099997491576,4789,1039,5809
h7_day19,7,103,False,optimal,5.730955016982187e-06,0.1900005340576172,0.2631233000138309,4679,929,5874
h7_day19,7,104,False,optimal,0.0,0.2479991912841797,0.34396990001550876,4626,876,5516
h7_day19,7,105,False,optimal,0.0,0.15800094604492188,0.22912249999353662,4628,878,5675
h7_day19,7,106,False,optimal,0.0,0.20600128173828125,0.2730599000060465,4528,778,5274
h7_day19,7,107,False,optimal,0.0,0.1379985809326172,0.2295262000116054,4500,750,5367
h7_day19,7,108,False,optimal,0.0,0.18400001525878906,0.2481463000003714,4477,727,5126
h7_day19,7,109,False,optimal,0.0,0.10499954223632812,0.1762217000068631,4539,789,5350
h7_day19,7,110,False,optimal,0.0,0.13199996948242188,0.19892180000897497,4474,724,5093
h7_day19,7,111,False,optimal,0.0,0.08699989318847656,0.1484504999825731,4356,606,5004
h7_day19,7,112,False,optimal,0.0,0.09100151062011719,0.15074720000848174,4342,592,4857
h7_day19,7,113,False,optimal,0.0,0.05200004577636719,0.11281819999567233,4177,427,4739
h7_day19,7,114,False,optimal,0.0,0.055999755859375,0.11034310000832193,4051,301,4413
h7_day19,7,115,False,optimal,0.0,0.06999969482421875,0.12731019998318516,4055,305,4498
h7_day19,7,116,False,optimal,0.0,0.0709991455078125,0.12752710000495426,3999,249,4290
h7_day19,7,117,False,optimal,0.0,0.07000160217285156,0.11816379998344928,4000,250,4350
h7_day19,7,118,False,optimal,0.0,0.09099960327148438,0.1542098000063561,4021,271,4309
h7_day19,7,119,False,optimal,0.0,0.09400177001953125,0.1557996999763418,4042,292,4401
h7_day19,7,120,False,optimal,0.0,0.06699943542480469,0.12360829999670386,4018,268,4307
h7_day19,7,121,False,optimal,0.0,0.036998748779296875,0.09029290001490153,3940,190,4205
h7_day19,7,122,False,optimal,0.0,0.030000686645507812,0.07893459999468178,3846,96,3995
h7_day19,7,123,False,optimal,0.0,0.029001235961914062,0.07391100001404993,3845,95,4016
h7_day19,7,124,False,optimal,0.0,0.01399993896484375,0.062065000005532056,3799,49,3912
h7_day13,7,0,True,optimal,0.0,0.14299964904785156,0.8738758999970742,5852,2102,13632
h7_day13,7,1,True,optimal,0.0,0.05200004577636719,0.22809430002234876,5902,2152,15890
h7_day13,7,2,True,optimal,0.0,0.1620006561279297,0.3100906999898143,5944,2194,13741
h7_day13,7,3,True,optimal,0.0,0.06399917602539062,0.22015929999179207,5942,2192,15939
h7_day13,7,4,True,optimal,0.0,0.12999916076660156,0.2770083999785129,6057,2307,13882
h7_day13,7,5,True,optimal,0.0,0.04699897766113281,0.20495290000690147,5896,2146,15885
h7_day13,7,6,True,optimal,0.0,0.10200119018554688,0.243900700006634,5838,2088,13617
h7_day13,7,7,True,optimal,0.0,0.069000244140625,0.2163130000117235,5819,2069,15792
h7_day13,7,8,True,optimal,0.0,0.12199974060058594,0.2653297999931965,5818,2068,13591
h7_day13,7,9,True,optimal,0.0,0.023000717163085938,0.1723409999976866,5797,2047,15766
h7_day13,7,10,True,optimal,0.0,0.08799934387207031,0.2279092000098899,5770,2020,13503
h7_day13,7,11,True,optimal,0.0,0.021999359130859375,0.1660734000033699,5770,2020,15692
h7_day13,7,12,True,optimal,0.0,0.07399940490722656,0.20811639999737963,5753,2003,13481
h7_day13,7,13,True,optimal,0.0,0.06500053405761719,0.21789950001402758,5803,2053,15728
h7_day13,7,14,True,optimal,0.0,0.1270008087158203,0.2642268000054173,5824,2074,13564
h7_day13,7,15,True,optimal,0.0,0.05999946594238281,0.21092100001988,5824,2074,15754
h7_day13,7,16,True,optimal,0.0,0.1230010986328125,0.26369370002066717,5853,2103,13598
h7_day13,7,17,True,optimal,0.0,0.09599876403808594,0.26436739999917336,5911,2161,15854
h7_day13,7,18,True,optimal,0.0,0.10300064086914062,0.23995620000641793,5908,2158,13658
h7_day13,7,19,True,optimal,0.0,0.034999847412109375,0.18246120002004318,5848,2098,15773
h7_day13,7,20,True,optimal,0.0,0.10400009155273438,0.2511125000019092,5856,2106,13592
h7_day13,7,21,True,optimal,0.0,0.034999847412109375,0.1795855000091251,5829,2079,15707
h7_day13,7,22,True,optimal,0.0,0.08300018310546875,0.2235076999932062,5800,2050,13495
h7_day13,7,23,True,optimal,0.0,0.0279998779296875,0.17520189998322167,5829,2079,15709
h7_day13,7,24,True,optimal,0.0,0.11400032043457031,0.25373289998969994,5902,2152,13617
h7_day13,7,25,True,optimal,0.0,0.062000274658203125,0.22740959998918697,5995,2245,15902
h7_day13,7,26,True,optimal,0.0,0.12199974060058594,0.26885399999446236,6003,2253,13731
h7_day13,7,27,True,optimal,0.0,0.062000274658203125,0.20977489999495447,6066,2316,15985
h7_day13,7,28,True,optimal,0.0,0.1529998779296875,0.3125122000055853,6164,2414,13918
h7_day13,7,29,True,optimal,0.0,0.09199905395507812,0.24556350000784732,6208,2458,16146
h7_day13,7,30,True,optimal,0.0,0.15200042724609375,0.29536829999415204,6158,2408,13910
h7_day13,7,31,True,optimal,0.0,0.10499954223632812,0.27674370000022464,6296,2546,16253
h7_day13,7,32,True,optimal,0.0,0.20999908447265625,0.36595850001322106,6392,2642,14186
h7_day13,7,33,True,optimal,0.0,0.1399993896484375,0.3331822000036482,6594,2844,16597
h7_day13,7,34,True,optimal,0.0,0.22699928283691406,0.3791538000223227,6679,2929,14499
h7_day13,7,35,True,optimal,0.0,0.13399887084960938,0.3135758000134956,6592,2842,16488
h7_day13,7,36,True,optimal,0.0,0.1959991455078125,0.34879869999713264,6507,2757,14244
h7_day13,7,37,True,optimal,0.0,0.16699981689453125,0.3289949999889359,6735,2985,16615
h7_day13,7,38,True,optimal,0.0,0.28600120544433594,0.4441385999962222,6944,3194,14704
h7_day13,7,39,True,optimal,0.0,0.2199993133544922,0.3937510999967344,6948,3198,16796
h7_day13,7,40,True,optimal,0.0,0.3249988555908203,0.48805620000348426,7189,3439,14966
h7_day13,7,41,True,optimal,0.0,0.29599952697753906,0.47717549998196773,7486,3736,17435
h7_day13,7,42,True,optimal,0.0,0.3959999084472656,0.5934091999952216,7482,3732,15307
h7_day13,7,43,True,optimal,0.0,0.30700111389160156,0.48669399999198504,7608,3858,17574
h7_day13,7,44,True,optimal,0.0,0.4219989776611328,0.6209208999935072,7563,3813,15271
h7_day13,7,45,True,optimal,0.0,0.37599945068359375,0.5504769000108354,7691,3941,17458
h7_day13,7,46,True,optimal,0.0,0.45600128173828125,0.660433799988823,7824,4074,15515
h7_day13,7,47,True,optimal,0.0,1.6499996185302734,1.861780600011116,7988,4238,17708
h7_day13,7,48,True,optimal,7.47924985403251e-06,0.76300048828125,0.9995539999799803,7767,4017,15266
h7_day13,7,49,True,optimal,0.0,3.7089996337890625,3.893888299993705,7833,4083,17345
h7_day13,7,50,True,optimal,0.0,1.4680004119873047,1.7051514999766368,7794,4044,15233
h7_day13,7,51,True,optimal,0.0,1.1720008850097656,1.364034400001401,7820,4070,17197
h7_day13,7,52,True,optimal,0.0,2.1439990997314453,2.3663146999897435,7992,4242,15384
h7_day13,7,53,True,optimal,0.0,1.9820003509521484,2.1748282999906223,8138,4388,17481
h7_day13,7,54,True,optimal,9.521066408464256e-05,10.719999313354492,10.937262199993711,8221,4471,15607
h7_day13,7,55,True,time_limit,0.0007188899587809638,120.00199890136719,120.35581589999492,8359,4609,17612
h7_day13,7,56,True,time_limit,0.0030484204823322475,120.01300048828125,120.37848859999212,8608,4858,16026
h7_day13,7,57,True,optimal,9.993342463637163e-05,81.84099960327148,82.13272189997952,8252,4502,17203
h7_day13,7,58,True,time_limit,0.018370535260935718,120.00500106811523,120.33699599999818,8273,4523,15306
h7_day13,7,59,True,time_limit,0.002041092546918201,120.0009994506836,120.37582729998394,8432,4682,17219
h7_day13,7,60,True,time_limit,0.012819219192753046,120.00799942016602,120.35070369997993,8559,4809,15473
h7_day13,7,61,True,time_limit,0.01922225886269865,120.00399971008301,120.38186230001156,8598,4848,17122
h7_day13,7,62,True,time_limit,0.01658851788568144,120.00300025939941,120.37838810001267,8706,4956,15462
h7_day13,7,63,True,time_limit,0.013798346058972562,120.00299835205078,120.34543849999318,8815,5065,17224
h7_day13,7,64,True,time_limit,0.016123609783951817,120.00699996948242,120.39346479999949,8932,5182,15611
h7_day13,7,65,True,time_limit,0.009855447598426362,120.20999908447266,120.47660620001261,8803,5053,17003
h7_day13,7,66,True,time_limit,0.03182867358454616,120.00399971008301,120.33276579997619,8840,5090,15358
h7_day13,7,67,True,optimal,5.111548318861758e-05,5.553998947143555,5.784677399991779,8720,4970,16499
h7_day13,7,68,True,time_limit,0.04922383991982956,120.13699913024902,120.38534549999167,8755,5005,14924
h7_day13,7,69,True,time_limit,0.02109746208621605,120.00600051879883,120.32117000001017,8710,4960,16160
h7_day13,7,70,True,time_limit,0.02813056310289206,120.00399971008301,120.34351639999659,8519,4769,14403
h7_day13,7,71,True,time_limit,0.014225711669340198,120.00600051879883,120.2717563000042,8631,4881,15775
h7_day13,7,72,True,time_limit,0.0012956968976158318,120.00400161743164,120.3622153000033,8422,4672,13939
h7_day13,7,73,True,optimal,9.983956804274041e-05,56.44700050354004,56.75232820000383,8626,4876,15290
h7_day13,7,74,True,time_limit,0.002193614750859172,120.00100135803223,120.364856900007,8683,4933,14006
h7_day13,7,75,True,optimal,8.627654278799832e-05,70.47800064086914,70.72244869999122,8775,5025,15131
h7_day13,7,76,True,optimal,9.582796878252088e-05,5.8470001220703125,6.052363299997523,8432,4682,13362
h7_day13,7,77,True,optimal,0.0,4.892000198364258,5.088916899985634,8273,4523,14111
h7_day13,7,78,True,optimal,0.0,5.7220001220703125,5.971447199990507,8211,4461,12758
h7_day13,7,79,True,optimal,8.423224521766687e-05,1.3409996032714844,1.5200149999873247,7811,4061,13128
h7_day13,7,80,True,optimal,9.023365422976448e-05,2.086000442504883,2.2481875000230502,7604,3854,11664
h7_day13,7,81,True,optimal,9.638568544135951e-05,27.027999877929688,27.214345999993384,7568,3818,12384
h7_day13,7,82,True,optimal,0.0,11.394998550415039,11.582700900005875,7552,3802,11304
h7_day13,7,83,True,optimal,9.896350447260889e-05,8.776998519897461,8.962269700015895,7776,4026,12333
h7_day13,7,84,True,optimal,0.0,31.4950008392334,31.709459600009723,7649,3899,11147
h7_day13,7,85,True,optimal,0.0,2.48699951171875,2.658540099975653,7589,3839,11774
h7_day13,7,86,True,optimal,0.0,40.8120002746582,41.029982000007294,7651,3901,11016
h7_day13,7,87,True,optimal,0.0,1.0939998626708984,1.2427341000002343,7264,3514,11046
h7_day13,7,88,True,optimal,0.0,0.9150009155273438,1.0458039999939501,7063,3313,9862
h7_day13,7,89,True,optimal,0.0,1.4330005645751953,1.5668208000133745,6923,3173,10125
h7_day13,7,90,True,optimal,0.0,1.6889991760253906,1.830268600024283,6999,3249,9514
h7_day13,7,91,True,optimal,0.0,0.8120002746582031,1.0031156000040937,6653,2903,9456
h7_day13,7,92,True,optimal,0.0,0.9770011901855469,1.102900799975032,6396,2646,8629
h7_day13,7,93,True,optimal,0.0,0.8080005645751953,0.9213509999972302,6170,2420,8560
h7_day13,7,94,True,optimal,0.0,0.7639999389648438,0.8785041999944951,5947,2197,7793
h7_day13,7,95,True,optimal,0.0,0.48699951171875,0.5903962000156753,5467,1717,7510
h7_day13,7,96,False,optimal,0.0,0.4759998321533203,0.5660220000136178,5218,1468,6691
h7_day13,7,97,False,optimal,0.0,0.5030002593994141,0.5932618000078946,5140,1390,6811
h7_day13,7,98,False,optimal,0.0,0.4349994659423828,0.5232103000162169,5039,1289,6308
h7_day13,7,99,False,optimal,0.0,0.2950000762939453,0.3773726999934297,4913,1163,6368
h7_day13,7,100,False,optimal,0.0,0.3360004425048828,0.41426469999714755,4869,1119,6004
h7_day13,7,101,False,optimal,0.0,0.16500091552734375,0.24959360001957975,4838,1088,6153
h7_day13,7,102,False,optimal,0.0,0.26799964904785156,0.3396362000203226,4705,955,5650
h7_day13,7,103,False,optimal,0.0,0.18400001525878906,0.31958390001091175,4672,922,5735
h7_day13,7,104,False,optimal,0.0,0.22500038146972656,0.2912508000154048,4579,829,5404
h7_day13,7,105,False,optimal,0.0,0.17499923706054688,0.24106850000680424,4483,733,5375
h7_day13,7,106,False,optimal,0.0,0.20099830627441406,0.2700808999943547,4536,786,5277
h7_day13,7,107,False,optimal,0.0,0.10799980163574219,0.17471029999433085,4347,597,5062
h7_day13,7,108,False,optimal,0.0,0.13199996948242188,0.26289640000322834,4251,501,4786
h7_day13,7,109,False,optimal,0.0,0.11699867248535156,0.18526810000184923,4143,393,4683
h7_day13,7,110,False,optimal,0.0,0.12299919128417969,0.1814132999861613,4167,417,4591
h7_day13,7,111,False,optimal,0.0,0.11400032043457031,0.17991190002067015,4154,404,4644
h7_day13,7,112,False,optimal,0.0,0.11299896240234375,0.17242469999473542,4151,401,4536
h7_day13,7,113,False,optimal,0.0,0.07500076293945312,0.20095550001133233,4148,398,4596
h7_day13,7,114,False,optimal,0.0,0.0970001220703125,0.14938180000171997,4083,333,4445
h7_day13,7,115,False,optimal,0.0,0.07999992370605469,0.13421509999898262,4059,309,4441
h7_day13,7,116,False,optimal,0.0,0.061000823974609375,0.11669900000561029,4059,309,4375
h7_day13,7,117,False,optimal,0.0,0.07299995422363281,0.12578159998520277,3997,247,4349
h7_day13,7,118,False,optimal,0.0,0.07200050354003906,0.12564849999034777,3997,247,4294
h7_day13,7,119,False,optimal,0.0,0.0709991455078125,0.13298959998064674,4026,276,4382
h7_day13,7,120,False,optimal,0.0,0.05800056457519531,0.11009289999492466,4023,273,4321
h7_day13,7,121,False,optimal,0.0,0.03399848937988281,0.08464689998072572,4016,266,4369
h7_day13,7,122,False,optimal,0.0,0.055999755859375,0.11043090000748634,3918,168,4156
h7_day13,7,123,False,optimal,0.0,0.05200004577636719,0.10484569999971427,3871,121,4106
h7_day13,7,124,False,optimal,0.0,0.05800056457519531,0.18787480000173673,3901,151,4101
h7_day13,7,125,False,optimal,0.0,0.06099891662597656,0.12334600000758655,3930,180,4167
h7_day13,7,126,False,optimal,0.0,0.07999992370605469,0.13441989998682402,3976,226,4188
h7_day13,7,127,False,optimal,0.0,0.061000823974609375,0.11127289998694323,3927,177,4161
h7_day13,7,128,False,optimal,0.0,0.06399917602539062,0.11666420000256039,3950,200,4155
h7_day13,7,129,False,optimal,0.0,0.03899955749511719,0.09275670000351965,3971,221,4214
h7_day13,7,130,False,optimal,0.0,0.030000686645507812,0.08336069999495521,3948,198,4123
h7_day13,7,131,False,optimal,0.0,0.017000198364257812,0.06656669999938458,3868,118,4051
h7_day14,7,0,True,optimal,0.0,0.24100112915039062,1.0459863000141922,6256,2506,14775
h7_day14,7,1,True,optimal,0.0,0.06699943542480469,0.2396469000086654,6300,2550,17027
h7_day14,7,2,True,optimal,0.0,0.18400001525878906,0.34687209999538027,6312,2562,14839
h7_day14,7,3,True,optimal,0.0,0.05299949645996094,0.22948909999104217,6291,2541,17013
h7_day14,7,4,True,optimal,0.0,0.1719989776611328,0.338320200011367,6416,2666,14961
h7_day14,7,5,True,optimal,0.0,0.06699943542480469,0.2380113999824971,6379,2629,17119
h7_day14,7,6,True,optimal,0.0,0.1639995574951172,0.3279026999953203,6353,2603,14889
h7_day14,7,7,True,optimal,0.0,0.08600044250488281,0.2696261999954004,6387,2637,17121
h7_day14,7,8,True,optimal,0.0,0.207000732421875,0.3726734000083525,6493,2743,15044
h7_day14,7,9,True,optimal,0.0,0.1100006103515625,0.28331890000845306,6579,2829,17346
h7_day14,7,10,True,optimal,0.0,0.14599990844726562,0.313422500010347,6348,2598,14807
h7_day14,7,11,True,optimal,0.0,0.0839996337890625,0.25431429999298416,6392,2642,17037
h7_day14,7,12,True,optimal,0.0,0.15200042724609375,0.3268541000143159,6374,2624,14837
h7_day14,7,13,True,optimal,0.0,0.07699966430664062,0.24216930000693537,6276,2526,16856
h7_day14,7,14,True,optimal,0.0,0.14100074768066406,0.3108997000090312,6253,2503,14636
h7_day14,7,15,True,optimal,0.0,0.05100059509277344,0.21654470000066794,6226,2476,16759
h7_day14,7,16,True,optimal,0.0,0.14499855041503906,0.30289360001916066,6202,2452,14575
h7_day14,7,17,True,optimal,0.0,0.03700065612792969,0.21377319999737665,6191,2441,16717
h7_day14,7,18,True,optimal,0.0,0.17099952697753906,0.33182269998360425,6234,2484,14613
h7_day14,7,19,True,optimal,0.0,0.0410003662109375,0.21757539999089204,6213,2463,16701
h7_day14,7,20,True,optimal,0.0,0.13800048828125,0.3082214000169188,6191,2441,14500
h7_day14,7,21,True,optimal,0.0,0.04199981689453125,0.20788290002383292,6220,2470,16667
h7_day14,7,22,True,optimal,0.0,0.1810016632080078,0.3446053999941796,6292,2542,14592
h7_day14,7,23,True,optimal,0.0,0.05999946594238281,0.2402777999814134,6219,2469,16628
h7_day14,7,24,True,optimal,0.0,0.15000152587890625,0.31083339999895543,6266,2516,14562
h7_day14,7,25,True,optimal,0.0,0.055999755859375,0.23056540000834502,6326,2576,16754
h7_day14,7,26,True,optimal,0.0,0.19899940490722656,0.3664709000149742,6439,2689,14734
h7_day14,7,27,True,optimal,0.0,0.10099983215332031,0.2872685000183992,6410,2660,16813
h7_day14,7,28,True,optimal,0.0,0.21000099182128906,0.37443050000001676,6483,2733,14786
h7_day14,7,29,True,optimal,0.0,0.10299873352050781,0.27660420001484454,6575,2825,17011
h7_day14,7,30,True,optimal,0.0,0.19899940490722656,0.38301019999198616,6566,2816,14892
h7_day14,7,31,True,optimal,0.0,0.1420001983642578,0.32086000000708736,6758,3008,17224
h7_day14,7,32,True,optimal,0.0,0.2479991912841797,0.43528649999643676,6774,3024,15123
h7_day14,7,33,True,optimal,0.0,0.13199996948242188,0.31235570000717416,6804,3054,17267
h7_day14,7,34,True,optimal,0.0,0.24900054931640625,0.42254190001403913,6910,3160,15246
h7_day14,7,35,True,optimal,0.0,0.18000030517578125,0.38669689997914247,7160,3410,17647
h7_day14,7,36,True,optimal,0.0,0.3229999542236328,0.5098008000059053,7317,3567,15735
h7_day14,7,37,True,optimal,0.0,0.2350006103515625,0.44681690001743846,7431,3681,17963
h7_day14,7,38,True,optimal,0.0,0.3600006103515625,0.5525716999836732,7745,3995,16243
h7_day14,7,39,True,optimal,0.0,0.25,0.4424536000005901,7830,4080,18396
h7_day14,7,40,True,optimal,0.0,0.4109992980957031,0.6280300999933388,8098,4348,16602
h7_day14,7,41,True,optimal,0.0,0.3260002136230469,0.5236427999916486,8156,4406,18747
h7_day14,7,42,True,optimal,0.0,0.45800018310546875,0.6773282999929506,8171,4421,16673
h7_day14,7,43,True,optimal,0.0,0.3150005340576172,0.5164086000004318,8128,4378,18652
h7_day14,7,44,True,optimal,0.0,0.4490013122558594,0.6398134999908507,8148,4398,16521
h7_day14,7,45,True,optimal,0.0,0.4330005645751953,0.6535699999949429,8390,4640,18759
h7_day14,7,46,True,optimal,0.0,2.062000274658203,2.269899200007785,8332,4582,16609
h7_day14,7,47,True,optimal,1.7647549701977777e-05,0.8629989624023438,1.0973922999983188,8320,4570,18565
h7_day14,7,48,True,optimal,0.0,0.6770000457763672,0.8726500000047963,8026,4276,16114
h7_day14,7,49,True,optimal,0.0,0.5650005340576172,0.806827099993825,8104,4354,18150
h7_day14,7,50,True,optimal,0.0,0.9720001220703125,1.1681339000060689,8507,4757,16653
h7_day14,7,51,True,optimal,0.0,1.315999984741211,1.5511497000115924,8578,4828,18557
h7_day14,7,52,True,optimal,3.2276570736860314e-05,2.9810009002685547,3.1924846000038087,8328,4578,16238
h7_day14,7,53,True,optimal,0.0,1.3939990997314453,1.6290612999873701,8327,4577,18024
h7_day14,7,54,True,optimal,4.4862891063705065e-11,2.7259998321533203,2.92662760001258,8701,4951,16562
h7_day14,7,55,True,optimal,0.0,1.5839996337890625,1.8368128000001889,8895,5145,18567
h7_day14,7,56,True,optimal,9.988867433982185e-05,47.54199981689453,47.79668959998526,8951,5201,16823
h7_day14,7,57,True,optimal,0.0,4.069999694824219,4.3694394000049215,8852,5102,18243
h7_day14,7,58,True,time_limit,0.01930581461819353,120.01200103759766,120.3715314999863,9013,5263,16688
h7_day14,7,59,True,optimal,9.991976158473673e-05,118.83300018310547,119.10654989999603,8832,5082,18034
h7_day14,7,60,True,time_limit,0.04040444357595861,120.01100158691406,120.39620899999863,8849,5099,16309
h7_day14,7,61,True,time_limit,0.0029898452213446077,120.00199890136719,120.3013607999892,8851,5101,17752
h7_day14,7,62,True,time_limit,0.00320355767991927,120.00500106811523,120.45352170002297,8687,4937,15861
h7_day14,7,63,True,optimal,0.0,34.784000396728516,35.0683467000199,8628,4878,17178
h7_day14,7,64,True,time_limit,0.018565488755480423,120.00200080871582,120.28646470000967,8712,4962,15548
h7_day14,7,65,True,time_limit,0.011189937922926257,120.01099967956543,120.43947350000963,8609,4859,16871
h7_day14,7,66,True,time_limit,0.030819935967863577,120.00399971008301,120.43191829998977,8875,5125,15645
h7_day14,7,67,True,time_limit,0.018716660101334697,120.01900100708008,120.39806639999733,8869,5119,17109
h7_day14,7,68,True,time_limit,0.02740186549590542,120.00600051879883,120.4128619999974,9092,5342,15843
h7_day14,7,69,True,time_limit,0.03033708004223213,120.00699996948242,120.41606000001775,9145,5395,17175
h7_day14,7,70,True,time_limit,0.018603953921533245,120.0059986114502,120.3582854999986,9002,5252,15405
h7_day14,7,71,True,optimal,0.0,16.049999237060547,16.36588130000746,9199,5449,16854
h7_day14,7,72,True,optimal,2.363465051157512e-05,118.98099899291992,119.33746109998901,9059,5309,15260
h7_day14,7,73,True,optimal,2.2794799590032785e-05,10.023000717163086,10.312411999999313,8853,5103,16067
h7_day14,7,74,True,optimal,0.0,8.607999801635742,8.87001880002208,8888,5138,14786
h7_day14,7,75,True,optimal,0.0,10.533000946044922,10.846631099993829,8693,4943,15676
h7_day14,7,76,True,time_limit,0.005021270844869671,120.01399993896484,120.4102587000234,8672,4922,14217
h7_day14,7,77,True,optimal,7.693811735882633e-05,4.680999755859375,4.9339158999791835,8679,4929,15253
h7_day14,7,78,True,optimal,0.0,3.272998809814453,3.5554054000240285,8370,4620,13594
h7_day14,7,79,True,optimal,8.892939331461552e-05,5.27400016784668,5.546302100003231,8384,4634,14553
h7_day14,7,80,True,time_limit,0.0027162460232909337,120.00399971008301,120.32040419999976,8402,4652,13368
h7_day14,7,81,True,optimal,9.617655135657973e-05,6.488000869750977,6.730551500018919,8192,4442,14055
h7_day14,7,82,True,optimal,0.0,15.520999908447266,15.75483340001665,8313,4563,13060
h7_day14,7,83,True,optimal,9.995497544629179e-05,14.133001327514648,14.502855400001863,8277,4527,13883
h7_day14,7,84,True,optimal,8.252677760863765e-05,7.224000930786133,7.449415200011572,8274,4524,12712
h7_day14,7,85,True,optimal,9.58698354899808e-05,8.770999908447266,9.034264299989445,8149,4399,13261
h7_day14,7,86,True,optimal,6.473184519163883e-05,47.2549991607666,47.585526300012134,8070,4320,12240
h7_day14,7,87,True,optimal,8.245295477619885e-05,2.437000274658203,2.6771469000086654,7976,4226,12765
h7_day14,7,88,True,optimal,2.2620319320778478e-05,2.642000198364258,2.858960900019156,7692,3942,11387
h7_day14,7,89,True,optimal,0.0,1.2900009155273438,1.4849313999875449,7400,3650,11721
h7_day14,7,90,True,optimal,0.0,1.1130008697509766,1.3241207000100985,6943,3193,10067
h7_day14,7,91,True,optimal,8.353859965299269e-05,1.023000717163086,1.2088331000122707,7098,3348,10738
h7_day14,7,92,True,optimal,7.374616924761437e-05,2.625,2.8784797999833245,6839,3089,9578
h7_day14,7,93,True,optimal,0.0,1.2840003967285156,1.4644059999845922,6596,2846,9725
h7_day14,7,94,True,optimal,0.0,0.875,1.0075738000159618,6321,2571,8779
h7_day14,7,95,True,optimal,0.0,0.5149993896484375,0.6427745000110008,6367,2617,9220
h7_day14,7,96,False,optimal,0.0,0.9669990539550781,1.1869626000116114,6329,2579,8664
h7_day14,7,97,False,optimal,0.0,0.5900001525878906,0.7110826999996789,6170,2420,8849
h7_day14,7,98,False,optimal,0.0,0.6420001983642578,0.8147169000003487,5974,2224,8131
h7_day14,7,99,False,optimal,0.0,0.40399932861328125,0.5115284999774303,5644,1894,7969
h7_day14,7,100,False,optimal,0.0,0.41400146484375,0.5785992999735754,5482,1732,7327
h7_day14,7,101,False,optimal,0.0,0.5939998626708984,0.7914180000079796,5331,1581,7404
h7_day14,7,102,False,optimal,0.0,0.5380001068115234,0.7261994000000414,5307,1557,6940
h7_day14,7,103,False,optimal,0.0,0.37399864196777344,0.588266200007638,5168,1418,6924
h7_day14,7,104,False,optimal,0.0,0.5,0.6663292000012007,4978,1228,6332
h7_day14,7,105,False,optimal,0.0,0.3509998321533203,0.5320900999940932,4875,1125,6422
h7_day14,7,106,False,optimal,0.0,0.46099853515625,0.626089299999876,5011,1261,6285
h7_day14,7,107,False,optimal,0.0,0.44099998474121094,0.6445880999963265,4881,1131,6320
h7_day14,7,108,False,optimal,0.0,0.3339996337890625,0.5017318000027444,4753,1003,5873
h7_day14,7,109,False,optimal,0.0,0.2849998474121094,0.39876049998565577,4776,1026,6130
h7_day14,7,110,False,optimal,0.0,0.3430004119873047,0.5111112000013236,4802,1052,5906
h7_day14,7,111,False,optimal,0.0,0.26200103759765625,0.35708280000835657,4930,1180,6291
h7_day14,7,112,False,optimal,0.0,0.2700004577636719,0.4007372999913059,4847,1097,5910
h7_day14,7,113,False,optimal,0.0,0.21899986267089844,0.3169079000072088,4806,1056,6039
h7_day14,7,114,False,optimal,0.0,0.2719993591308594,0.3514646999828983,4696,946,5658
h7_day14,7,115,False,optimal,0.0,0.23999977111816406,0.3388091000088025,4689,939,5782
h7_day14,7,116,False,optimal,0.0,0.23400115966796875,0.30970329997944646,4654,904,5488
h7_day14,7,117,False,optimal,0.0,0.22999954223632812,0.31894240001565777,4667,917,5684
h7_day14,7,118,False,optimal,0.0,0.17499923706054688,0.2806726999988314,4503,753,5196
h7_day14,7,119,False,optimal,0.0,0.11199951171875,0.20642070000758395,4399,649,5151
h7_day14,7,120,False,optimal,0.0,0.13899993896484375,0.24091230001067743,4373,623,4981
h7_day14,7,121,False,optimal,0.0,0.10700035095214844,0.19673380002495833,4244,494,4913
h7_day14,7,122,False,optimal,0.0,0.09799957275390625,0.2126538000011351,4196,446,4677
h7_day14,7,123,False,optimal,0.0,0.0839996337890625,0.1619852999865543,4101,351,4658
h7_day14,7,124,False,optimal,0.0,0.15900039672851562,0.26512929997988977,4044,294,4447
h7_day14,7,125,False,optimal,0.0,0.15900039672851562,0.24814729997888207,4132,382,4601
h7_day14,7,126,False,optimal,0.0,0.1659984588623047,0.24854249999043532,4160,410,4550
h7_day14,7,127,False,optimal,0.0,0.1309986114501953,0.2202904000005219,4172,422,4636
h7_day14,7,128,False,optimal,0.0,0.14100074768066406,0.21202849998371676,4195,445,4586
h7_day14,7,129,False,optimal,0.0,0.10400009155273438,0.19503639999311417,4224,474,4696
h7_day14,7,130,False,optimal,0.0,0.1289997100830078,0.1994723999814596,4165,415,4545
h7_day14,7,131,False,optimal,0.0,0.08300018310546875,0.15065640001557767,4020,270,4329
h7_day14,7,132,False,optimal,0.0,0.04199981689453125,0.10710709998966195,3953,203,4162
h7_day14,7,133,False,optimal,0.0,0.03700065612792969,0.12745729999733157,3874,124,4059
h7_day14,7,134,False,optimal,0.0,0.04300117492675781,0.11423850001301616,3874,124,4037
h7_day14,7,135,False,optimal,0.0,0.02700042724609375,0.08848070001113228,3874,124,4059
h7_day14,7,136,False,optimal,0.0,0.034999847412109375,0.09557419997872785,3874,124,4037
h7_day14,7,137,False,optimal,0.0,0.030000686645507812,0.10989780002273619,3873,123,4058
h7_day14,7,138,False,optimal,0.0,0.010999679565429688,0.0896393999864813,3869,119,4030
h7_day14,7,139,False,optimal,0.0,0.018999099731445312,0.09023919998435304,3808,58,3936
h7_day14,7,140,False,optimal,0.0,0.03299903869628906,0.08298569999169558,3801,51,3913
h7_day14,7,141,False,optimal,0.0,0.029001235961914062,0.08674920001067221,3801,51,3924
h7_day14,7,142,False,optimal,0.0,0.02700042724609375,0.08813429999281652,3801,51,3913
h7_day14,7,143,False,optimal,0.0,0.031000137329101562,0.09871560000465252,3801,51,3924
h7_day14,7,144,False,optimal,0.0,0.035999298095703125,0.10569050000049174,3801,51,3913
h7_day14,7,145,False,optimal,0.0,0.006999969482421875,0.060509700007969514,3799,49,3923
h7_day14,7,146,False,optimal,0.0,0.006000518798828125,0.05424880000646226,3776,26,3885
h8_day01,8,0,True,optimal,0.0,0.18899917602539062,0.39141829998698086,6516,2266,14573
h8_day01,8,1,True,optimal,0.0,0.17300033569335938,0.3479695999994874,6697,2447,16985
h8_day01,8,2,True,optimal,0.0,0.2160015106201172,0.39358559998800047,6763,2513,14865
h8_day01,8,3,True,optimal,0.0,0.05500030517578125,0.2284778999746777,6659,2409,16940
h8_day01,8,4,True,optimal,0.0,0.1490001678466797,0.31223380001029,6678,2428,14762
h8_day01,8,5,True,optimal,0.0,0.055999755859375,0.2300317999906838,6651,2401,16930
h8_day01,8,6,True,optimal,0.0,0.12599945068359375,0.2823678000131622,6619,2369,14693
h8_day01,8,7,True,optimal,0.0,0.06199836730957031,0.23267989998566918,6745,2495,17040
h8_day01,8,8,True,optimal,0.0,0.18400001525878906,0.3440497000119649,6674,2424,14753
h8_day01,8,9,True,optimal,0.0,0.0970001220703125,0.2691309000074398,6663,2413,16931
h8_day01,8,10,True,optimal,0.0,0.20600128173828125,0.36619950001477264,6670,2420,14733
h8_day01,8,11,True,optimal,0.0,0.05699920654296875,0.22604329997557215,6664,2414,16927
h8_day01,8,12,True,optimal,0.0,0.16500091552734375,0.33831700001610443,6652,2402,14683
h8_day01,8,13,True,optimal,0.0,0.08499908447265625,0.24766719999024644,6654,2404,16867
h8_day01,8,14,True,optimal,0.0,0.1490001678466797,0.31212510002660565,6675,2425,14704
h8_day01,8,15,True,optimal,0.0,0.07299995422363281,0.23992260001250543,6722,2472,16948
h8_day01,8,16,True,optimal,0.0,0.14500045776367188,0.30216660001315176,6716,2466,14725
h8_day01,8,17,True,optimal,0.0,0.06699943542480469,0.2451623999804724,6717,2467,16858
h8_day01,8,18,True,optimal,0.0,0.14599990844726562,0.31836410000687465,6717,2467,14687
h8_day01,8,19,True,optimal,0.0,0.07899856567382812,0.24118819998693652,6834,2584,16995
h8_day01,8,20,True,optimal,0.0,0.16500091552734375,0.3371970999869518,6818,2568,14804
h8_day01,8,21,True,optimal,0.0,0.10700035095214844,0.27437210001517087,6745,2495,16867
h8_day01,8,22,True,optimal,0.0,0.15800094604492188,0.31441869999980554,6760,2510,14717
h8_day01,8,23,True,optimal,0.0,0.08900070190429688,0.26015109999570996,6800,2550,16884
h8_day01,8,24,True,optimal,0.0,0.15700149536132812,0.3369417999929283,6720,2470,14628
h8_day01,8,25,True,optimal,0.0,0.08300018310546875,0.2512797999952454,6756,2506,16824
h8_day01,8,26,True,optimal,0.0,0.16300010681152344,0.3168312000052538,6685,2435,14554
h8_day01,8,27,True,optimal,0.0,0.08299827575683594,0.2623489999969024,6655,2405,16624
h8_day01,8,28,True,optimal,0.0,0.18900108337402344,0.3473511000047438,6761,2511,14590
h8_day01,8,29,True,optimal,0.0,0.10099983215332031,0.2697129999869503,6805,2555,16764
h8_day01,8,30,True,optimal,0.0,0.2579994201660156,0.441593900002772,7053,2803,14936
h8_day01,8,31,True,optimal,0.0,0.16900062561035156,0.34477290001814254,7209,2959,17241
h8_day01,8,32,True,optimal,0.0,0.2780017852783203,0.4444913999759592,7192,2942,15104
h8_day01,8,33,True,optimal,0.0,0.18200111389160156,0.36366949998773634,7332,3082,17390
h8_day01,8,34,True,optimal,0.0,0.2819995880126953,0.45725150001817383,7437,3187,15402
h8_day01,8,35,True,optimal,0.0,0.2690010070800781,0.4776881000143476,7768,3518,17926
h8_day01,8,36,True,optimal,0.0,0.39100074768066406,0.5783741000050213,8032,3782,16084
h8_day01,8,37,True,optimal,0.0,0.28600120544433594,0.48197870000149123,8053,3803,18182
h8_day01,8,38,True,optimal,0.0,0.4389991760253906,0.63014620001195,8213,3963,16273
h8_day01,8,39,True,optimal,0.0,0.4109992980957031,0.6111490000039339,8389,4139,18578
h8_day01,8,40,True,optimal,0.0,0.5929985046386719,0.8223192000004929,8671,4421,16809
h8_day01,8,41,True,optimal,0.0,6.706998825073242,6.921760400000494,8921,4671,19198
h8_day01,8,42,True,optimal,0.0,4.783000946044922,5.001737100013997,8835,4585,16918
h8_day01,8,43,True,optimal,9.889292960051819e-05,25.68600082397461,26.00811560000875,8988,4738,19126
h8_day01,8,44,True,optimal,0.0,3.3909988403320312,3.618676800018875,9209,4959,17295
h8_day01,8,45,True,time_limit,0.0006030383087590197,120.00199890136719,120.39564180001616,9417,5167,19556
h8_day01,8,46,True,optimal,0.0,3.1949996948242188,3.4784034000185784,9220,4970,17183
h8_day01,8,47,True,optimal,4.241128521303338e-06,4.0019989013671875,4.29541339998832,9373,5123,19293
h8_day01,8,48,True,time_limit,0.006857078221394979,120.01200103759766,120.46862759999931,9562,5312,17477
h8_day01,8,49,True,time_limit,0.0064936242345377745,120.34299850463867,120.62288869998883,9680,5430,19509
h8_day01,8,50,True,time_limit,0.0049887741720255115,120.00200080871582,120.4122623000003,9499,5249,17202
h8_day01,8,51,True,time_limit,0.0011699093908698309,120.00199890136719,120.47343250000267,9434,5184,18958
h8_day01,8,52,True,time_limit,0.01862171368284778,120.00300025939941,120.33234290001565,9391,5141,16893
h8_day01,8,53,True,time_limit,0.01142640672140364,120.00200080871582,120.3332835000183,9220,4970,18515
h8_day01,8,54,True,time_limit,0.00435288801089649,120.00299835205078,120.30560419999529,9115,4865,16373
h8_day01,8,55,True,time_limit,0.003552389909685567,120.00799942016602,120.3705317999993,9372,5122,18313
h8_day01,8,56,True,time_limit,0.0023833505570673547,120.00200080871582,120.4460226999945,9622,5372,16827
h8_day01,8,57,True,time_limit,0.017145248887120625,120.24399948120117,120.55909470000188,9537,5287,18352
h8_day01,8,58,True,time_limit,0.0025919716762441416,120.00399971008301,120.36872359999688,9237,4987,16175
h8_day01,8,59,True,time_limit,0.03756755507434877,120.01599884033203,120.48820849999902,9748,5498,18448
h8_day01,8,60,True,time_limit,0.027139628182544236,120.00399971008301,120.38115760000073,9853,5603,16885
h8_day01,8,61,True,time_limit,0.03597022422487757,120.2400016784668,120.49870669998927,9872,5622,18450
h8_day01,8,62,True,time_limit,0.0243218903976541,120.01399993896484,120.39629710000008,9650,5400,16404
h8_day01,8,63,True,time_limit,0.03848074294829776,120.2810001373291,120.56548300001305,9663,5413,17906
h8_day01,8,64,True,time_limit,0.04133744614692072,120.02300071716309,120.33987669998896,9608,5358,16182
h8_day01,8,65,True,time_limit,0.03744951216823098,120.36899948120117,120.62834960001055,9250,5000,17180
h8_day01,8,66,True,time_limit,0.0892798619663139,120.23899841308594,120.48151510002208,9562,5312,16043
h8_day01,8,67,True,time_limit,0.03082198518484327,120.17400169372559,120.41392780002207,9493,5243,17082
h8_day01,8,68,True,time_limit,0.08648458243589742,120.01200103759766,120.42466039999272,9888,5638,16153
h8_day01,8,69,True,time_limit,0.0452810920775561,120.01500129699707,120.45222249999642,10050,5800,17635
h8_day01,8,70,True,time_limit,0.09655765576099949,120.0049991607666,120.35716839999077,9499,5249,15420
h8_day01,8,71,True,time_limit,0.03223420345395267,120.00399971008301,120.30454839998856,9421,5171,16486
h8_day01,8,72,True,time_limit,0.09588556638012134,120.00399971008301,120.39870489999885,9870,5620,15748
h8_day01,8,73,True,time_limit,0.033022349703590505,120.00199890136719,120.25415749999229,9797,5547,16713
h8_day01,8,74,True,time_limit,0.08706626258192622,120.01300048828125,120.36998469999526,9889,5639,15566
h8_day01,8,75,True,time_limit,0.06155241272484321,120.00399971008301,120.43302399999811,9555,5305,16248
h8_day01,8,76,True,time_limit,0.09656376652771254,120.00600051879883,120.43235129999812,9161,4911,14287
h8_day01,8,77,True,time_limit,0.039288227880994855,120.00200080871582,120.29383969999617,8948,4698,15099
h8_day01,8,78,True,time_limit,0.0777523722245534,120.29300117492676,120.50105040002381,9181,4931,14215
h8_day01,8,79,True,time_limit,0.03365459415014888,120.21399879455566,120.43722669998533,9165,4915,15231
h8_day01,8,80,True,time_limit,0.059132394599491614,120.26199913024902,120.48685290000867,8974,4724,13656
h8_day01,8,81,True,time_limit,0.011872151410919261,120.18899917602539,120.45014440000523,9038,4788,14734
h8_day01,8,82,True,time_limit,0.07123378519903917,120.00399971008301,120.38776149999467,8914,4664,13340
h8_day01,8,83,True,optimal,7.603221040171273e-05,18.09600067138672,18.32398290000856,8978,4728,14244
h8_day01,8,84,True,time_limit,0.03211606929218301,120.00300025939941,120.32455759998993,8829,4579,12989
h8_day01,8,85,True,time_limit,0.003709820515317655,120.00300025939941,120.34951929998351,9047,4797,14059
h8_day01,8,86,True,time_limit,0.01177049810233813,120.00299835205078,120.31812569999602,8704,4454,12577
h8_day01,8,87,True,optimal,0.0,58.47100067138672,58.757965500000864,8753,4503,13325
h8_day01,8,88,True,time_limit,0.009388596988212053,120.39799880981445,120.60778450002545,8435,4185,11847
h8_day01,8,89,True,optimal,9.999333386460896e-05,81.61400032043457,81.84675620001508,8099,3849,12027
h8_day01,8,90,True,time_limit,0.0004434778329048169,120.00299835205078,120.37454379998962,8238,3988,11466
h8_day01,8,91,True,optimal,8.457666117217965e-05,67.40999984741211,67.69118999998318,8178,3928,11946
h8_day01,8,92,True,time_limit,0.007672072370388663,120.00500106811523,120.49140220001573,7736,3486,10655
h8_day01,8,93,True,optimal,9.069010186987156e-06,4.52400016784668,4.7321188999922015,6983,2733,9913
h8_day01,8,94,True,optimal,0.0,11.892999649047852,12.216807400021935,7031,2781,9412
h8_day01,8,95,True,optimal,0.0,1.0849990844726562,1.3006407999782823,6847,2597,9493
h8_day01,8,96,False,optimal,8.410748501233916e-05,1.5990009307861328,1.7993605000083335,6522,2272,8511
h8_day01,8,97,False,optimal,0.0,0.5839996337890625,0.779041400004644,6237,1987,8455
h8_day01,8,98,False,optimal,0.0,0.5100002288818359,0.7100329000095371,5985,1735,7655
h8_day01,8,99,False,optimal,0.0,0.36300086975097656,0.5259848000132479,6084,1834,8106
h8_day01,8,100,False,optimal,0.0,0.5069999694824219,0.6397241999802645,5903,1653,7434
h8_day01,8,101,False,optimal,5.95364333072085e-05,0.4780006408691406,0.6304566999897361,5801,1551,7565
h8_day01,8,102,False,optimal,0.0,0.5279998779296875,0.6563020999892615,5672,1422,7008
h8_day01,8,103,False,optimal,8.81870430425068e-05,0.5860004425048828,0.6999551999906544,5699,1449,7265
h8_day01,8,104,False,optimal,2.5608515348891754e-06,0.6040000915527344,0.7201915999758057,5613,1363,6888
h8_day01,8,105,False,optimal,0.0,0.44499969482421875,0.5668739999819081,5578,1328,7071
h8_day01,8,106,False,optimal,0.0,0.5939998626708984,0.7007955999870319,5468,1218,6636
h8_day01,8,107,False,optimal,0.0,0.3080005645751953,0.49672470000223257,5370,1120,6704
h8_day01,8,108,False,optimal,7.860460182696864e-05,0.417999267578125,0.5476598000095692,5452,1202,6539
h8_day01,8,109,False,optimal,0.0,0.28800010681152344,0.4643666000047233,5271,1021,6414
h8_day01,8,110,False,optimal,0.0,0.3079986572265625,0.45544190000509843,5134,884,6024
h8_day01,8,111,False,optimal,0.0,0.2149982452392578,0.3651491999917198,4930,680,5806
h8_day01,8,112,False,optimal,0.0,0.27700042724609375,0.38995820001582615,4955,705,5664
h8_day01,8,113,False,optimal,0.0,0.23399925231933594,0.48206389998085797,4938,688,5729
h8_day01,8,114,False,optimal,0.0,0.2759990692138672,0.39609629998449236,4955,705,5598
h8_day01,8,115,False,optimal,0.0,0.21500015258789062,0.30162709997966886,4899,649,5630
h8_day01,8,116,False,optimal,0.0,0.2589988708496094,0.3699690999928862,4721,471,5266
h8_day01,8,117,False,optimal,0.0,0.26799964904785156,0.42180010001175106,4768,518,5382
h8_day01,8,118,False,optimal,0.0,0.22100067138671875,0.3356750999810174,4825,575,5359
h8_day01,8,119,False,optimal,0.0,0.17799949645996094,0.2630825999949593,4703,453,5293
h8_day01,8,120,False,optimal,0.0,0.21199989318847656,0.3043857000011485,4753,503,5263
h8_day01,8,121,False,optimal,0.0,0.15800094604492188,0.2502999000134878,4733,483,5315
h8_day01,8,122,False,optimal,0.0,0.1680011749267578,0.26281509999535047,4703,453,5166
h8_day01,8,123,False,optimal,0.0,0.10899925231933594,0.19540719999349676,4661,411,5142
h8_day01,8,124,False,optimal,0.0,0.18799972534179688,0.27893940001376905,4641,391,5051
h8_day01,8,125,False,optimal,0.0,0.17099952697753906,0.25643760000821203,4662,412,5131
h8_day01,8,126,False,optimal,4.7602710222989946e-05,0.18600082397460938,0.2894273000129033,4631,381,5025
h8_day01,8,127,False,optimal,0.0,0.1340007781982422,0.20538400000077672,4616,366,5066
h8_day01,8,128,False,optimal,0.0,0.13899993896484375,0.277130100002978,4576,326,4950
h8_day01,8,129,False,optimal,0.0,0.10400009155273438,0.19951360000413842,4623,373,5071
h8_day01,8,130,False,optimal,0.0,0.11200141906738281,0.18698520000907592,4637,387,5013
h8_day01,8,131,False,optimal,0.0,0.08100128173828125,0.15393040000344627,4608,358,5038
h8_day01,8,132,False,optimal,0.0,0.12800025939941406,0.22679190000053495,4584,334,4916
h8_day01,8,133,False,optimal,0.0,0.11899948120117188,0.20629779997398145,4505,255,4867
h8_day01,8,134,False,optimal,0.0,0.1270008087158203,0.28265469998586923,4586,336,4905
h8_day01,8,135,False,optimal,0.0,0.20099830627441406,0.2807711999921594,4619,369,4989
h8_day01,8,136,False,optimal,0.0,0.13199996948242188,0.21957950000069104,4571,321,4871
h8_day01,8,137,False,optimal,0.0,0.08300018310546875,0.16216020000865683,4594,344,4953
h8_day01,8,138,False,optimal,0.0,0.11800003051757812,0.22583479998866096,4650,400,4963
h8_day01,8,139,False,optimal,0.0,0.05300140380859375,0.13675899998634122,4598,348,4916
h8_day01,8,140,False,optimal,0.0,0.12100028991699219,0.2175944999908097,4592,342,4866
h8_day01,8,141,False,optimal,0.0,0.10599899291992188,0.18636250001145527,4464,214,4713
h8_day01,8,142,False,optimal,0.0,0.06699943542480469,0.16892640001606196,4363,113,4535
h8_day01,8,143,False,optimal,0.0,0.06099891662597656,0.14763579997816123,4309,59,4484
h8_day01,8,144,False,optimal,0.0,0.034999847412109375,0.09844840000732802,4309,59,4462
h8_day01,8,145,False,optimal,0.0,0.04300117492675781,0.10519800000474788,4309,59,4484
h8_day01,8,146,False,optimal,0.0,0.055999755859375,0.12777430002461188,4332,82,4489
h8_day01,8,147,False,optimal,0.0,0.05800056457519531,0.14085480000358075,4355,105,4538
h8_day01,8,148,False,optimal,0.0,0.069000244140625,0.1808039000025019,4353,103,4515
h8_day01,8,149,False,optimal,0.0,0.036998748779296875,0.12744130002101883,4327,77,4468
h8_day01,8,150,False,optimal,0.0,0.05900001525878906,0.1371050000016112,4350,100,4484
h8_day01,8,151,False,optimal,0.0,0.034000396728515625,0.134086500009289,4350,100,4495
h8_day01,8,152,False,optimal,0.0,0.0279998779296875,0.0971494999830611,4350,100,4484
h8_day01,8,153,False,optimal,0.0,0.02700042724609375,0.11187739999149926,4299,49,4434
h8_day37,8,0,True,optimal,0.0,0.2049999237060547,0.3944379999884404,6526,2276,14515
h8_day37,8,1,True,optimal,0.0,0.07900047302246094,0.2716622000152711,6614,2364,16821
h8_day37,8,2,True,optimal,0.0,0.18799972534179688,0.35968559997854754,6564,2314,14561
h8_day37,8,3,True,optimal,0.0,0.07500076293945312,0.25648179999552667,6633,2383,16843
h8_day37,8,4,True,optimal,0.0,0.1420001983642578,0.31454660001327284,6471,2221,14454
h8_day37,8,5,True,optimal,0.0,0.07600021362304688,0.36404300000867806,6546,2296,16741
h8_day37,8,6,True,optimal,0.0,0.2409992218017578,0.4585807000112254,6552,2302,14546
h8_day37,8,7,True,optimal,0.0,0.1289997100830078,0.3450502000050619,6656,2406,16867
h8_day37,8,8,True,optimal,0.0,0.2440013885498047,0.4353279000206385,6611,2361,14614
h8_day37,8,9,True,optimal,0.0,0.07000160217285156,0.3137288999860175,6586,2336,16778
h8_day37,8,10,True,optimal,0.0,0.18700027465820312,0.3880862999940291,6589,2339,14580
h8_day37,8,11,True,optimal,0.0,0.11800003051757812,0.33943059999728575,6695,2445,16907
h8_day37,8,12,True,optimal,0.0,0.17799949645996094,0.46745340002235025,6540,2290,14514
h8_day37,8,13,True,optimal,0.0,0.07399940490722656,0.3348563000035938,6540,2290,16714
h8_day37,8,14,True,optimal,0.0,0.25300025939941406,0.45725609999499284,6604,2354,14592
h8_day37,8,15,True,optimal,0.0,0.09099960327148438,0.2891005999990739,6634,2384,16827
h8_day37,8,16,True,optimal,0.0,0.2110004425048828,0.40757989999838173,6587,2337,14543
h8_day37,8,17,True,optimal,0.0,0.13899993896484375,0.35083860001759604,6627,2377,16737
h8_day37,8,18,True,optimal,0.0,0.27700042724609375,0.48984580000978895,6646,2396,14579
h8_day37,8,19,True,optimal,0.0,0.108001708984375,0.316812300006859,6607,2357,16705
h8_day37,8,20,True,optimal,0.0,0.19900131225585938,0.4295134000130929,6581,2331,14471
h8_day37,8,21,True,optimal,0.0,0.10400009155273438,0.35664990000077523,6628,2378,16693
h8_day37,8,22,True,optimal,0.0,0.24399948120117188,0.48387619998538867,6613,2363,14514
h8_day37,8,23,True,optimal,0.0,0.09999847412109375,0.45860710000852123,6624,2374,16652
h8_day37,8,24,True,optimal,0.0,0.24699974060058594,0.5554451000061817,6644,2394,14519
h8_day37,8,25,True,optimal,0.0,0.12599945068359375,0.4486167999857571,6706,2456,16713
h8_day37,8,26,True,optimal,0.0,0.2520008087158203,0.49794199998723343,6702,2452,14556
h8_day37,8,27,True,optimal,0.0,0.1510009765625,0.4280795000086073,6825,2575,16846
h8_day37,8,28,True,optimal,0.0,0.2550010681152344,0.4898109000059776,6800,2550,14670
h8_day37,8,29,True,optimal,0.0,0.19699859619140625,0.454225099994801,6978,2728,17028
h8_day37,8,30,True,optimal,0.0,0.27300071716308594,0.47839679999742657,6969,2719,14870
h8_day37,8,31,True,optimal,0.0,0.26599884033203125,0.5024938999849837,7210,2960,17259
h8_day37,8,32,True,optimal,0.0,0.4050006866455078,0.6240990000078455,7465,3215,15430
h8_day37,8,33,True,optimal,0.0,0.319000244140625,0.567533800000092,7557,3307,17668
h8_day37,8,34,True,optimal,0.0,0.46000099182128906,0.7149239999998827,7751,3501,15761
h8_day37,8,35,True,optimal,0.0,0.38700103759765625,0.6527370999974664,7728,3478,17864
h8_day37,8,36,True,optimal,0.0,0.4759998321533203,0.7491073999844957,7896,3646,15925
h8_day37,8,37,True,optimal,0.0,0.41400146484375,0.6553502999886405,7852,3602,18001
h8_day37,8,38,True,optimal,0.0,0.5549983978271484,0.8615332999906968,8151,3901,16225
h8_day37,8,39,True,optimal,0.0,0.41500091552734375,0.6767038000107277,8213,3963,18391
h8_day37,8,40,True,optimal,0.0,0.6619987487792969,0.8885378000268247,8268,4018,16259
h8_day37,8,41,True,optimal,0.0,0.5480003356933594,0.8439047000138089,8472,4222,18554
h8_day37,8,42,True,optimal,0.0,0.8049983978271484,1.0711165000102483,8712,4462,16757
h8_day37,8,43,True,optimal,0.0,0.7250003814697266,1.0483651999966241,8923,4673,19100
h8_day37,8,44,True,time_limit,0.009719184360351145,120.00200080871582,120.4139638999768,8914,4664,16967
h8_day37,8,45,True,time_limit,0.010009451782612718,120.00300025939941,120.4948904000048,9041,4791,19192
h8_day37,8,46,True,time_limit,0.012312494577712694,120.0049991607666,120.58607109999866,9335,5085,17472
h8_day37,8,47,True,time_limit,0.012261010076819524,120.00800132751465,120.5676739999908,9703,5453,19941
h8_day37,8,48,True,time_limit,0.015083025796118118,120.00900077819824,120.55750209998223,9528,5278,17608
h8_day37,8,49,True,time_limit,0.014771128670204733,120.00300025939941,120.47495299999719,9496,5246,19529
h8_day37,8,50,True,time_limit,0.011407508442141397,120.00600051879883,120.57652619999135,9574,5324,17541
h8_day37,8,51,True,time_limit,0.012378885407710314,120.00199890136719,120.45028579997597,9714,5464,19634
h8_day37,8,52,True,time_limit,0.019939081078821454,120.00899887084961,120.54026880001766,9884,5634,17838
h8_day37,8,53,True,time_limit,0.014907054039297148,120.00300025939941,120.43509780001477,9956,5706,19838
h8_day37,8,54,True,time_limit,0.01297613860537507,120.16900062561035,120.44026919998578,9436,5186,17010
h8_day37,8,55,True,time_limit,0.012812275056468113,120.01300048828125,120.39834790001623,9345,5095,18738
h8_day37,8,56,True,time_limit,0.024199463639731415,120.00699996948242,120.43835149999359,9587,5337,17112
h8_day37,8,57,True,time_limit,0.0017311950093062448,120.00300025939941,120.52694540002267,9576,5326,18809
h8_day37,8,58,True,time_limit,0.009559320594579845,120.00800132751465,120.58940569998231,9445,5195,16644
h8_day37,8,59,True,time_limit,0.010029945198996418,120.01399993896484,120.53076249998412,9533,5283,18507
h8_day37,8,60,True,time_limit,0.03982563591476611,120.02300071716309,120.63566689999425,9897,5647,17147
h8_day37,8,61,True,time_limit,0.01715744955439261,120.01399993896484,120.45294940000167,9570,5320,18281
h8_day37,8,62,True,time_limit,0.026116311950058757,120.26700019836426,120.58308360000956,9733,5483,16714
h8_day37,8,63,True,time_limit,0.020218405090851186,120.01200103759766,120.376099599991,9689,5439,18326
h8_day37,8,64,True,time_limit,0.05247136647475339,120.21100044250488,120.45394599999418,9808,5558,16625
h8_day37,8,65,True,time_limit,0.05698388095914842,120.19099998474121,120.43538890001946,9934,5684,18285
h8_day37,8,66,True,time_limit,0.05520886730782734,120.0270004272461,120.41994089999935,9393,5143,15877
h8_day37,8,67,True,time_limit,0.005656631454803976,120.00300025939941,120.30926420001197,9476,5226,17425
h8_day37,8,68,True,time_limit,0.0705357951451941,120.02200126647949,120.44534830001066,9586,5336,15970
h8_day37,8,69,True,time_limit,0.07018727350178029,120.01300048828125,120.46868669998366,9710,5460,17382
h8_day37,8,70,True,time_limit,0.11087267669625686,120.18099975585938,120.40652499999851,9840,5590,15997
h8_day37,8,71,True,time_limit,0.02853422573241035,120.02300071716309,120.37141600000905,9749,5499,17029
h8_day37,8,72,True,time_limit,0.06536847101362522,120.00299835205078,120.39987749999273,8996,4746,14585
h8_day37,8,73,True,time_limit,0.054078947919902975,120.30399894714355,120.63829810000607,9545,5295,16457
h8_day37,8,74,True,time_limit,0.11206828337031678,120.12600135803223,120.56123750002007,9702,5452,15321
h8_day37,8,75,True,time_limit,0.05717497975209015,120.26999855041504,120.50314939999953,9554,5304,16094
h8_day37,8,76,True,time_limit,0.11701806420336078,120.01799964904785,120.41797180002322,9620,5370,14869
h8_day37,8,77,True,time_limit,0.04105429125642624,120.00699996948242,120.33357340001385,9466,5216,15617
h8_day37,8,78,True,time_limit,0.03926883098280615,120.00399971008301,120.27702929999214,9485,5235,14369
h8_day37,8,79,True,time_limit,0.01988428752840356,120.00399971008301,120.3361815000244,9294,5044,15130
h8_day37,8,80,True,time_limit,0.07989880160700646,120.06500053405762,120.48286940000253,9575,5325,14368
h8_day37,8,81,True,time_limit,0.019666018589756723,120.01299858093262,120.40317209999193,9628,5378,15314
h8_day37,8,82,True,time_limit,0.10160833070475281,120.01200103759766,120.41581320000114,9742,5492,14317
h8_day37,8,83,True,time_limit,0.025580348652812838,120.00799942016602,120.32815349998418,9266,5016,14452
h8_day37,8,84,True,time_limit,0.0469327041007511,120.01799964904785,120.30379440000979,8882,4632,12879
h8_day37,8,85,True,optimal,0.0,5.465999603271484,5.659612699993886,8468,4218,12978
h8_day37,8,86,True,optimal,5.323718900277522e-05,14.894998550415039,15.090224599989597,7993,3743,11386
h8_day37,8,87,True,optimal,0.0,7.130998611450195,7.327253099996597,8040,3790,12049
h8_day37,8,88,True,optimal,8.944696024432559e-05,111.90099906921387,112.15684189999592,8046,3796,11195
h8_day37,8,89,True,optimal,0.0,3.851999282836914,4.035387100011576,7931,3681,11629
h8_day37,8,90,True,time_limit,0.0025684442023499393,120.00399971008301,120.3099487000145,7588,3338,10376
h8_day37,8,91,True,optimal,0.0,2.805999755859375,2.961876300018048,7339,3089,10557
h8_day37,8,92,True,optimal,2.223679880058328e-05,11.28700065612793,11.477747500000987,7229,2979,9778
h8_day37,8,93,True,optimal,0.0,2.5049991607666016,2.7264454000105616,7159,2909,10165
h8_day37,8,94,True,optimal,0.0,3.2910003662109375,3.4388636000221595,7203,2953,9578
h8_day37,8,95,True,optimal,0.0,1.0109996795654297,1.151486400020076,6774,2524,9381
h8_day37,8,96,False,optimal,5.691918496417775e-05,5.638999938964844,5.781610500009265,6397,2147,8347
h8_day37,8,97,False,optimal,0.0,1.2439994812011719,1.3951270000252407,5991,1741,8051
h8_day37,8,98,False,optimal,0.0,1.36199951171875,1.4772929000027943,6032,1782,7620
h8_day37,8,99,False,optimal,0.0,0.8670005798339844,0.9748226999945473,6166,1916,8126
h8_day37,8,100,False,optimal,0.0,0.7950000762939453,0.9096984000061639,6057,1807,7634
h8_day37,8,101,False,optimal,1.0249925179015185e-06,0.6599998474121094,0.7558222999796271,5681,1431,7380
h8_day37,8,102,False,optimal,0.0,0.5080013275146484,0.6010753999871667,5579,1329,6860
h8_day37,8,103,False,optimal,0.0,0.319000244140625,0.40595380001468584,5397,1147,6791
h8_day37,8,104,False,optimal,0.0,0.33500099182128906,0.4844888999941759,5257,1007,6254
h8_day37,8,105,False,optimal,0.0,0.2579994201660156,0.34533250000094995,5143,893,6216
h8_day37,8,106,False,optimal,0.0,0.26799964904785156,0.3373190999845974,4845,595,5563
h8_day37,8,107,False,optimal,0.0,0.2259998321533203,0.30400159998680465,4843,593,5593
h8_day37,8,108,False,optimal,0.0,0.24599838256835938,0.3177162999927532,4836,586,5433
h8_day37,8,109,False,optimal,0.0,0.26000022888183594,0.33115330000873655,4928,678,5651
h8_day37,8,110,False,optimal,0.0,0.21300125122070312,0.283214199997019,4932,682,5534
h8_day37,8,111,False,optimal,0.0,0.2049999237060547,0.27699010001379065,4948,698,5662
h8_day37,8,112,False,optimal,0.0,0.18199920654296875,0.24922030000016093,4812,562,5361
h8_day37,8,113,False,optimal,0.0,0.108001708984375,0.17511370001011528,4715,465,5339
h8_day37,8,114,False,optimal,0.0,0.1700000762939453,0.233718699979363,4675,425,5130
h8_day37,8,115,False,optimal,0.0,0.1700000762939453,0.23452040000120178,4651,401,5172
h8_day37,8,116,False,optimal,0.0,0.125,0.1848980000067968,4585,335,4989
h8_day37,8,117,False,optimal,0.0,0.08800125122070312,0.14699159999145195,4584,334,5049
h8_day37,8,118,False,optimal,0.0,0.08699989318847656,0.14527540002018213,4516,266,4869
h8_day37,8,119,False,optimal,0.0,0.06599998474121094,0.12722709999070503,4535,285,4947
h8_day37,8,120,False,optimal,0.0,0.12000083923339844,0.17965830001048744,4595,345,4961
h8_day37,8,121,False,optimal,0.0,0.15200042724609375,0.21591229998739436,4570,320,4974
h8_day37,8,122,False,optimal,0.0,0.16100120544433594,0.22223630000371486,4592,342,4945
h8_day37,8,123,False,optimal,0.0,0.09999847412109375,0.16242370000691153,4554,304,4953
h8_day37,8,124,False,optimal,0.0,0.07900047302246094,0.1409091000095941,4551,301,4892
h8_day37,8,125,False,optimal,0.0,0.08499908447265625,0.1492148000106681,4523,273,4909
h8_day37,8,126,False,optimal,0.0,0.09399986267089844,0.1607631000224501,4572,322,4908
h8_day37,8,127,False,optimal,0.0,0.10999870300292969,0.17072010002448224,4537,287,4903
h8_day37,8,128,False,optimal,0.0,0.09000015258789062,0.15054450000752695,4534,284,4846
h8_day37,8,129,False,optimal,0.0,0.05800056457519531,0.11682760002440773,4436,186,4709
h8_day37,8,130,False,optimal,0.0,0.05999946594238281,0.12219250001362525,4465,215,4709
h8_day37,8,131,False,optimal,0.0,0.07299995422363281,0.13100680001662113,4462,212,4736
h8_day37,8,132,False,optimal,0.0,0.10999870300292969,0.17135030002100393,4476,226,4711
h8_day37,8,133,False,optimal,0.0,0.07799911499023438,0.1375830000033602,4457,207,4715
h8_day37,8,134,False,optimal,0.0,0.06500053405761719,0.12557919998653233,4330,80,4499
h8_day37,8,135,False,optimal,0.0,0.025999069213867188,0.08552399999462068,4330,80,4521
h8_day37,8,136,False,optimal,0.0,0.04599952697753906,0.10061839999980293,4353,103,4526
h8_day37,8,137,False,optimal,0.0,0.04500007629394531,0.10321939998539165,4434,184,4641
h8_day37,8,138,False,optimal,0.0,0.08300018310546875,0.14213639998342842,4431,181,4613
h8_day37,8,139,False,optimal,0.0,0.03800010681152344,0.09408469998743385,4425,175,4629
h8_day37,8,140,False,optimal,0.0,0.05100059509277344,0.11249679999309592,4350,100,4484
h8_day37,8,141,False,optimal,0.0,0.021999359130859375,0.0802057999826502,4350,100,4495
h8_day37,8,142,False,optimal,0.0,0.03800010681152344,0.09521959998528473,4350,100,4484
h8_day37,8,143,False,optimal,0.0,0.026998519897460938,0.08300390001386404,4299,49,4434
h8_day03,8,0,True,optimal,0.0,0.2240009307861328,0.4145942000031937,6599,2349,14638
h8_day03,8,1,True,optimal,0.0,0.0970001220703125,0.27294759999495,6782,2532,17052
h8_day03,8,2,True,optimal,0.0,0.23999977111816406,0.40037700001266785,6875,2625,14962
h8_day03,8,3,True,optimal,0.0,0.10799980163574219,0.30435799999395385,6939,2689,17237
h8_day03,8,4,True,optimal,0.0,0.15800094604492188,0.3162479999882635,6760,2510,14826
h8_day03,8,5,True,optimal,0.0,0.05900001525878906,0.2233113999827765,6650,2400,16897
h8_day03,8,6,True,optimal,0.0,0.1600017547607422,0.32658309998805635,6762,2512,14830
h8_day03,8,7,True,optimal,0.0,0.06799888610839844,0.24866039998596534,6736,2486,16989
h8_day03,8,8,True,optimal,0.0,0.16099929809570312,0.32143640000140294,6734,2484,14786
h8_day03,8,9,True,optimal,0.0,0.07700157165527344,0.24486500001512468,6746,2496,16989
h8_day03,8,10,True,optimal,0.0,0.15200042724609375,0.30666550001478754,6706,2456,14740
h8_day03,8,11,True,optimal,0.0,0.08499908447265625,0.24709690001327544,6730,2480,16966
h8_day03,8,12,True,optimal,0.0,0.1830005645751953,0.3454061000084039,6754,2504,14794
h8_day03,8,13,True,optimal,0.0,0.11699867248535156,0.2833466000156477,6751,2501,16992
h8_day03,8,14,True,optimal,0.0,0.1979999542236328,0.36489980001351796,6638,2388,14633
h8_day03,8,15,True,optimal,0.0,0.06999969482421875,0.23384249999071471,6578,2328,16716
h8_day03,8,16,True,optimal,0.0,0.14299964904785156,0.2962505999894347,6436,2186,14308
h8_day03,8,17,True,optimal,0.0,0.03399848937988281,0.19516410000505857,6433,2183,16461
h8_day03,8,18,True,optimal,0.0,0.14500045776367188,0.2979598000238184,6431,2181,14299
h8_day03,8,19,True,optimal,0.0,0.08099937438964844,0.26448169999639504,6440,2190,16422
h8_day03,8,20,True,optimal,0.0,0.16900062561035156,0.3191313999996055,6459,2209,14301
h8_day03,8,21,True,optimal,0.0,0.06499862670898438,0.22151229999144562,6505,2255,16502
h8_day03,8,22,True,optimal,0.0,0.1849994659423828,0.3590196000004653,6629,2379,14501
h8_day03,8,23,True,optimal,0.0,0.10499954223632812,0.270367899996927,6707,2457,16736
h8_day03,8,24,True,optimal,0.0,0.28100013732910156,0.43587449999176897,6779,2529,14678
h8_day03,8,25,True,optimal,0.0,0.16300010681152344,0.3490051999979187,6843,2593,16887
h8_day03,8,26,True,optimal,0.0,0.22800064086914062,0.4053243999951519,6801,2551,14689
h8_day03,8,27,True,optimal,0.0,0.11600112915039062,0.2820289999945089,6827,2577,16821
h8_day03,8,28,True,optimal,0.0,0.2539997100830078,0.440133700001752,6913,2663,14753
h8_day03,8,29,True,optimal,0.0,0.12999916076660156,0.303916599979857,6867,2617,16819
h8_day03,8,30,True,optimal,0.0,0.23799896240234375,0.4029035000130534,6867,2617,14698
h8_day03,8,31,True,optimal,0.0,0.16899871826171875,0.3579635999922175,7108,2858,17106
h8_day03,8,32,True,optimal,0.0,0.3409996032714844,0.5061257999914233,7173,2923,15065
h8_day03,8,33,True,optimal,0.0,0.20800018310546875,0.3861054000153672,7284,3034,17323
h8_day03,8,34,True,optimal,0.0,0.39499855041503906,0.5841957000084221,7527,3277,15459
h8_day03,8,35,True,optimal,0.0,0.26799964904785156,0.45410920001449995,7725,3475,17805
h8_day03,8,36,True,optimal,0.0,0.39299964904785156,0.570555999991484,7761,3511,15693
h8_day03,8,37,True,optimal,0.0,0.3209991455078125,0.5045309000124689,7885,3635,17945
h8_day03,8,38,True,optimal,0.0,0.4460010528564453,0.619652599998517,8060,3810,16052
h8_day03,8,39,True,optimal,0.0,0.3299999237060547,0.5427474000025541,8219,3969,18343
h8_day03,8,40,True,optimal,0.0,0.42799949645996094,0.6147711999947205,8235,3985,16187
h8_day03,8,41,True,optimal,0.0,0.32900047302246094,0.5167695000127424,7944,3694,17901
h8_day03,8,42,True,optimal,0.0,0.49699974060058594,0.6836122999957297,8207,3957,16096
h8_day03,8,43,True,optimal,0.0,0.4119987487792969,0.6243663000059314,8391,4141,18392
h8_day03,8,44,True,optimal,0.0,0.5960006713867188,0.7828397999983281,8618,4368,16562
h8_day03,8,45,True,optimal,0.0,0.47699928283691406,0.685822699975688,8759,4509,18688
h8_day03,8,46,True,optimal,0.0,0.6370010375976562,0.8667998000164516,8912,4662,16813
h8_day03,8,47,True,optimal,0.0,0.5369987487792969,0.7423992000112776,8964,4714,18883
h8_day03,8,48,True,time_limit,0.00027912345694890237,120.00300025939941,120.36411259998567,9176,4926,17081
h8_day03,8,49,True,time_limit,0.0013850457532051136,120.2869987487793,120.54546709998976,9354,5104,19273
h8_day03,8,50,True,time_limit,0.0009463857179119027,120.00200080871582,120.39855039998656,9678,5428,17700
h8_day03,8,51,True,optimal,9.959588875215722e-05,43.29400062561035,43.59942399998545,9774,5524,19732
h8_day03,8,52,True,optimal,0.0,74.91699981689453,75.23622779999278,9493,5243,17291
h8_day03,8,53,True,optimal,0.0,8.409000396728516,8.720252800005255,9630,5380,19359
h8_day03,8,54,True,optimal,0.0,32.60299873352051,32.83507140001166,9645,5395,17386
h8_day03,8,55,True,time_limit,0.0017022774446141303,120.00899887084961,120.3011929000204,9699,5449,19186
h8_day03,8,56,True,time_limit,0.031303571075965264,120.00600051879883,120.36115109999082,9755,5505,17387
h8_day03,8,57,True,time_limit,0.005857711751501866,120.0009994506836,120.36594209997565,9486,5236,18588
h8_day03,8,58,True,time_limit,0.014959987833465234,120.00399971008301,120.43792889997712,9456,5206,16631
h8_day03,8,59,True,time_limit,0.008592715996090827,120.00199890136719,120.41096079998533,9370,5120,18159
h8_day03,8,60,True,time_limit,0.036384059086381836,120.01099967956543,120.36660569999367,10000,5750,17196
h8_day03,8,61,True,time_limit,0.029618328284859795,120.00399971008301,120.34275660000276,9870,5620,18701
h8_day03,8,62,True,time_limit,0.06621406718378231,120.00699996948242,120.4500233999861,10051,5801,17108
h8_day03,8,63,True,time_limit,0.04585819748220253,120.03000068664551,120.50988319999306,10145,5895,18799
h8_day03,8,64,True,time_limit,0.04395404184857811,120.0270004272461,120.54109069998958,10477,6227,17543
h8_day03,8,65,True,time_limit,0.0518300079004081,120.01000022888184,120.46863310001208,10554,6304,19184
h8_day03,8,66,True,time_limit,0.08221219048403502,120.00899887084961,120.4080197000003,10753,6503,17694
h8_day03,8,67,True,time_limit,0.053035673688965404,120.00399971008301,120.45938529999694,10770,6520,19148
h8_day03,8,68,True,time_limit,0.09974008372884262,120.00800132751465,120.27299399999902,10944,6694,17718
h8_day03,8,69,True,time_limit,0.08346665641354509,120.0629997253418,120.5243666000024,10561,6311,18492
h8_day03,8,70,True,time_limit,0.10912297504800837,120.01700019836426,120.36603179998929,10608,6358,16930
h8_day03,8,71,True,time_limit,0.04330778557521971,120.01900100708008,120.36105450001196,10416,6166,17922
h8_day03,8,72,True,time_limit,0.05986797257089978,120.01199913024902,120.44317210000008,10266,6016,16228
h8_day03,8,73,True,time_limit,0.04731088251367876,120.27599906921387,120.49952090001898,9724,5474,16752
h8_day03,8,74,True,time_limit,0.06806918799870929,120.00799942016602,120.39296910000849,9505,5255,14958
h8_day03,8,75,True,time_limit,0.039468060079755465,120.01600074768066,120.36069359999965,9051,4801,15287
h8_day03,8,76,True,time_limit,0.10597736410656892,120.0059986114502,120.37425130000338,9366,5116,14431
h8_day03,8,77,True,time_limit,0.07337438224396281,120.25399971008301,120.54071229998954,9180,4930,15217
h8_day03,8,78,True,time_limit,0.049407097375258835,120.23600006103516,120.45543349999934,8881,4631,13540
h8_day03,8,79,True,time_limit,0.027114425147051292,120.00399971008301,120.30216529997415,8754,4504,14398
h8_day03,8,80,True,time_limit,0.04456039739041058,120.27300071716309,120.48922759998823,9086,4836,13615
h8_day03,8,81,True,time_limit,0.018963003502417433,120.01700019836426,120.30864950001705,9147,4897,14577
h8_day03,8,82,True,time_limit,0.09964138017927796,120.01499938964844,120.37530340001103,9239,4989,13606
h8_day03,8,83,True,time_limit,0.04215015729375199,120.0059986114502,120.31818209998892,9046,4796,14046
h8_day03,8,84,True,time_limit,0.021626917603128983,120.00399971008301,120.24416709999787,8492,4242,12163
h8_day03,8,85,True,optimal,0.0,14.161001205444336,14.419271399994614,8308,4058,12688
h8_day03,8,86,True,time_limit,0.04576721427452913,120.0409984588623,120.35268919999362,8298,4048,11766
h8_day03,8,87,True,time_limit,0.016271204826003707,120.00399971008301,120.32562280001002,8209,3959,12269
h8_day03,8,88,True,optimal,9.128081094144567e-05,3.8069992065429688,4.043620800017379,7927,3677,11027
h8_day03,8,89,True,optimal,0.0,19.075000762939453,19.278862100007245,7781,3531,11310
h8_day03,8,90,True,time_limit,0.031249703614797966,120.01499938964844,120.31713159999344,7607,3357,10457
h8_day03,8,91,True,optimal,0.0,5.611000061035156,5.758978300000308,7235,2985,10247
h8_day03,8,92,True,time_limit,0.013296838871027897,120.00200080871582,120.14538540001377,7279,3029,9718
h8_day03,8,93,True,optimal,4.3813905209075464e-05,8.601999282836914,8.784427899983712,7206,2956,10039
h8_day03,8,94,True,optimal,0.0,6.75,6.931871700013289,7100,2850,9321
h8_day03,8,95,True,optimal,8.22934046324943e-05,2.0010013580322266,2.13539059998584,6942,2692,9459
h8_day03,8,96,False,optimal,0.0,3.802999496459961,3.9334557999973185,6537,2287,8416
h8_day03,8,97,False,optimal,0.0,0.76300048828125,0.8872092999808956,6436,2186,8625
h8_day03,8,98,False,optimal,5.518885916078308e-05,3.082998275756836,3.224314899998717,6473,2223,8262
h8_day03,8,99,False,optimal,0.0,0.7789993286132812,0.8850335000024643,6184,1934,8232
h8_day03,8,100,False,optimal,0.0,0.9920005798339844,1.0940042000147514,6010,1760,7555
h8_day03,8,101,False,optimal,0.0,0.6319999694824219,0.7471394000167493,5933,1683,7676
h8_day03,8,102,False,optimal,8.004438218793738e-05,1.1299991607666016,1.3288636000070255,5868,1618,7151
h8_day03,8,103,False,optimal,0.0,0.49700164794921875,0.5880748000054155,5544,1294,6898
h8_day03,8,104,False,optimal,0.0,0.4029998779296875,0.49429390000295825,5436,1186,6444
h8_day03,8,105,False,optimal,0.0,0.33899879455566406,0.42282879998674616,5501,1251,6730
h8_day03,8,106,False,optimal,0.0,0.7290000915527344,0.8878649999969639,5452,1202,6419
h8_day03,8,107,False,optimal,0.0,0.3229999542236328,0.4086038999957964,5434,1184,6551
h8_day03,8,108,False,optimal,0.0,0.3540000915527344,0.4322106000036001,5358,1108,6201
h8_day03,8,109,False,optimal,0.0,0.1920013427734375,0.27008220000425354,5187,937,6080
h8_day03,8,110,False,optimal,0.0,0.20100021362304688,0.2754467999911867,5141,891,5866
h8_day03,8,111,False,optimal,0.0,0.2049999237060547,0.2820668999920599,4916,666,5677
h8_day03,8,112,False,optimal,0.0,0.19099998474121094,0.25849390000803396,4765,515,5299
h8_day03,8,113,False,optimal,0.0,0.1270008087158203,0.19073849997948855,4684,434,5247
h8_day03,8,114,False,optimal,0.0,0.14299964904785156,0.21109579998301342,4668,418,5092
h8_day03,8,115,False,optimal,0.0,0.1639995574951172,0.23218120000092313,4720,470,5241
h8_day03,8,116,False,optimal,0.0,0.23600006103515625,0.30711279998649843,4824,574,5268
h8_day03,8,117,False,optimal,0.0,0.1810016632080078,0.2427904999931343,4666,416,5089
h8_day03,8,118,False,optimal,0.0,0.14800071716308594,0.2078703999868594,4636,386,4984
h8_day03,8,119,False,optimal,0.0,0.10300064086914062,0.16101070001604967,4636,386,5050
h8_day03,8,120,False,optimal,0.0,0.10599899291992188,0.24079089998849668,4616,366,4957
h8_day03,8,121,False,optimal,0.0,0.10400009155273438,0.16220079999766313,4673,423,5088
h8_day03,8,122,False,optimal,0.0,0.15900039672851562,0.220967599976575,4642,392,4956
h8_day03,8,123,False,optimal,0.0,0.12399864196777344,0.18714080000063404,4614,364,4972
h8_day03,8,124,False,optimal,0.0,0.09900093078613281,0.15709809999680147,4500,250,4777
h8_day03,8,125,False,optimal,0.0,0.06299972534179688,0.19320570002309978,4425,175,4667
h8_day03,8,126,False,optimal,0.0,0.05999946594238281,0.11314370000036433,4425,175,4634
h8_day03,8,127,False,optimal,0.0,0.048000335693359375,0.10978299999260344,4448,198,4694
h8_day03,8,128,False,optimal,0.0,0.08600044250488281,0.14462580002145842,4494,244,4715
h8_day03,8,129,False,optimal,0.0,0.05700111389160156,0.11322329999529757,4464,214,4713
h8_day03,8,130,False,optimal,0.0,0.03900146484375,0.09183769999071956,4309,59,4462
h8_day03,8,131,False,optimal,0.0,0.029998779296875,0.09399349999148399,4309,59,4484
h8_day03,8,132,False,optimal,0.0,0.0279998779296875,0.08108869998250157,4309,59,4462
h8_day03,8,133,False,optimal,0.0,0.024999618530273438,0.07939510000869632,4332,82,4511
h8_day03,8,134,False,optimal,0.0,0.0709991455078125,0.12564949999796227,4355,105,4516
h8_day03,8,135,False,optimal,0.0,0.061000823974609375,0.12010780000127852,4376,126,4564
h8_day03,8,136,False,optimal,0.0,0.06399917602539062,0.11254009997355752,4350,100,4484
h8_day03,8,137,False,optimal,0.0,0.03700065612792969,0.09462150000035763,4350,100,4495
h8_day03,8,138,False,optimal,0.0,0.030000686645507812,0.08388479999848641,4350,100,4484
h8_day03,8,139,False,optimal,0.0,0.022998809814453125,0.07582679999177344,4301,51,4435
h8_day03,8,140,False,optimal,0.0,0.022998809814453125,0.07849119999445975,4301,51,4424
h8_day03,8,141,False,optimal,0.0,0.022001266479492188,0.07372070002020337,4301,51,4435
h8_day03,8,142,False,optimal,0.0,0.017000198364257812,0.07065999999758787,4299,49,4423
h8_day04,8,0,True,optimal,0.0,0.17600059509277344,0.36352070001885295,6451,2201,14183
h8_day04,8,1,True,optimal,0.0,0.09099960327148438,0.2575366999953985,6518,2268,16464
h8_day04,8,2,True,optimal,0.0,0.14999961853027344,0.30124039997463115,6428,2178,14158
h8_day04,8,3,True,optimal,0.0,0.0839996337890625,0.2535032999876421,6636,2386,16607
h8_day04,8,4,True,optimal,0.0,0.11599922180175781,0.27501559999655,6335,2085,14054
h8_day04,8,5,True,optimal,0.0,0.0540008544921875,0.21873630001209676,6316,2066,16227
h8_day04,8,6,True,optimal,0.0,0.1510009765625,0.3139590000209864,6461,2211,14200
h8_day04,8,7,True,optimal,0.0,0.04300117492675781,0.2060803000058513,6367,2117,16280
h8_day04,8,8,True,optimal,0.0,0.11899948120117188,0.26693840001826175,6434,2184,14160
h8_day04,8,9,True,optimal,0.0,0.049999237060546875,0.20486040000105277,6409,2159,16330
h8_day04,8,10,True,optimal,0.0,0.12599945068359375,0.27216610001050867,6409,2159,14130
h8_day04,8,11,True,optimal,0.0,0.07299995422363281,0.23120370000833645,6386,2136,16302
h8_day04,8,12,True,optimal,0.0,0.1399993896484375,0.27885990001959726,6408,2158,14128
h8_day04,8,13,True,optimal,0.0,0.048000335693359375,0.22515270000440069,6348,2098,16255
h8_day04,8,14,True,optimal,0.0,0.15999984741210938,0.2999722999811638,6302,2052,13973
h8_day04,8,15,True,optimal,0.0,0.024000167846679688,0.19134839999605902,6238,1988,16046
h8_day04,8,16,True,optimal,0.0,0.09000015258789062,0.24375130000407808,6238,1988,13868
h8_day04,8,17,True,optimal,0.0,0.03999900817871094,0.20043450000230223,6267,2017,16079
h8_day04,8,18,True,optimal,0.0,0.10199928283691406,0.24823850000393577,6265,2015,13901
h8_day04,8,19,True,optimal,0.0,0.024000167846679688,0.16792750000604428,6239,1989,16010
h8_day04,8,20,True,optimal,0.0,0.10199928283691406,0.24371670000255108,6262,2012,13870
h8_day04,8,21,True,optimal,0.0,0.06699943542480469,0.22098220000043511,6337,2087,16125
h8_day04,8,22,True,optimal,0.0,0.12800025939941406,0.2729447000019718,6365,2115,13991
h8_day04,8,23,True,optimal,0.0,0.035999298095703125,0.1862764999968931,6302,2052,16083
h8_day04,8,24,True,optimal,0.0,0.13699913024902344,0.28149569997913204,6419,2169,14054
h8_day04,8,25,True,optimal,0.0,0.10199928283691406,0.264508799999021,6580,2330,16414
h8_day04,8,26,True,optimal,0.0,0.16099929809570312,0.3108652999799233,6572,2322,14239
h8_day04,8,27,True,optimal,0.0,0.1399993896484375,0.29451189999235794,6683,2433,16539
h8_day04,8,28,True,optimal,0.0,0.22499847412109375,0.37926849999348633,6844,2594,14564
h8_day04,8,29,True,optimal,0.0,0.13699913024902344,0.3126254000235349,6808,2558,16656
h8_day04,8,30,True,optimal,0.0,0.23200035095214844,0.3898330999945756,6963,2713,14691
h8_day04,8,31,True,optimal,0.0,0.19099998474121094,0.3576416000141762,7128,2878,17037
h8_day04,8,32,True,optimal,0.0,0.2720012664794922,0.4463134999969043,7213,2963,14976
h8_day04,8,33,True,optimal,0.0,0.19299888610839844,0.36694550001993775,7300,3050,17186
h8_day04,8,34,True,optimal,0.0,0.30900001525878906,0.464247299998533,7350,3100,15099
h8_day04,8,35,True,optimal,0.0,0.29400062561035156,0.5034371999790892,7681,3431,17628
h8_day04,8,36,True,optimal,0.0,0.4459991455078125,0.6214695000089705,8068,3818,15904
h8_day04,8,37,True,optimal,0.0,0.3659992218017578,0.5697661000012886,8114,3864,18082
h8_day04,8,38,True,optimal,0.0,0.44700050354003906,0.6116825999924913,8080,3830,15824
h8_day04,8,39,True,optimal,0.0,0.31999969482421875,0.49767709997831844,8203,3953,18052
h8_day04,8,40,True,optimal,0.0,0.5209999084472656,0.7042224999750033,8546,4296,16349
h8_day04,8,41,True,optimal,0.0,0.4230003356933594,0.616695200005779,8545,4295,18416
h8_day04,8,42,True,optimal,0.0,0.6149997711181641,0.8295635000104085,8782,4532,16569
h8_day04,8,43,True,optimal,0.0,0.6389999389648438,0.8529480999859516,9048,4798,18914
h8_day04,8,44,True,optimal,0.0,0.7049999237060547,0.9271772999782115,9102,4852,16847
h8_day04,8,45,True,optimal,0.0,0.5440006256103516,0.7476848000078462,9179,4929,18906
h8_day04,8,46,True,optimal,0.0,0.8090000152587891,1.0016572999884374,9179,4929,16867
h8_day04,8,47,True,optimal,8.622599344674806e-05,65.44999885559082,65.71655559999635,9233,4983,18917
h8_day04,8,48,True,optimal,9.997575401356249e-05,120.0009994506836,120.34297920000972,9159,4909,16692
h8_day04,8,49,True,optimal,9.912825738639218e-05,28.3070011138916,28.582975700002862,8961,4711,18265
h8_day04,8,50,True,time_limit,0.011514436504291644,120.00799942016602,120.42567920000874,9011,4761,16342
h8_day04,8,51,True,time_limit,0.0038723431179678645,120.00600051879883,120.32063559998642,8656,4406,17716
h8_day04,8,52,True,time_limit,0.03788226101292562,120.28600120544434,120.51121779999812,8897,4647,16065
h8_day04,8,53,True,time_limit,0.006380787736544888,120.18199920654297,120.40051480001421,9046,4796,18021
h8_day04,8,54,True,time_limit,0.01711797672659999,120.01600074768066,120.40079080002033,9242,4992,16301
h8_day04,8,55,True,time_limit,0.001162071443970001,120.00200080871582,120.31979189999402,8819,4569,17479
h8_day04,8,56,True,time_limit,0.014287105763013475,120.00199890136719,120.42248660000041,8853,4603,15721
h8_day04,8,57,True,time_limit,0.013330334047527048,120.00600051879883,120.36662260000594,8675,4425,17023
h8_day04,8,58,True,time_limit,0.03665228179582934,120.26099967956543,120.54795470001409,9043,4793,15747
h8_day04,8,59,True,time_limit,0.03573124024630852,120.00399971008301,120.46341909997864,9636,5386,18187
h8_day04,8,60,True,time_limit,0.04105487675278366,120.24800109863281,120.57399369997438,9432,5182,16172
h8_day04,8,61,True,time_limit,0.028242687453200344,120.0049991607666,120.4120627999946,9163,4913,17331
h8_day04,8,62,True,time_limit,0.03519510341431938,120.00799942016602,120.4598493000085,9892,5642,16587
h8_day04,8,63,True,time_limit,0.01841504919875031,120.02899932861328,120.42825729999458,9679,5429,17709
h8_day04,8,64,True,time_limit,0.05176523811645422,120.00900077819824,120.46821880000061,10161,5911,16725
h8_day04,8,65,True,time_limit,0.02904215939989128,120.00799942016602,120.38129340001615,10004,5754,18013
h8_day04,8,66,True,time_limit,0.028735940872644323,120.00699996948242,120.3829848000023,9664,5414,15818
h8_day04,8,67,True,time_limit,0.018658828692095147,120.00800132751465,120.39761750001344,9502,5252,16936
h8_day04,8,68,True,time_limit,0.041890181893981915,120.30599975585938,120.64060400001472,9772,5522,15800
h8_day04,8,69,True,time_limit,0.021637566578348387,120.0049991607666,120.39762049997807,9693,5443,17001
h8_day04,8,70,True,time_limit,0.06593438582039791,120.0620002746582,120.5033011000196,9967,5717,15873
h8_day04,8,71,True,time_limit,0.018992977660358814,120.01099967956543,120.37264669997967,9465,5215,16310
h8_day04,8,72,True,time_limit,0.06196581762488018,120.0099983215332,120.4118340999994,9055,4805,14398
h8_day04,8,73,True,time_limit,0.05137023733044248,120.24200057983398,120.48315849999199,9022,4772,15416
h8_day04,8,74,True,time_limit,0.04402826777494893,120.22400093078613,120.4540960000013,9111,4861,14140
h8_day04,8,75,True,time_limit,0.014548954716316337,120.00199890136719,120.38277090000338,9268,5018,15467
h8_day04,8,76,True,time_limit,0.006965243647158065,120.00800132751465,120.31708510001772,9177,4927,14062
h8_day04,8,77,True,time_limit,0.005459858100235383,120.01499938964844,120.37119299999904,9204,4954,15123
h8_day04,8,78,True,time_limit,0.03919556021713316,120.24499893188477,120.45902260000003,9021,4771,13680
h8_day04,8,79,True,optimal,0.0,51.242000579833984,51.508986200002255,9099,4849,14674
h8_day04,8,80,True,time_limit,0.1031835796539298,120.10500144958496,120.63793379999697,9372,5122,13839
h8_day04,8,81,True,optimal,8.685835248625422e-06,43.80299949645996,45.411546399991494,8740,4490,13619
h8_day04,8,82,True,time_limit,0.005665236067201434,120.00899887084961,120.31513339999947,8868,4618,12786
h8_day04,8,83,True,optimal,0.0,88.79999923706055,89.09390870001516,8671,4421,13113
h8_day04,8,84,True,optimal,0.0,6.115999221801758,6.284491200000048,8513,4263,12033
h8_day04,8,85,True,optimal,0.0,4.298000335693359,4.470226900011767,8251,4001,12242
h8_day04,8,86,True,optimal,0.0,24.746000289916992,24.950649700011127,8049,3799,11190
h8_day04,8,87,True,optimal,2.0362084821618194e-05,2.798999786376953,2.9584264000004623,7986,3736,11512
h8_day04,8,88,True,optimal,9.694925785792465e-05,4.197999954223633,4.355226399988169,7886,3636,10722
h8_day04,8,89,True,optimal,9.484368943178467e-06,2.095998764038086,2.2467555000039283,7848,3598,11127
h8_day04,8,90,True,optimal,0.0,40.915000915527344,41.12104929998168,7476,3226,10050
h8_day04,8,91,True,optimal,0.0,1.9610004425048828,2.0949902999855112,7048,2798,9798
h8_day04,8,92,True,optimal,8.78022148119873e-06,2.2609996795654297,2.3703477999952156,6713,2463,8766
h8_day04,8,93,True,optimal,0.0,1.6669998168945312,1.7869473000173457,6507,2257,8836
h8_day04,8,94,True,optimal,9.211633892182533e-05,10.856000900268555,11.007482999993954,6290,2040,8101
h8_day04,8,95,True,optimal,0.0,0.8850002288818359,0.9940276000124868,6272,2022,8340
h8_day04,8,96,False,optimal,0.0,1.1899986267089844,1.3032612999959383,6110,1860,7697
h8_day04,8,97,False,optimal,0.0,0.5,0.6112015999970026,5894,1644,7671
h8_day04,8,98,False,optimal,0.0,0.7210006713867188,0.8492446999880485,5837,1587,7261
h8_day04,8,99,False,optimal,0.0,0.3859996795654297,0.47600289998808876,5801,1551,7456
h8_day04,8,100,False,optimal,0.0,0.6369991302490234,0.7261846000037622,5705,1455,6992
h8_day04,8,101,False,optimal,0.0,0.2989997863769531,0.38192240000353195,5451,1201,6831
h8_day04,8,102,False,optimal,0.0,0.30699920654296875,0.3867589000146836,5446,1196,6523
h8_day04,8,103,False,optimal,0.0,0.1770000457763672,0.2551775999891106,5330,1080,6533
h8_day04,8,104,False,optimal,0.0,0.20999908447265625,0.2841341999883298,5237,987,6167
h8_day04,8,105,False,optimal,0.0,0.21700096130371094,0.29907040001126006,5209,959,6262
h8_day04,8,106,False,optimal,0.0,0.21400070190429688,0.28556650000973605,5137,887,5950
h8_day04,8,107,False,optimal,0.0,0.180999755859375,0.24992940001538955,5148,898,6126
h8_day04,8,108,False,optimal,0.0,0.29199981689453125,0.3742217000108212,5117,867,5854
h8_day04,8,109,False,optimal,0.0,0.17300033569335938,0.24286249998840503,5015,765,5780
h8_day04,8,110,False,optimal,0.0,0.17499923706054688,0.24063159999786876,4955,705,5575
h8_day04,8,111,False,optimal,0.0,0.1439990997314453,0.2105775999953039,4943,693,5673
h8_day04,8,112,False,optimal,0.0,0.16699981689453125,0.23073500001919456,4821,571,5393
h8_day04,8,113,False,optimal,0.0,0.11300086975097656,0.17412400001194328,4847,597,5545
h8_day04,8,114,False,optimal,0.0,0.10500144958496094,0.1711650999786798,4855,605,5405
h8_day04,8,115,False,optimal,0.0,0.09099960327148438,0.15630800000508316,4762,512,5345
h8_day04,8,116,False,optimal,0.0,0.1529998779296875,0.22137869999278337,4745,495,5223
h8_day04,8,117,False,optimal,0.0,0.1510009765625,0.21472270000958815,4805,555,5356
h8_day04,8,118,False,optimal,0.0,0.11100006103515625,0.17412350000813603,4696,446,5108
h8_day04,8,119,False,optimal,0.0,0.08899879455566406,0.14956039999378845,4641,391,5075
h8_day04,8,120,False,optimal,0.0,0.12800025939941406,0.1906850000086706,4687,437,5063
h8_day04,8,121,False,optimal,0.0,0.08600044250488281,0.14645040000323206,4704,454,5148
h8_day04,8,122,False,optimal,0.0,0.12400054931640625,0.17620190000161529,4590,340,4942
h8_day04,8,123,False,optimal,0.0,0.06599998474121094,0.18089630000758916,4482,232,4798
h8_day04,8,124,False,optimal,0.0,0.06500053405761719,0.11941699997987598,4414,164,4646
h8_day04,8,125,False,optimal,0.0,0.07499885559082031,0.13351810001768172,4417,167,4677
h8_day04,8,126,False,optimal,0.0,0.05100059509277344,0.11242560000391677,4417,167,4644
h8_day04,8,127,False,optimal,0.0,0.04000091552734375,0.10077400002046488,4415,165,4676
h8_day04,8,128,False,optimal,0.0,0.06599998474121094,0.12159719999181107,4421,171,4649
h8_day04,8,129,False,optimal,0.0,0.048999786376953125,0.1026739000226371,4376,126,4578
h8_day04,8,130,False,optimal,0.0,0.05100059509277344,0.10460670001339167,4376,126,4556
h8_day04,8,131,False,optimal,0.0,0.03199958801269531,0.08595239999704063,4375,125,4577
h8_day04,8,132,False,optimal,0.0,0.024999618530273438,0.07705469999928027,4320,70,4456
h8_day04,8,133,False,optimal,0.0,0.022001266479492188,0.07701989999623038,4320,70,4467
h8_day04,8,134,False,optimal,0.0,0.048999786376953125,0.10639480000827461,4349,99,4489
h8_day04,8,135,False,optimal,0.0,0.042999267578125,0.15255479997722432,4377,127,4532
h8_day04,8,136,False,optimal,0.0,0.034000396728515625,0.09538010001415387,4318,68,4448
h8_day04,8,137,False,optimal,0.0,0.02700042724609375,0.08119409999926575,4318,68,4459
h8_day04,8,138,False,optimal,0.0,0.019001007080078125,0.0773365999921225,4318,68,4448
h8_day04,8,139,False,optimal,0.0,0.030000686645507812,0.07822540000779554,4318,68,4459
h8_day04,8,140,False,optimal,0.0,0.04399871826171875,0.10134799999650568,4364,114,4502
h8_day04,8,141,False,optimal,0.0,0.026998519897460938,0.07804170000599697,4301,51,4435
h8_day04,8,142,False,optimal,0.0,0.023000717163085938,0.07506909998483025,4301,51,4424
h8_day04,8,143,False,optimal,0.0,0.021999359130859375,0.0737531999766361,4301,51,4435
h8_day04,8,144,False,optimal,0.0,0.015001296997070312,0.07141080001019873,4301,51,4424
h8_day04,8,145,False,optimal,0.0,0.020999908447265625,0.0729146999947261,4301,51,4435
h8_day04,8,146,False,optimal,0.0,0.017999649047851562,0.06649639998795465,4299,49,4423
h8_day19,8,0,True,optimal,0.0,0.1659984588623047,0.3354121000156738,6407,2157,14362
h8_day19,8,1,True,optimal,0.0,0.07600021362304688,0.25084870000137016,6607,2357,16801
h8_day19,8,2,True,optimal,0.0,0.16900062561035156,0.3191975000081584,6536,2286,14512
h8_day19,8,3,True,optimal,0.0,0.049999237060546875,0.21150830000988208,6484,2234,16651
h8_day19,8,4,True,optimal,0.0,0.10699844360351562,0.26141869998537004,6436,2186,14394
h8_day19,8,5,True,optimal,0.0,0.042999267578125,0.20353839997551404,6503,2253,16673
h8_day19,8,6,True,optimal,0.0,0.1529998779296875,0.3042966999928467,6578,2328,14560
h8_day19,8,7,True,optimal,0.0,0.06500053405761719,0.23064249998424202,6665,2415,16861
h8_day19,8,8,True,optimal,0.0,0.13299942016601562,0.27908179999212734,6536,2286,14509
h8_day19,8,9,True,optimal,0.0,0.049999237060546875,0.21304329999838956,6528,2278,16700
h8_day19,8,10,True,optimal,0.0,0.13500022888183594,0.27947360000689514,6549,2299,14525
h8_day19,8,11,True,optimal,0.0,0.0540008544921875,0.22100759999011643,6547,2297,16723
h8_day19,8,12,True,optimal,0.0,0.15800094604492188,0.3053698999865446,6519,2269,14453
h8_day19,8,13,True,optimal,0.0,0.05699920654296875,0.21738099999492988,6570,2320,16701
h8_day19,8,14,True,optimal,0.0,0.1490001678466797,0.28936850000172853,6534,2284,14467
h8_day19,8,15,True,optimal,0.0,0.069000244140625,0.22603950000484474,6609,2359,16743
h8_day19,8,16,True,optimal,0.0,0.16100120544433594,0.3274569000059273,6660,2410,14613
h8_day19,8,17,True,optimal,0.0,0.07500076293945312,0.23505399998975918,6639,2389,16777
h8_day19,8,18,True,optimal,0.0,0.15800094604492188,0.30382890001055785,6673,2423,14598
h8_day19,8,19,True,optimal,0.0,0.06500053405761719,0.23279500001808628,6648,2398,16739
h8_day19,8,20,True,optimal,0.0,0.15399932861328125,0.3006238999951165,6646,2396,14552
h8_day19,8,21,True,optimal,0.0,0.09200096130371094,0.24443769999197684,6759,2509,16860
h8_day19,8,22,True,optimal,0.0,0.20800018310546875,0.3770721000037156,6744,2494,14636
h8_day19,8,23,True,optimal,0.0,0.11700057983398438,0.2712806999916211,6748,2498,16805
h8_day19,8,24,True,optimal,0.0,0.1700000762939453,0.32134550000773743,6844,2594,14752
h8_day19,8,25,True,optimal,0.0,0.11999893188476562,0.3318538999883458,6921,2671,17007
h8_day19,8,26,True,optimal,0.0,0.25,0.40228430001297966,7065,2815,15009
h8_day19,8,27,True,optimal,0.0,0.1900005340576172,0.3519040000101086,7099,2849,17193
h8_day19,8,28,True,optimal,0.0,0.2969989776611328,0.47205989999929443,7211,2961,15154
h8_day19,8,29,True,optimal,0.0,0.2089996337890625,0.3863005999883171,7410,3160,17556
h8_day19,8,30,True,optimal,0.0,0.33899879455566406,0.5068245000147726,7613,3363,15630
h8_day19,8,31,True,optimal,0.0,0.2329998016357422,0.4204324999882374,7631,3381,17811
h8_day19,8,32,True,optimal,0.0,0.35700035095214844,0.5440214000118431,7773,3523,15786
h8_day19,8,33,True,optimal,0.0,0.27700042724609375,0.4532813999976497,7918,3668,18104
h8_day19,8,34,True,optimal,0.0,0.3990001678466797,0.5862115999916568,7828,3578,15813
h8_day19,8,35,True,optimal,0.0,0.2839984893798828,0.4808117000211496,7983,3733,18138
h8_day19,8,36,True,optimal,0.0,0.41900062561035156,0.5918044999998529,8007,3757,15961
h8_day19,8,37,True,optimal,0.0,0.319000244140625,0.515837900020415,8107,3857,18179
h8_day19,8,38,True,optimal,0.0,0.3829994201660156,0.55115929999738,8132,3882,16057
h8_day19,8,39,True,optimal,0.0,0.3560009002685547,0.5335826999798883,8270,4020,18335
h8_day19,8,40,True,optimal,0.0,0.47300148010253906,0.65204369998537,8376,4126,16295
h8_day19,8,41,True,optimal,0.0,0.40600013732910156,0.5991580999980215,8516,4266,18547
h8_day19,8,42,True,optimal,0.0,0.5909996032714844,0.7928997999988496,8600,4350,16538
h8_day19,8,43,True,optimal,9.98898907460504e-05,56.239999771118164,56.492115300003206,8938,4688,18951
h8_day19,8,44,True,optimal,0.0,5.159999847412109,5.388751100021182,8762,4512,16544
h8_day19,8,45,True,time_limit,0.0012636542458138332,120.01000022888184,120.46727419999661,9298,5048,19173
h8_day19,8,46,True,time_limit,0.006439149212715672,120.00600051879883,120.40602649998618,9261,5011,17111
h8_day19,8,47,True,time_limit,0.008447640814410748,120.02000045776367,120.40627790000872,9217,4967,19054
h8_day19,8,48,True,time_limit,0.010620453045835556,120.01099967956543,120.38073909998639,9642,5392,17560
h8_day19,8,49,True,time_limit,0.007637464791840475,120.00300025939941,120.40481420001015,9782,5532,19712
h8_day19,8,50,True,time_limit,0.007096602277256689,120.01700019836426,120.40896010000142,9724,5474,17588
h8_day19,8,51,True,time_limit,0.004201633293278558,120.3169994354248,120.64241960001527,9621,5371,19166
h8_day19,8,52,True,time_limit,0.000922095088046054,120.00399971008301,120.39113150001504,9511,5261,16910
h8_day19,8,53,True,time_limit,0.0022623068434578122,120.17400169372559,120.43845620000502,9128,4878,18162
h8_day19,8,54,True,optimal,0.0,56.808000564575195,57.0167057000217,9263,5013,16402
h8_day19,8,55,True,time_limit,0.001675931236983476,120.00100135803223,120.3086799000157,9302,5052,18087
h8_day19,8,56,True,time_limit,0.02222300057079687,120.01599884033203,120.40500490000704,9236,4986,16238
h8_day19,8,57,True,time_limit,0.009056189903897826,120.25900077819824,120.57706559999497,9178,4928,17736
h8_day19,8,58,True,time_limit,0.02119175342071042,120.28600120544434,120.53299059998244,9287,5037,16093
h8_day19,8,59,True,time_limit,0.004581411083008749,120.23400115966797,120.54452509997645,9015,4765,17300
h8_day19,8,60,True,time_limit,0.009461116363280283,120.00400161743164,120.33719560000463,8989,4739,15601
h8_day19,8,61,True,time_limit,0.004000719065428617,120.0009994506836,120.30736059998162,8916,4666,17118
h8_day19,8,62,True,time_limit,0.03409325614825695,120.31099891662598,120.57213330001105,9350,5100,15997
h8_day19,8,63,True,time_limit,0.010193129094031524,120.00500106811523,120.38620030001039,9377,5127,17517
h8_day19,8,64,True,time_limit,0.04072676561954147,120.00300025939941,120.38635070002056,9396,5146,15865
h8_day19,8,65,True,time_limit,0.05134648388646634,120.00699996948242,120.44788839999819,9632,5382,17523
h8_day19,8,66,True,time_limit,0.04170987291601331,120.25699996948242,120.62478480002028,9630,5380,16000
h8_day19,8,67,True,time_limit,0.056044612319386955,120.31800079345703,120.62979440001072,9849,5599,17692
h8_day19,8,68,True,time_limit,0.06781444529056231,120.00200080871582,120.42085580001003,10024,5774,16388
h8_day19,8,69,True,time_limit,0.046621310359880624,120.28300094604492,120.60398240000359,9975,5725,17648
h8_day19,8,70,True,time_limit,0.062182405254532544,120.0620002746582,120.56539969998994,9921,5671,15992
h8_day19,8,71,True,time_limit,0.004927262377301104,120.00600051879883,120.35792490001768,9869,5619,17179
h8_day19,8,72,True,time_limit,0.0579669591967301,120.01799964904785,120.55245979997562,9721,5471,15457
h8_day19,8,73,True,optimal,9.968789050589093e-05,43.371999740600586,43.6519360000093,9444,5194,16236
h8_day19,8,74,True,time_limit,0.028624025815472527,120.01299858093262,120.44622630000231,9571,5321,15046
h8_day19,8,75,True,time_limit,0.03698172398829818,120.00800132751465,120.41278330000932,9380,5130,15875
h8_day19,8,76,True,time_limit,0.021958500814914253,120.00400161743164,120.4114336000057,9472,5222,14630
h8_day19,8,77,True,time_limit,0.016676758794021918,120.00600051879883,120.38664090001839,9225,4975,15296
h8_day19,8,78,True,time_limit,0.0405817388579418,120.00600051879883,120.42756600002758,9212,4962,14051
h8_day19,8,79,True,time_limit,0.010355312173010436,120.00399971008301,120.3574092000199,9250,5000,15010
h8_day19,8,80,True,time_limit,0.07232080648719064,120.01900100708008,120.57926410000073,9266,5016,13931
h8_day19,8,81,True,time_limit,0.0591736457909064,120.01799964904785,120.39573290001135,9285,5035,14919
h8_day19,8,82,True,time_limit,0.08092666245933929,120.02099990844727,120.38695529999677,8753,4503,12984
h8_day19,8,83,True,time_limit,0.006365358042861725,120.00300025939941,120.36427289998392,8869,4619,13999
h8_day19,8,84,True,time_limit,0.032751107363120625,120.00900077819824,120.33333530000527,8699,4449,12609
h8_day19,8,85,True,optimal,0.0,76.74699974060059,77.01825560000725,8694,4444,13433
h8_day19,8,86,True,time_limit,0.013807582279317098,120.0009994506836,120.27206239997759,8602,4352,12275
h8_day19,8,87,True,optimal,1.1087896237316704e-05,5.843000411987305,6.039038200018695,8318,4068,12457
h8_day19,8,88,True,time_limit,0.021534501838082493,120.01600074768066,120.27820570001495,8033,3783,11159
h8_day19,8,89,True,optimal,0.0,3.7810001373291016,4.022579600015888,7806,3556,11476
h8_day19,8,90,True,time_limit,0.0019826427764165788,120.00299835205078,120.3015951999987,7580,3330,10363
h8_day19,8,91,True,optimal,0.0,5.593999862670898,5.770594499976141,7335,3085,10460
h8_day19,8,92,True,optimal,4.1859740783876515e-05,16.29800033569336,16.4960432999942,7252,3002,9691
h8_day19,8,93,True,optimal,0.0,1.9939994812011719,2.142824799986556,6922,2672,9676
h8_day19,8,94,True,optimal,8.192363343944424e-05,1.5970001220703125,1.7409683000005316,6450,2200,8420
h8_day19,8,95,True,optimal,0.0,0.5380001068115234,0.673994800017681,6449,2199,8744
h8_day19,8,96,False,optimal,0.0,0.9510002136230469,1.0834042000060435,6294,2044,8005
h8_day19,8,97,False,optimal,0.0,0.4720001220703125,0.5869536999962293,6191,1941,8208
h8_day19,8,98,False,optimal,3.863200589132446e-05,1.3570003509521484,1.47777810000116,6212,1962,7792
h8_day19,8,99,False,optimal,0.0,0.4370002746582031,0.5412433999881614,6020,1770,7759
h8_day19,8,100,False,optimal,0.0,0.6459999084472656,0.7710181000002194,5841,1591,7144
h8_day19,8,101,False,optimal,0.0,0.5580005645751953,0.6600810999807436,5618,1368,7049
h8_day19,8,102,False,optimal,0.0,0.7450008392333984,0.8497535999922547,5543,1293,6594
h8_day19,8,103,False,optimal,0.0,0.6219997406005859,0.7120744000130799,5519,1269,6772
h8_day19,8,104,False,optimal,0.0,0.3950004577636719,0.4852788000134751,5309,1059,6230
h8_day19,8,105,False,optimal,0.0,0.2259998321533203,0.3074013000004925,5228,978,6281
h8_day19,8,106,False,optimal,0.0,0.319000244140625,0.3964585000067018,5100,850,5869
h8_day19,8,107,False,optimal,0.0,0.17799949645996094,0.2532255999976769,5077,827,5933
h8_day19,8,108,False,optimal,0.0,0.2800006866455078,0.3577833999879658,4969,719,5619
h8_day19,8,109,False,optimal,0.0,0.10600090026855469,0.17321790001005866,4819,569,5526
h8_day19,8,110,False,optimal,0.0,0.1529998779296875,0.21921489998931065,4718,468,5183
h8_day19,8,111,False,optimal,0.0,0.1470012664794922,0.21087490001809783,4700,450,5219
h8_day19,8,112,False,optimal,0.0,0.09199905395507812,0.15917369999806397,4641,391,5059
h8_day19,8,113,False,optimal,0.0,0.10400009155273438,0.16692600000533275,4618,368,5107
h8_day19,8,114,False,optimal,0.0,0.11900138854980469,0.19498339999699965,4577,327,4955
h8_day19,8,115,False,optimal,0.0,0.11700057983398438,0.1776088000042364,4597,347,5029
h8_day19,8,116,False,optimal,0.0,0.125,0.19088030001148582,4638,388,4998
h8_day19,8,117,False,optimal,0.0,0.1289997100830078,0.26258579999557696,4587,337,5005
h8_day19,8,118,False,optimal,0.0,0.14299964904785156,0.2029577000066638,4519,269,4820
h8_day19,8,119,False,optimal,0.0,0.08099937438964844,0.1394692000176292,4493,243,4817
h8_day19,8,120,False,optimal,0.0,0.06499862670898438,0.14241240001865663,4491,241,4760
h8_day19,8,121,False,optimal,0.0,0.05999946594238281,0.11854460000176914,4419,169,4690
h8_day19,8,122,False,optimal,0.0,0.04500007629394531,0.10008510001352988,4392,142,4587
h8_day19,8,123,False,optimal,0.0,0.023000717163085938,0.07889930001692846,4345,95,4527
h8_day19,8,124,False,optimal,0.0,0.020000457763671875,0.0733814999985043,4323,73,4479
h8_day13,8,0,True,optimal,0.0,0.1620006561279297,0.9845411000133026,6402,2152,14201
h8_day13,8,1,True,optimal,0.0,0.07399940490722656,0.260101299994858,6444,2194,16452
h8_day13,8,2,True,optimal,0.0,0.22299957275390625,0.4042202999989968,6465,2215,14277
h8_day13,8,3,True,optimal,0.0,0.06999969482421875,0.3303631999879144,6442,2192,16450
h8_day13,8,4,True,optimal,0.0,0.1979999542236328,0.37499479998950846,6557,2307,14394
h8_day13,8,5,True,optimal,0.0,0.05299949645996094,0.2863950000028126,6419,2169,16423
h8_day13,8,6,True,optimal,0.0,0.20100021362304688,0.4999692999990657,6361,2111,14155
h8_day13,8,7,True,optimal,0.0,0.07299995422363281,0.25327489999472164,6319,2069,16303
h8_day13,8,8,True,optimal,0.0,0.13699913024902344,0.34029279998503625,6342,2092,14130
h8_day13,8,9,True,optimal,0.0,0.033000946044921875,0.2285214999865275,6323,2073,16302
h8_day13,8,10,True,optimal,0.0,0.10099983215332031,0.2706548999994993,6323,2073,14102
h8_day13,8,11,True,optimal,0.0,0.02700042724609375,0.20386880001751706,6323,2073,16302
h8_day13,8,12,True,optimal,0.0,0.10600090026855469,0.280940999975428,6356,2106,14138
h8_day13,8,13,True,optimal,0.0,0.07900047302246094,0.2817573999927845,6377,2127,16363
h8_day13,8,14,True,optimal,0.0,0.14299964904785156,0.3059443999954965,6377,2127,14164
h8_day13,8,15,True,optimal,0.0,0.09799957275390625,0.2819757999968715,6404,2154,16396
h8_day13,8,16,True,optimal,0.0,0.10899925231933594,0.2697327999921981,6411,2161,14176
h8_day13,8,17,True,optimal,0.0,0.07399940490722656,0.24491159999161027,6469,2219,16431
h8_day13,8,18,True,optimal,0.0,0.10599899291992188,0.29815260000759736,6376,2126,14124
h8_day13,8,19,True,optimal,0.0,0.04699897766113281,0.2263511000201106,6399,2149,16340
h8_day13,8,20,True,optimal,0.0,0.11100006103515625,0.281394999998156,6378,2128,14126
h8_day13,8,21,True,optimal,0.0,0.032001495361328125,0.1938846000120975,6385,2135,16317
h8_day13,8,22,True,optimal,0.0,0.1340007781982422,0.29407269999501295,6380,2130,14125
h8_day13,8,23,True,optimal,0.0,0.05100059509277344,0.22656029998324811,6453,2203,16400
h8_day13,8,24,True,optimal,0.0,0.14400100708007812,0.31607689999509603,6569,2319,14349
h8_day13,8,25,True,optimal,0.0,0.07399940490722656,0.2453187000064645,6577,2327,16545
h8_day13,8,26,True,optimal,0.0,0.1639995574951172,0.34983639998245053,6619,2369,14407
h8_day13,8,27,True,optimal,0.0,0.10599899291992188,0.28732799997669645,6749,2499,16746
h8_day13,8,28,True,optimal,0.0,0.2110004425048828,0.3836627000127919,6818,2568,14639
h8_day13,8,29,True,optimal,0.0,0.1289997100830078,0.344303799996851,6861,2611,16883
h8_day13,8,30,True,optimal,0.0,0.1900005340576172,0.3632787999813445,6849,2599,14647
h8_day13,8,31,True,optimal,0.0,0.1400012969970703,0.3270548000000417,6965,2715,16959
h8_day13,8,32,True,optimal,0.0,0.2409992218017578,0.4221155999985058,7076,2826,14909
h8_day13,8,33,True,optimal,0.0,0.21500015258789062,0.4019151999964379,7240,2990,17275
h8_day13,8,34,True,optimal,0.0,0.30699920654296875,0.5127647999906912,7321,3071,15208
h8_day13,8,35,True,optimal,0.0,0.20400047302246094,0.3931676000065636,7374,3124,17448
h8_day13,8,36,True,optimal,0.0,0.2690010070800781,0.4357060000183992,7393,3143,15239
h8_day13,8,37,True,optimal,0.0,0.2589988708496094,0.44509150000521913,7654,3404,17704
h8_day13,8,38,True,optimal,0.0,0.43000030517578125,0.6102960999996867,7920,3670,15866
h8_day13,8,39,True,optimal,0.0,0.3299999237060547,0.5409658999997191,7971,3721,18037
h8_day13,8,40,True,optimal,0.0,0.43599891662597656,0.6219129000091925,8239,3989,16213
h8_day13,8,41,True,optimal,0.0,0.4259986877441406,0.6595060999970883,8453,4203,18606
h8_day13,8,42,True,optimal,0.0,0.49699974060058594,0.6862595000129659,8333,4083,16287
h8_day13,8,43,True,optimal,0.0,0.3640003204345703,0.5921292999992147,8679,4429,18844
h8_day13,8,44,True,optimal,0.0,0.6040000915527344,0.8053065999993123,8570,4320,16439
h8_day13,8,45,True,optimal,0.0,0.4630012512207031,0.7042225000041071,8762,4512,18756
h8_day13,8,46,True,optimal,0.0,0.6580009460449219,0.8576124999963213,8809,4559,16653
h8_day13,8,47,True,time_limit,0.0041278528797456995,120.00799942016602,120.42323129999568,8995,4745,18865
h8_day13,8,48,True,optimal,7.84797170284305e-05,3.2900009155273438,3.5450130999961402,8799,4549,16528
h8_day13,8,49,True,optimal,0.0,1.864999771118164,2.0982001000083983,8939,4689,18707
h8_day13,8,50,True,optimal,9.893759782142553e-05,23.98699951171875,24.245720599981723,8977,4727,16641
h8_day13,8,51,True,optimal,0.0,17.012001037597656,17.29164929999388,8950,4700,18525
h8_day13,8,52,True,time_limit,0.001230349750359924,120.00100135803223,120.34503490000498,8900,4650,16423
h8_day13,8,53,True,time_limit,0.01159664752487298,120.3129997253418,120.58860119999736,9239,4989,18767
h8_day13,8,54,True,time_limit,0.02045915682628879,120.00300025939941,120.39595569999074,9306,5056,16835
h8_day13,8,55,True,time_limit,0.019766623741601583,120.01399993896484,120.49278510001022,9338,5088,18735
h8_day13,8,56,True,time_limit,0.02457121087357921,120.00399971008301,120.46438369998941,9728,5478,17305
h8_day13,8,57,True,time_limit,0.033583868981345244,120.00199890136719,120.44252099998994,9343,5093,18546
h8_day13,8,58,True,time_limit,0.04406966024511901,120.01899909973145,120.4380026999861,9638,5388,16971
h8_day13,8,59,True,time_limit,0.014085835540092873,120.00500106811523,120.43584449999616,9803,5553,18893
h8_day13,8,60,True,time_limit,0.04744417531750971,120.02000045776367,120.44906939999782,9958,5708,17247
h8_day13,8,61,True,time_limit,0.03115921460816451,120.19799995422363,120.49514230000204,9961,5711,18921
h8_day13,8,62,True,time_limit,0.04103549981748621,120.27799987792969,120.58570270001655,10095,5845,17237
h8_day13,8,63,True,time_limit,0.058363225129764294,120.00300025939941,120.46647020001546,10231,5981,19081
h8_day13,8,64,True,time_limit,0.06748401882086348,120.01300048828125,120.4295513999823,10314,6064,17319
h8_day13,8,65,True,time_limit,0.059659709411157585,120.00900077819824,120.50629590000608,10192,5942,18738
h8_day13,8,66,True,time_limit,0.07591989185878019,120.00899887084961,120.29202300001634,9874,5624,16498
h8_day13,8,67,True,time_limit,0.08792716383318941,120.10900115966797,120.65705890001846,9882,5632,17886
h8_day13,8,68,True,time_limit,0.09665569789520774,120.27000045776367,120.5461322000192,10091,5841,16547
h8_day13,8,69,True,time_limit,0.07057613351871385,120.00899887084961,120.49995399999898,10001,5751,17802
h8_day13,8,70,True,time_limit,0.07291713742075501,120.0260009765625,120.49850680000964,9882,5632,16046
h8_day13,8,71,True,time_limit,0.08037811434192633,120.04999923706055,120.52170219999971,10183,5933,17781
h8_day13,8,72,True,time_limit,0.06039102929070108,120.01799964904785,120.47908349998761,9820,5570,15627
h8_day13,8,73,True,time_limit,0.06796459609458395,120.00399971008301,120.45055959999445,10092,5842,17150
h8_day13,8,74,True,time_limit,0.10976470783909217,120.0049991607666,120.30144479998853,10102,5852,15736
h8_day13,8,75,True,time_limit,0.007741237321675196,120.01000022888184,120.3769081000064,9926,5676,16466
h8_day13,8,76,True,time_limit,0.014507352548882852,120.00199890136719,120.37401959998533,9426,5176,14513
h8_day13,8,77,True,time_limit,0.012335455830169241,120.00500106811523,120.39484880000236,9470,5220,15591
h8_day13,8,78,True,time_limit,0.029445639039708496,120.01099967956543,120.42462589999195,9768,5518,14754
h8_day13,8,79,True,time_limit,0.0027713350392204288,120.00200080871582,120.46080900001107,9188,4938,14846
h8_day13,8,80,True,time_limit,0.05272374254671264,120.00799942016602,120.4184478999814,8976,4726,13313
h8_day13,8,81,True,time_limit,0.004882106889508434,120.00300025939941,120.31080099998508,8613,4363,13599
h8_day13,8,82,True,time_limit,0.07467288970253368,120.0319995880127,120.3979185000062,8898,4648,12971
h8_day13,8,83,True,time_limit,0.007986994847300248,120.00399971008301,120.25601989999996,8954,4704,13741
h8_day13,8,84,True,time_limit,0.06819445978821982,120.01300048828125,120.43482639998547,8874,4624,12666
h8_day13,8,85,True,time_limit,0.001854196442920996,120.00300025939941,120.37695770000573,8927,4677,13469
h8_day13,8,86,True,time_limit,0.022305535814983797,120.00799942016602,120.3724913999904,8758,4508,12308
h8_day13,8,87,True,optimal,0.0,8.344999313354492,8.628810800000792,8596,4346,12739
h8_day13,8,88,True,time_limit,0.008085004622452803,120.00500106811523,120.32001080000191,8363,4113,11414
h8_day13,8,89,True,time_limit,0.002387025786150091,120.00300025939941,120.27776749999612,7955,3705,11388
h8_day13,8,90,True,optimal,9.602935057850869e-05,91.60900115966797,91.94031050000922,7964,3714,10687
h8_day13,8,91,True,optimal,6.92025659216872e-05,4.23499870300293,4.419317899999442,7371,3121,10258
h8_day13,8,92,True,optimal,8.946993343967826e-05,8.251998901367188,8.471441100002266,7160,2910,9455
h8_day13,8,93,True,optimal,7.161269369134818e-05,1.677999496459961,1.8431762999971397,6898,2648,9390
h8_day13,8,94,True,optimal,0.0,2.701000213623047,2.8650341000175104,6594,2344,8485
h8_day13,8,95,True,optimal,0.0,0.5230007171630859,0.6464856999809854,6014,1764,8028
h8_day13,8,96,False,optimal,0.0,1.1800003051757812,1.3394522999878973,5920,1670,7391
h8_day13,8,97,False,optimal,0.0,0.8020000457763672,0.922675200010417,5810,1560,7437
h8_day13,8,98,False,optimal,0.0,0.61199951171875,0.7157837999984622,5813,1563,7140
h8_day13,8,99,False,optimal,0.0,0.3699989318847656,0.470826600008877,5659,1409,7177
h8_day13,8,100,False,optimal,0.0,1.029998779296875,1.1389511000015773,5468,1218,6584
h8_day13,8,101,False,optimal,0.0,0.39999961853027344,0.5052667999989353,5521,1271,6840
h8_day13,8,102,False,optimal,0.0,0.654998779296875,0.7557789999991655,5410,1160,6408
h8_day13,8,103,False,optimal,0.0,0.3150005340576172,0.4163850999902934,5245,995,6341
h8_day13,8,104,False,optimal,0.0,0.305999755859375,0.4113360999908764,5235,985,6128
h8_day13,8,105,False,optimal,0.0,0.26000022888183594,0.36681680000037886,5205,955,6270
h8_day13,8,106,False,optimal,0.0,0.2539997100830078,0.3382610999979079,5099,849,5857
h8_day13,8,107,False,optimal,0.0,0.28100013732910156,0.35893980000400916,4994,744,5848
h8_day13,8,108,False,optimal,0.0,0.2539997100830078,0.33345470001222566,4891,641,5508
h8_day13,8,109,False,optimal,0.0,0.20199966430664062,0.27683889999752864,4823,573,5477
h8_day13,8,110,False,optimal,0.0,0.2220001220703125,0.3039113999984693,4829,579,5339
h8_day13,8,111,False,optimal,0.0,0.15600013732910156,0.2282851999916602,4796,546,5398
h8_day13,8,112,False,optimal,0.0,0.13199996948242188,0.20109399998909794,4687,437,5135
h8_day13,8,113,False,optimal,0.0,0.09800148010253906,0.16205519999493845,4690,440,5214
h8_day13,8,114,False,optimal,0.0,0.17200088500976562,0.250173000007635,4634,384,5032
h8_day13,8,115,False,optimal,0.0,0.12800025939941406,0.19530349998967722,4606,356,5038
h8_day13,8,116,False,optimal,0.0,0.14299964904785156,0.2162092000071425,4633,383,4992
h8_day13,8,117,False,optimal,0.0,0.13100051879882812,0.19499899999937043,4593,343,5007
h8_day13,8,118,False,optimal,0.0,0.1289997100830078,0.19458250000025146,4622,372,4974
h8_day13,8,119,False,optimal,0.0,0.0989990234375,0.16337940000812523,4673,423,5099
h8_day13,8,120,False,optimal,0.0,0.1550006866455078,0.22657530001015402,4637,387,4987
h8_day13,8,121,False,optimal,0.0,0.11800003051757812,0.1823856999981217,4610,360,5019
h8_day13,8,122,False,optimal,0.0,0.12299919128417969,0.18270549998851493,4606,356,4913
h8_day13,8,123,False,optimal,0.0,0.1600017547607422,0.2341764000011608,4588,338,4942
h8_day13,8,124,False,optimal,0.0,0.10000038146972656,0.1585448000114411,4539,289,4802
h8_day13,8,125,False,optimal,0.0,0.08900070190429688,0.1508140999940224,4559,309,4831
h8_day13,8,126,False,optimal,0.0,0.05800056457519531,0.12337290000868961,4422,172,4632
h8_day13,8,127,False,optimal,0.0,0.03800010681152344,0.09496299998136237,4373,123,4569
h8_day13,8,128,False,optimal,0.0,0.048999786376953125,0.10794700001133606,4431,181,4613
h8_day13,8,129,False,optimal,0.0,0.048000335693359375,0.10559719998855144,4366,116,4551
h8_day13,8,130,False,optimal,0.0,0.0279998779296875,0.08751409998512827,4366,116,4529
h8_day13,8,131,False,optimal,0.0,0.0579986572265625,0.11219549999805167,4364,114,4550
h8_day13,8,132,False,optimal,0.0,0.018999099731445312,0.0770619000250008,4315,65,4443
h8_day13,8,133,False,optimal,0.0,0.03999900817871094,0.09629479999421164,4338,88,4481
h8_day13,8,134,False,optimal,0.0,0.0839996337890625,0.1451842999958899,4360,110,4496
h8_day13,8,135,False,optimal,0.0,0.06699943542480469,0.13210149999940768,4331,81,4474
h8_day13,8,136,False,optimal,0.0,0.04400062561035156,0.10034750000340864,4301,51,4424
h8_day13,8,137,False,optimal,0.0,0.033000946044921875,0.09051889998954721,4301,51,4435
h8_day13,8,138,False,optimal,0.0,0.02700042724609375,0.07685829998808913,4301,51,4424
h8_day13,8,139,False,optimal,0.0,0.029001235961914062,0.08349689998431131,4301,51,4435
h8_day13,8,140,False,optimal,0.0,0.024999618530273438,0.08065029999124818,4301,51,4424
h8_day13,8,141,False,optimal,0.0,0.015001296997070312,0.06365150000783615,4299,49,4434
h8_day13,8,142,False,optimal,0.0,0.009000778198242188,0.062188000010792166,4276,26,4396
h8_day14,8,0,True,optimal,0.0,0.2460002899169922,0.4494764999835752,6800,2550,15338
h8_day14,8,1,True,optimal,0.0,0.0709991455078125,0.282890700007556,6829,2579,17571
h8_day14,8,2,True,optimal,0.0,0.2259998321533203,0.43079699997906573,6891,2641,15442
h8_day14,8,3,True,optimal,0.0,0.07399940490722656,0.2808853999886196,6870,2620,17617
h8_day14,8,4,True,optimal,0.0,0.18700027465820312,0.3709132999938447,6960,2710,15524
h8_day14,8,5,True,optimal,0.0,0.08699989318847656,0.28533040001639165,6923,2673,17684
h8_day14,8,6,True,optimal,0.0,0.30699920654296875,0.6494888999732211,6930,2680,15490
h8_day14,8,7,True,optimal,0.0,0.13300132751464844,0.35015650000423193,6993,2743,17755
h8_day14,8,8,True,optimal,0.0,0.26399993896484375,0.6062520999985281,7082,2832,15660
h8_day14,8,9,True,optimal,0.0,0.2329998016357422,0.5462339000077918,7137,2887,17925
h8_day14,8,10,True,optimal,0.0,0.2329998016357422,0.4482062000024598,7019,2769,15569
h8_day14,8,11,True,optimal,0.0,0.17399978637695312,0.3994317000033334,7063,2813,17821
h8_day14,8,12,True,optimal,0.0,0.2090015411376953,0.4290651000046637,7061,2811,15620
h8_day14,8,13,True,optimal,0.0,0.12100028991699219,0.4361375999869779,6965,2715,17662
h8_day14,8,14,True,optimal,0.0,0.2539997100830078,0.4420586999913212,6951,2701,15456
h8_day14,8,15,True,optimal,0.0,0.06599998474121094,0.2860196999972686,6903,2653,17588
h8_day14,8,16,True,optimal,0.0,0.18599891662597656,0.3862327999959234,6919,2669,15420
h8_day14,8,17,True,optimal,0.0,0.082000732421875,0.3570964999962598,6786,2536,17378
h8_day14,8,18,True,optimal,0.0,0.21500015258789062,0.4628460999811068,6831,2581,15264
h8_day14,8,19,True,optimal,0.0,0.07600021362304688,0.2828933999990113,6793,2543,17340
h8_day14,8,20,True,optimal,0.0,0.2050018310546875,0.45256080001126975,6840,2590,15240
h8_day14,8,21,True,optimal,0.0,0.082000732421875,0.36293239999213256,6820,2570,17334
h8_day14,8,22,True,optimal,0.0,0.1959991455078125,0.41805249999742955,6861,2611,15213
h8_day14,8,23,True,optimal,0.0,0.08099937438964844,0.28622829998494126,6840,2590,17322
h8_day14,8,24,True,optimal,0.0,0.22999954223632812,0.4387585000076797,6967,2717,15336
h8_day14,8,25,True,optimal,0.0,0.12000083923339844,0.34068190000834875,7041,2791,17552
h8_day14,8,26,True,optimal,0.0,0.2760009765625,0.46954030002234504,7063,2813,15418
h8_day14,8,27,True,optimal,0.0,0.1919994354248047,0.4123865000146907,7036,2786,17508
h8_day14,8,28,True,optimal,0.0,0.3969993591308594,0.6317209999833722,7080,2830,15438
h8_day14,8,29,True,optimal,0.0,0.20299911499023438,0.6224294000130612,7215,2965,17727
h8_day14,8,30,True,optimal,0.0,0.5310001373291016,0.9048876000160817,7436,3186,15865
h8_day14,8,31,True,optimal,0.0,0.34799957275390625,0.7558326999715064,7531,3281,18095
h8_day14,8,32,True,optimal,0.0,0.5150012969970703,1.0376913000072818,7510,3260,15919
h8_day14,8,33,True,optimal,0.0,0.22999954223632812,0.46040560002438724,7503,3253,18006
h8_day14,8,34,True,optimal,0.0,0.37199974060058594,0.5709822000062559,7676,3426,16101
h8_day14,8,35,True,optimal,0.0,0.2819995880126953,0.509963799995603,8028,3778,18635
h8_day14,8,36,True,optimal,0.0,0.43900108337402344,0.6477587000117637,8254,4004,16795
h8_day14,8,37,True,optimal,0.0,0.3449993133544922,0.5506416999851353,8416,4166,19098
h8_day14,8,38,True,optimal,0.0,0.5249996185302734,0.7680858000239823,8788,4538,17435
h8_day14,8,39,True,optimal,0.0,0.48799896240234375,0.7112698999990243,8727,4477,19423
h8_day14,8,40,True,optimal,0.0,0.7180004119873047,0.9882316000002902,9049,4799,17681
h8_day14,8,41,True,optimal,0.0,0.5609989166259766,0.7983431000029668,9037,4787,19754
h8_day14,8,42,True,optimal,0.0,0.7859992980957031,1.0235307000111789,8999,4749,17599
h8_day14,8,43,True,optimal,0.0,0.6350002288818359,1.0819402000051923,9118,4868,19804
h8_day14,8,44,True,optimal,0.0,0.8330001831054688,1.1188967999769375,9224,4974,17792
h8_day14,8,45,True,optimal,0.0,0.6430015563964844,0.9230198000150267,9568,5318,20225
h8_day14,8,46,True,optimal,0.0,17.624000549316406,17.85865169999306,9281,5031,17735
h8_day14,8,47,True,optimal,6.0180492874008494e-06,6.437999725341797,6.724267300014617,9315,5065,19740
h8_day14,8,48,True,optimal,0.0,1.3610000610351562,1.635655999998562,9140,4890,17474
h8_day14,8,49,True,optimal,0.0,2.5479984283447266,2.8217133000143804,9433,5183,19780
h8_day14,8,50,True,optimal,6.174398966920035e-05,7.114999771118164,7.449517500004731,9772,5522,18197
h8_day14,8,51,True,optimal,0.0,12.088998794555664,12.364199599978747,9605,5355,19801
h8_day14,8,52,True,optimal,0.0,66.41600036621094,66.74476660002256,9475,5225,17611
h8_day14,8,53,True,optimal,0.0,29.308000564575195,29.568597999983467,9579,5329,19547
h8_day14,8,54,True,time_limit,0.006559915652441015,120.01399993896484,120.41714830001001,9983,5733,18086
h8_day14,8,55,True,time_limit,0.016327505004321577,120.00799942016602,120.45789970000624,10169,5919,20098
h8_day14,8,56,True,time_limit,0.025324643860773887,120.0009994506836,120.43765400000848,10232,5982,18360
h8_day14,8,57,True,time_limit,0.01988208763561084,120.20899963378906,120.54726970000775,10024,5774,19701
h8_day14,8,58,True,time_limit,0.018950256037560287,120.01499938964844,120.4579173999955,10056,5806,17898
h8_day14,8,59,True,time_limit,0.04267049850751883,120.01800155639648,120.53303120000055,10010,5760,19471
h8_day14,8,60,True,time_limit,0.028441060233019674,120.32699966430664,120.66621309999027,9964,5714,17648
h8_day14,8,61,True,time_limit,0.032636575719087665,120.59499931335449,121.05206890002592,10234,5984,19564
h8_day14,8,62,True,time_limit,0.06162643595147408,120.00600051879883,120.44431880000047,10179,5929,17632
h8_day14,8,63,True,time_limit,0.045887880491272987,120.00300025939941,120.46644729998661,10032,5782,18974
h8_day14,8,64,True,time_limit,0.06642866859161069,120.24100112915039,120.5552377999993,10328,6078,17646
h8_day14,8,65,True,time_limit,0.04223220101561167,120.25200080871582,120.61685389999184,10122,5872,18832
h8_day14,8,66,True,time_limit,0.07422214982952152,120.01600074768066,120.55187970001134,10354,6104,17534
h8_day14,8,67,True,time_limit,0.047295914042573425,120.27299880981445,120.63986880000448,10261,6011,18833
h8_day14,8,68,True,time_limit,0.05730072366031745,120.00699996948242,120.37020340000163,10554,6304,17650
h8_day14,8,69,True,time_limit,0.06905710893771214,120.00199890136719,120.49758329999167,10537,6287,18970
h8_day14,8,70,True,time_limit,0.13188343285454765,120.10899925231934,120.59064810001291,10290,6040,17009
h8_day14,8,71,True,time_limit,0.06685659498008288,120.01200103759766,120.488722900016,10706,6456,18817
h8_day14,8,72,True,time_limit,0.16974940971019023,120.01199913024902,120.47203639999498,10367,6117,16929
h8_day14,8,73,True,time_limit,0.017449814370850747,120.00200080871582,120.41862599999877,10099,5849,17543
h8_day14,8,74,True,time_limit,0.08947483681398073,120.01000022888184,120.49205959998653,10072,5822,16116
h8_day14,8,75,True,time_limit,0.03002655882742561,120.0049991607666,120.37337120002485,9943,5693,17165
h8_day14,8,76,True,time_limit,0.05276674165401077,120.01299858093262,120.44495509998524,10165,5915,16054
h8_day14,8,77,True,time_limit,0.020985557711836543,120.2180004119873,120.4816501000023,9957,5707,16752
h8_day14,8,78,True,time_limit,0.018116856924477558,120.00200080871582,120.40873029999784,9571,5321,14965
h8_day14,8,79,True,optimal,0.0,110.47599983215332,110.74218719999772,9281,5031,15451
h8_day14,8,80,True,time_limit,0.08968266735199887,120.19300079345703,120.44035889999941,9359,5109,14407
h8_day14,8,81,True,time_limit,0.013431150077316078,120.00899887084961,120.40646350002498,9392,5142,15330
h8_day14,8,82,True,time_limit,0.08453316304892229,120.01000022888184,120.42081420001341,9561,5311,14492
h8_day14,8,83,True,time_limit,0.042574173004990015,120.00400161743164,120.38200240000151,9369,5119,15075
h8_day14,8,84,True,time_limit,0.06366318801688409,120.0049991607666,120.40868449999834,9149,4899,13699
h8_day14,8,85,True,time_limit,0.012174443209637335,120.00399971008301,120.29913769999985,9040,4790,14266
h8_day14,8,86,True,time_limit,0.0440581542721342,120.0059986114502,120.24429500001133,9296,5046,13647
h8_day14,8,87,True,optimal,6.94122628741605e-05,26.04800033569336,26.275487399980193,9000,4750,13933
h8_day14,8,88,True,optimal,7.197016411508978e-05,7.267000198364258,7.46316119999392,8552,4302,12352
h8_day14,8,89,True,optimal,6.840301597195315e-05,2.269001007080078,2.467151199991349,8223,3973,12432
h8_day14,8,90,True,time_limit,0.0038651546911454447,120.00300025939941,120.26850509998621,8262,4012,11640
h8_day14,8,91,True,optimal,0.0,6.25200080871582,6.516151199990418,8359,4109,12231
h8_day14,8,92,True,optimal,7.319147089096573e-05,22.53299903869629,22.754102100007003,7849,3599,10810
h8_day14,8,93,True,optimal,6.953323477415521e-05,1.5059986114501953,1.687889399996493,7301,3051,10561
h8_day14,8,94,True,optimal,0.0,2.0249996185302734,2.1860981000063475,7102,2852,9697
h8_day14,8,95,True,optimal,8.448847577772319e-05,1.154001235961914,1.3185127999749966,7244,2994,10283
h8_day14,8,96,False,optimal,4.185429817825188e-05,14.889999389648438,15.116254199994728,7298,3048,9812
h8_day14,8,97,False,optimal,0.0,0.9419994354248047,1.0979946000152268,7099,2849,9966
h8_day14,8,98,False,optimal,1.902144523386477e-05,1.3330001831054688,1.5114577999920584,6638,2388,8819
h8_day14,8,99,False,optimal,0.0,0.9599990844726562,1.102120700001251,6382,2132,8817
h8_day14,8,100,False,optimal,0.0,1.6860008239746094,1.8284129000094254,6377,2127,8369
h8_day14,8,101,False,optimal,0.0,0.9739990234375,1.1238154000020586,6205,1955,8396
h8_day14,8,102,False,optimal,0.0,1.0,1.1395899999770336,6112,1862,7855
h8_day14,8,103,False,optimal,0.0,0.5100002288818359,0.6186104999796953,5813,1563,7737
h8_day14,8,104,False,optimal,0.0,0.6939983367919922,0.8028586999862455,5670,1420,7171
h8_day14,8,105,False,optimal,0.0,0.4699993133544922,0.5903690000122879,5616,1366,7341
h8_day14,8,106,False,optimal,0.0,0.7590007781982422,0.87124809998204,5763,1513,7186
h8_day14,8,107,False,optimal,0.0,0.4720001220703125,0.5841903999971692,5718,1468,7362
h8_day14,8,108,False,optimal,0.0,0.5640010833740234,0.6744509000272956,5555,1305,6799
h8_day14,8,109,False,optimal,0.0,0.3509998321533203,0.44282619998557493,5597,1347,7086
h8_day14,8,110,False,optimal,0.0,0.5590000152587891,0.6542301999870688,5604,1354,6783
h8_day14,8,111,False,optimal,0.0,0.45600128173828125,0.5782203999988269,5550,1300,6874
h8_day14,8,112,False,optimal,0.0,0.3639984130859375,0.45535789997666143,5498,1248,6551
h8_day14,8,113,False,optimal,0.0,0.23699951171875,0.3280723000061698,5507,1257,6759
h8_day14,8,114,False,optimal,0.0,0.4029998779296875,0.49926810001488775,5476,1226,6460
h8_day14,8,115,False,optimal,0.0,0.3139991760253906,0.39027649999479763,5130,880,6118
h8_day14,8,116,False,optimal,0.0,0.3529987335205078,0.4335679999785498,5172,922,5993
h8_day14,8,117,False,optimal,0.0,0.21199989318847656,0.2920696999935899,5099,849,6072
h8_day14,8,118,False,optimal,0.0,0.2310009002685547,0.310153900005389,5068,818,5801
h8_day14,8,119,False,optimal,0.0,0.20800018310546875,0.35405749999335967,5061,811,5894
h8_day14,8,120,False,optimal,0.0,0.22699928283691406,0.3004963000130374,5049,799,5701
h8_day14,8,121,False,optimal,0.0,0.1490001678466797,0.22219639999093488,4914,664,5628
h8_day14,8,122,False,optimal,0.0,0.13699913024902344,0.20452050000312738,4691,441,5151
h8_day14,8,123,False,optimal,0.0,0.10700035095214844,0.17141019998234697,4659,409,5163
h8_day14,8,124,False,optimal,0.0,0.1359996795654297,0.1929365000105463,4616,366,5023
h8_day14,8,125,False,optimal,0.0,0.13399887084960938,0.19607990002259612,4572,322,5039
h8_day14,8,126,False,optimal,0.0,0.10300064086914062,0.16548510000575334,4620,370,5018
h8_day14,8,127,False,optimal,0.0,0.16300010681152344,0.23543580001569353,4622,372,5086
h8_day14,8,128,False,optimal,0.0,0.0970001220703125,0.16018320000148378,4594,344,4950
h8_day14,8,129,False,optimal,0.0,0.09300041198730469,0.16028660000301898,4591,341,4974
h8_day14,8,130,False,optimal,0.0,0.1620006561279297,0.23581949999788776,4698,448,5039
h8_day14,8,131,False,optimal,0.0,0.06599998474121094,0.13053909997688606,4673,423,5057
h8_day14,8,132,False,optimal,0.0,0.08699989318847656,0.15164990001358092,4572,322,4846
h8_day14,8,133,False,optimal,0.0,0.05900001525878906,0.12022690000594594,4584,334,4897
h8_day14,8,134,False,optimal,0.0,0.04199981689453125,0.1075626999954693,4406,156,4609
h8_day14,8,135,False,optimal,0.0,0.033000946044921875,0.08968330000061542,4357,107,4546
h8_day14,8,136,False,optimal,0.0,0.025999069213867188,0.08006019997992553,4355,105,4523
h8_day14,8,137,False,optimal,0.0,0.010000228881835938,0.06143049997626804,4306,56,4449
h8_day14,8,138,False,optimal,0.0,0.01599884033203125,0.0687012999842409,4305,55,4437
h8_day14,8,139,False,optimal,0.0,0.010000228881835938,0.14739659999031574,4282,32,4421
